HubID,CenterType,Latitude,Longitude,Status,HubName,hubzonename,cityname,statename,IsActive,pincode,AreaCode,country
994,RSC,30.1437311,74.212431,Approved,Abohar,North,Abohar,PUNJAB,TRUE,152116,RSC/Abohar,India
7190,RSC,26.16218333,80.17420667,Approved,Patara,North,Ghatampur,UTTAR PRADESH,TRUE,209206,,India
5616,RSC,10.727983,77.892326,Approved,Aravakurichi,South-2,Karur,TAMIL NADU,TRUE,639205,,India
5731,RSC,10.592272,77.200254,Approved,Ganapathipuram,South-2,Udumalpet,TAMIL NADU,TRUE,642122,,India
9434,SC,12.462272,75.948927,Approved,KLR/KLR/LM1,South-2,MADIKERI,KARNATAKA,TRUE,571234,4th Block KHB Colony,India
4138,RSC,15.3332333,74.7654633,Approved,Haliyal,South-2,HALIYAL,KARNATAKA,TRUE,581329,,India
9499,RSC,8.6189691,76.9015288,Approved,POT/KOD/LM1,South-2,Kazhakkoottam,KERALA,TRUE,695584,    near Graminbank,India
9297,RSC,17.48455833,78.32712833,Approved,HYD/CHN/RP,South-1,Hyderabad,TELANGANA,TRUE,500050,lingampally,India
3441,RSC,23.1616,79.8994,Approved,Garha,Central,GARHA,MADHYA PRADESH,TRUE,482003,KRD,India
7042,RSC,10.1085,78.5973,Approved,Vengalapuram,South-2,THIRUPPATHUR,TAMIL NADU,TRUE,635653,,India
9726,RSC,18.9721166,76.3727858,Approved,AMN/SSL/LM1,West,AHILYANAGAR,MAHARASHTRA,TRUE,431128,Sirsala,India
940,RSC,29.9781155,75.3982741,Approved,Mansa,North,Mansa,PUNJAB,TRUE,151505,RSC/Mansa,India
1945,RSC,16.0114981,80.9177113,Approved,Avanigadda,South-1,AVANIGADDA,ANDHRA PRADESH,TRUE,521121,RSC/Avanigadda,India
524,RSC,17.8417578,78.6878873,Approved,Gajwel,South-1,Gajwel,TELANGANA,TRUE,502278,RSC/Gajwel,India
10005,RSC,9.905303,78.115034,Approved,PDY/VIR/LM1,South-2,PONDICHERRY,Puducherry,TRUE,605110,VILLIANUR,India
10013,RSC,29.41138,75.12132,Approved,TTU/SAH/LM1,North,Talwandi,PUNJAB,TRUE,151507,Sardulgarh,India
6472,SC,22.514667,88.273833,Approved,BLA/PCK,East,BATANAGAR,WEST BENGAL,TRUE,700142,BNR,India
6362,RSC,22.528445,92.8962,Approved,LAWNGTLAI,North East,Lawngtlai,MIZORAM,TRUE,796891,,India
9767,RSC,25.2797677,80.5880215,Approved,ART/MUR/LM1,North,Atarra,UTTAR PRADESH,TRUE,210201,Musanagar,India
1228,RSC,9.1722354,77.8696302,Approved,Kovilpatti,South-2,KOVILPATTI,TAMIL NADU,TRUE,628501,RSC/Kovilpatti,India
3078,RSC,12.047,78.4833,Approved,Harur,South-2,HARUR,TAMIL NADU,TRUE,636903,,India
9556,Hub PC,19.4240312,72.8768722,Approved,BOM/VSA/FM1,West,Palghar,MAHARASHTRA,TRUE,401208,Vasai East,India
4120,RSC,18.846965,77.53341333,Approved,Naigaon,West,Naigaon,MAHARASHTRA,TRUE,431709,,India
2410,RSC,18.89637,77.84285667,Approved,Dharmabad,West,dharmabad,MAHARASHTRA,TRUE,431809,,India
4235,RSC,18.7823383,77.713735,Approved,Bhiloli,West,Bhiloli,MAHARASHTRA,TRUE,431710,,India
6118,RSC,18.9645486,77.2970635,Approved,Kautha,West,Nanded,MAHARASHTRA,TRUE,431746,,India
3535,RSC,18.87316274,77.18330535,Approved,Kandhar,West,Kandhar,MAHARASHTRA,TRUE,431714,,India
1976,RSC,18.7082843,76.9423939,Approved,Ahmedpur,West,Ahmedpur,MAHARASHTRA,TRUE,413515,RSC/Ahmedpur,India
9839,RSC,19.1518633,77.3321733,Approved,NED/DNA/LM1,West,Nanded,MAHARASHTRA,TRUE,431603,Degloor Naka,India
6039,RSC,19.15917167,77.32875167,Approved,Nanded MIDC,West,Nanded,MAHARASHTRA,TRUE,431605,NMC,India
9937,Hub PC,19.1949213,77.2788085,Approved,NED/BES/PC1,West,Nanded,MAHARASHTRA,TRUE,431605,Bharat e square,India
2257,RSC,23.3808983,87.796652,Approved,Guskara,East,Burdwan,WEST BENGAL,TRUE,713128,RSC/Guskara,India
3081,RSC,22.2994,88.1487,Approved,Diamond Harbour1,East,Diamond Harbour,WEST BENGAL,TRUE,743331,,India
9991,RSC,19.595992,80.222941,Approved,ETA/ETA/LM1,Central,Gadchiroli,MAHARASHTRA,TRUE,442704,Etapalli,India
10056,RSC,20.357306,85.820679,Approved,BBN/KIT/LM1,East,Bhubaneswar,Odisha,TRUE,751024,KIIT,India
9715,RSC,28.515945,77.17749,Approved,DEL/MEI/LM1,North,Delhi NCR,DELHI,TRUE,110030,MEHRAULI,India
10058,Hub PC,28.8,76.12,Approved,BWN/TRD/PC1,North,Bhiwani,HARYANA,TRUE,127020,TOSAM ROAD,India
10059,Hub PC,29.51825,75.032056,Approved,SRS/JPM/PC1,North,Sirsa,HARYANA,TRUE,125055,Jagdambe Paper mile road,India
10037,SC,16.578312,75.963799,Approved,BVI/BBI/LM1,South-2,BASAVANA BAGEWADI,KARNATAKA,TRUE,586203,Basavana Bagewadi,India
10057,RSC,30.179686,78.161647,Approved,RSK/AIR/LM1,North,Rishikesh,UTTARAKHAND,TRUE,248145,Ranipokhri Airport,India
6438,RSC,27.9863383,94.2297217,Approved,DAPORIJO,North East,Daporijo,ARUNACHAL PRADESH,TRUE,791122,,India
760,RSC,17.91488,76.931367,Approved,Alibaug,West,Alibaug,MAHARASHTRA,TRUE,402207,RSC/Alibaug,India
2473,RSC,26.446346,85.6607145,Approved,Pupri,East,Pupri,BIHAR,TRUE,843333,,India
9740,RSC,26.396439,83.841502,Approved,DOA/KKU/LM1,North,Deoria,UTTAR PRADESH,TRUE,274182,Khukhndu,India
1413,RSC,21.76,68.94,Approved,Chandurbazar,Central,Chandurbazar,MAHARASHTRA,TRUE,444704,RSC/Chandurbazar,India
6945,RSC,12.12997222,77.90291667,Approved,Pennagaram,South-2,Dharmapuri,TAMIL NADU,TRUE,636810,,India
2153,Hub,22.334111,70.845139,Approved,RKT/RTO,West,Rajkot,GUJARAT,TRUE,360003,TNR,India
9017,RSC,12.91965427,77.49966145,Approved,Dummy test live FMS,West,PUNE,MAHARASHTRA,TRUE,999002,IT park,India
6134,RSC,9.7765216,76.43845,Approved,THALAYOLAPARAMBU,South-2,Kottayam,KERALA,TRUE,686605,,India
6743,RSC,23.1516,84.7316,Approved,Sisai,East,Sisai,JHARKHAND,TRUE,642252,,India
9610,RSC,21.0116827,75.2747858,Approved,ERD/DRN/LM1,West,Erandol,MAHARASHTRA,TRUE,425104,Dharngaon?,India
2590,RSC,23.0281583,84.5525417,Approved,Gumla1,East,Gumla,JHARKHAND,TRUE,835207,,India
6419,RSC,25.1652,86.9741,Approved,Akbarnagar,East,Akbarnagar,BIHAR,TRUE,812005,,India
6517,RSC,28.36239833,75.593325,Approved,Hamirwas,North,Churu,RAJASTHAN,TRUE,331305,,India
10055,RSC,12.222595,75.166562,Approved,CHE/KSR/LM1,South-2,PAYYANNUR,KERALA,TRUE,671313,"Mangalalayam Coplex,Ponmalam,Kuttamath,Cheruvathur,671313",India
9736,WH,18.535,73.899,Approved,TestDummyDeactivationCluster,West,PUNE,MAHARASHTRA,TRUE,999002,Pune,India
857,RSC,25.913028,93.724925,Approved,Dimapur,North East,DIMAPUR,NAGALAND,TRUE,797112,RSC/Dimapur,India
10054,SC,12.9384722,77.7439444,Approved,BLR/VGP/LM1,South-2,BANGALORE,KARNATAKA,TRUE,560087,Varthur,India
10053,Terminal,8.81552,78.126468,Approved,TUT/TUT/LM1,South-2,Tuticorin,TAMIL NADU,TRUE,628002,Tuticorin,India
9278,SC,12.91965427,77.48768806,Approved,DummyTest25,West,PUNE,MAHARASHTRA,TRUE,999002,Pune,India
9650,SC,12.91965427,77.49966145,Approved,DummyTestApproval01,West,PUNE,MAHARASHTRA,TRUE,999002,Dummy,India
9235,SC,18.562159,73.784004,Approved,DummySTest,West,PUNE,MAHARASHTRA,TRUE,999002,Pune,India
10011,WMS,23.434355,45.42424,Approved,DummyTestingHub,South-1,Hyderabad,TELANGANA,TRUE,556661,Testing,India
9666,SC,20,70,Approved,DummyValmoFacility02,North,Rewari,HARYANA,TRUE,999007,Dummy,India
10022,WMS,12.91973622,77.49300964,Approved,DummyKomalFacility,West,PUNE,MAHARASHTRA,TRUE,999002,Dummyy,India
10024,SC,12.91588964,77.5135231,Approved,GeoFacilityDummy,West,PUNE,MAHARASHTRA,TRUE,999002,Dummy Facility,India
9745,WMS,18.5768,73.9126,Approved,DummyTrackon01,West,PUNE,MAHARASHTRA,TRUE,999002,Dummy,India
9823,SC,18.5196,73.8557,Approved,SQSTestDummy01,West,PUNE,MAHARASHTRA,TRUE,999002,Dummy test,India
2274,Hub,13.1399233,77.8331583,Approved,BLR/DMG,South-2,BANGALORE,KARNATAKA,TRUE,561000,HOE,India
2715,RSC,23.53739667,88.546435,Approved,Dhubulia,East,Dhubulia,WEST BENGAL,TRUE,741139,,India
3049,RSC,11.9791,78.2513,Approved,Bommidi,South-2,BOMMIDI,TAMIL NADU,TRUE,635301,,India
1991,RSC,23,67,Approved,Kalidindi,South-1,KALIDINDI,ANDHRA PRADESH,TRUE,521344,RSC/Kalidindi,India
6976,SC,28.9487083,77.67678,Approved,MRT/PCK,North,Meerut,UTTAR PRADESH,TRUE,250002,RPM,India
1930,SC,27.4857679,77.6491228,Approved,MATHURA,North,Mathura,UTTAR PRADESH,TRUE,281004,MTR,India
142,SC,28.8346438,78.7497612,Approved,MORADABAD,North,Moradabad,UTTAR PRADESH,TRUE,244001,MBD,India
195,SC,29.9383929,77.5298776,Approved,SAHARANPUR,North,SAHARANPUR,UTTAR PRADESH,TRUE,247001,SRN,India
7270,SC,28.7472967,77.7739833,Approved,Hapur SVC,North,Hapur,UTTAR PRADESH,TRUE,245101,HPRC,India
3621,RSC,29.3038434,78.5179701,Approved,Dhampur,North,DHAMPUR,UTTAR PRADESH,TRUE,246761,,India
7296,SC,28.24482,77.8714633,Approved,Khurja SVC,North,Khurja,UTTAR PRADESH,TRUE,203131,KHUS,India
203,SC,28.3859186,79.4000146,Approved,Bareilly,North,Bareilly,UTTAR PRADESH,TRUE,243122,BRL,India
7076,SC,28.859165,77.5946867,Approved,Modinagar/GZB,North,Modinagar,UTTAR PRADESH,TRUE,201204,Modinagar/GZB,India
5682,RSC,27.4843077,77.4196164,Approved,Goverdhan,North,CHHATA,UTTAR PRADESH,TRUE,281502,,India
9488,SC,26.8177654,93.5219859,Approved,GPR/GPR/LM1,North East,GOHPUR,ASSAM,TRUE,784168,"Near?Gohpur?Medical ,?Gohpur, Assam",India
1558,RSC,19.9103133,72.9528717,Approved,Dahanu,West,Dahanu,MAHARASHTRA,TRUE,401602,RSC/Dahanu,India
9182,SC,22.619928,84.504175,Approved,SMD/SMD/LM,East,Simdega,JHARKHAND,TRUE,835223,Simdega,India
9585,RSC,19.7907682,72.7602105,Approved,PGH/TPU/LM1,West,Palghar,MAHARASHTRA,TRUE,401501,TARAPUR,India
7104,SC,18.5793766,73.8981845,Approved,PNQ/VSW,West,PUNE,MAHARASHTRA,TRUE,411032,TNR4,India
9721,RSC,26.635619,85.761557,Approved,SMI/SUD/LM1,East,SITAMARHI,BIHAR,TRUE,843331,Sursand,India
10036,RSC,25.526724,91.819147,Approved,SHL/MAH/LM1,North East,Shillong,MEGHALAYA,TRUE,793009,MAWNIANGLAH,India
9270,RSC,29.69919,77.67948,Approved,RRK/DEB/LM,North,Roorkee,UTTARAKHAND,TRUE,247554,Deoband,India
1722,RSC,21.76,68.94,Approved,Atela,North,Atela,HARYANA,TRUE,127306,RSC/Atela,India
1771,RSC,21.76,68.94,Approved,Modinagar,North,Modinagar,UTTAR PRADESH,TRUE,201204,RSC/Modinagar,India
3260,RSC,28.14457,77.52214,Approved,Khurja,North,Khurja,UTTAR PRADESH,TRUE,203131,,India
3371,RSC,30.323309,74.923952,Approved,Goniana,North,Goniana,PUNJAB,TRUE,151201,,India
6502,RSC,29.8997,74.0188,Approved,Srikaranpur,North,Chunawadh,RAJASTHAN,TRUE,335073,,India
977,RSC,16.367497,73.863035,Approved,Badayun,North,Badayun,UTTAR PRADESH,TRUE,243601,RSC/Badayun,India
4357,RSC,30.43942,79.29172,Approved,Chamoli,North,Chamoli,UTTARAKHAND,TRUE,246401,,India
1168,RSC,21.27,71.9,Approved,Muktsar,North,Muktsar,PUNJAB,TRUE,152031,RSC/Muktsar,India
2957,RSC,30.188111,74.499472,Approved,Malout1,North,MALOUT,PUNJAB,TRUE,152107,,India
4201,RSC,30.403648,74.027962,Approved,Fazilka,North,Fazilka,PUNJAB,TRUE,152123,,India
2736,RSC,28.9457521,77.2193375,Approved,Baghpat1,North,BAGHPAT,UTTAR PRADESH,TRUE,250609,,India
2941,RSC,27.6919419,76.3490575,Approved,Bansur,North,Bansur,RAJASTHAN,TRUE,301402,,India
3975,RSC,29.059,78.627998,Approved,Kanth,North,Kanth,UTTAR PRADESH,TRUE,244501,,India
1208,RSC,21.27,71.9,Approved,Pantnagar,North,Pantnagar,UTTARAKHAND,TRUE,263148,RSC/Pantnagar,India
3711,RSC,27.5792901,76.0848709,Approved,Paota,North,Paota,RAJASTHAN,TRUE,303106,,India
3510,RSC,29.6286754,74.3185103,Approved,Sangaria2,North,SANGARIA,HARYANA,TRUE,335063,,India
4379,RSC,29.3991066,78.595428,Approved,Sherkot,North,Sherkot,UTTAR PRADESH,TRUE,246722,,India
4014,RSC,27.51434,79.03725,Approved,Jaithra,North,Jaithra,UTTAR PRADESH,TRUE,207249,,India
3142,RSC,29.533305,75.016695,Approved,Odhan,North,Odhan,HARYANA,TRUE,125201,,India
2953,RSC,27.933743,76.853127,Approved,Tijara,North,Tijara,RAJASTHAN,TRUE,301411,,India
2845,RSC,27.80266,78.64151,Approved,Kasganj1,North,KASGANJ,UTTAR PRADESH,TRUE,207123,,India
2500,RSC,29.157066,79.147266,Approved,Bazpur,North,Bazpur,UTTARAKHAND,TRUE,262401,,India
1291,RSC,21.27,71.9,Approved,Dahina,North,DAHINA,HARYANA,TRUE,123027,RSC/Dahina,India
1631,RSC,21.76,71.67,Approved,Hathras1,North,Hathras,UTTAR PRADESH,TRUE,204215,RSC/Hathras1,India
668,RSC,28.590361,78.571763,Approved,Shambhal,North,Shambhal,UTTAR PRADESH,TRUE,244303,RSC/Shambhal,India
1126,RSC,30.1953797,74.9472473,Approved,Patran,North,Patran,PUNJAB,TRUE,147105,RSC/Patran,India
2011,RSC,28.53238,78.27272,Approved,Amroha1,North,Amroha,UTTAR PRADESH,TRUE,244221,RSC/Amroha1,India
1574,RSC,21.76,71.67,Approved,Talwandi Sabo,North,Talwandi,PUNJAB,TRUE,151502,RSC/Talwandi Sabo,India
996,RSC,18.975808,73.965371,Approved,Tibbi,North,TIBBI,HARYANA,TRUE,335525,RSC/Tibbi,India
4732,RSC,30.271597,75.23732,Approved,Rampura Phul,North,Rampura Phul,PUNJAB,TRUE,151103,,India
6440,RSC,30.1665,76.7096,Approved,Thol,North,Thol,HARYANA,TRUE,136136,,India
6621,RSC,29.3868702,79.459833,Approved,Nainital 1,North,Nainital,UTTARAKHAND,TRUE,263132,,India
6180,RSC,27.710951,77.937683,Approved,Iglas,North,Aligarh,UTTAR PRADESH,TRUE,202124,,India
6692,RSC,28.0359,77.2319,Approved,Hathin,North,Palwal,HARYANA,TRUE,121103,,India
6385,RSC,28.0262,79.4057,Approved,Dataganj,North,Badayun,UTTAR PRADESH,TRUE,243635,,India
5106,SC,30.2742132,77.9882001,Approved,DDN/EHV,North,Dehradun,UTTARAKHAND,TRUE,248001,DDN/EHV,India
6667,RSC,25.351,82.7692,Approved,Sewapuri,North,VARANASI,UTTAR PRADESH,TRUE,221405,,India
6588,RSC,29.28222,80.17012,Approved,Champawat,North,Champawat,UTTARAKHAND,TRUE,262523,,India
6613,RSC,29.92,79.62,Approved,Baijnath UK,North,Baijnath UK,UTTARAKHAND,TRUE,263641,,India
6612,RSC,29.8404,79.7694,Approved,Bageshwar,North,Bageshwar,UTTARAKHAND,TRUE,263642,,India
6927,RSC,29.346082,79.551914,Approved,Bhimtal,North,Nainital,UTTARAKHAND,TRUE,263136,,India
9725,RSC,25.67541,83.37993,Approved,GZR/MAI/LM1,North,Ghazipur,UTTAR PRADESH,TRUE,275205,Manihari,India
4612,RSC,28.84815,75.5464,Approved,Bawani Khera,North,Bawani Khera,HARYANA,TRUE,127032,,India
9676,RSC,27.49187,77.4465,Approved,CHJ/GVN/LM1,North,CHHATA,UTTAR PRADESH,TRUE,281502,Barsana By Pass,India
6633,RSC,28.10773,79.56805,Approved,Fatehganj,North,Bareilly,UTTAR PRADESH,TRUE,243501,,India
989,RSC,14.550632,73.965371,Approved,Gajrola,North,Gajrola,UTTAR PRADESH,TRUE,244235,RSC/Gajrola,India
2707,RSC,29.0216539,73.0788877,Approved,Gharsana,North,GHARSANA,RAJASTHAN,TRUE,335707,,India
5380,RSC,29.121574,76.39772,Approved,Jullana,North,Julana,HARYANA,TRUE,126101,,India
3906,RSC,30.2646271,79.2143931,Approved,Karanpryag,North,Karnaprayag,UTTARAKHAND,TRUE,246444,Karanprag,India
2642,RSC,28.921,79.9847,Approved,Khatima,North,khatima,UTTARAKHAND,TRUE,262308,,India
2799,RSC,28.4024866,76.479208,Approved,Kosli,North,KOSLI,HARYANA,TRUE,123302,,India
9712,RSC,28.771516,77.512065,Approved,MDN/MDR/LM1,North,Modinagar,UTTAR PRADESH,TRUE,201206,MURADNAGAR,India
4625,RSC,28.30532,78.03527,Approved,Shikaarpur UP,North,Shikaarpur UP,UTTAR PRADESH,TRUE,203395,,India
3687,RSC,29.216748,76.143615,Approved,Narnaund,North,Narnaund,HARYANA,TRUE,125029,,India
9249,RSC,30.143254,78.9791102,Approved,PTN/PTN/LM1,North,Pauri Garhwal,UTTARAKHAND,TRUE,246123,Paithani,India
649,RSC,28.1979756,76.7863078,Approved,Taranagar,North,Taranagar,RAJASTHAN,TRUE,331304,RSC/Taranagar,India
4780,RSC,28.071663,76.580947,Approved,Bawal,North,Rewari,HARYANA,TRUE,123501,,India
9704,RSC,27.891063,79.191011,Approved,BDY/KAA/LM1,North,Badayun,UTTAR PRADESH,TRUE,243637,Kakrala,India
9775,RSC,29.9780688,77.6639337,Approved,SRN/GAI/LM1,North,SAHARANPUR,UTTAR PRADESH,TRUE,247669,GAGHALEHRI,India
3620,RSC,29.101719,75.1711019,Approved,Anupshahar,North,ANUPSHAHAR,UTTAR PRADESH,TRUE,203390,,India
9059,SC,28.194502,76.594149,Approved,Rewari-1,North,Rewari,HARYANA,TRUE,123401,Rewari,India
7187,RSC,28.8263,78.6721,Approved,Pakwada,North,Moradabad,UTTAR PRADESH,TRUE,244001,,India
7116,RSC,29.941095,77.812424,Approved,Bhagwanpur UK,North,Roorkee,UTTARAKHAND,TRUE,247661,,India
6294,RSC,28.8792083,79.2578033,Approved,Bilashpur UP,North,Rampur,UTTAR PRADESH,TRUE,244921,,India
9382,RSC,28.9123267,78.69027,Approved,KNT/AWP/LM1,North,Kanth,UTTAR PRADESH,TRUE,244504,Agwanpur,India
4321,RSC,28.91368833,79.50951167,Approved,Lalkuan,North,LALKUAN,UTTARAKHAND,TRUE,262402,,India
4320,RSC,29.28497167,78.28424167,Approved,Haldaur,North,Haldaur,UTTAR PRADESH,TRUE,246726,,India
6716,RSC,29.2825717,78.8249683,Approved,Jaspur UK,North,Jaspur UK,UTTARAKHAND,TRUE,244712,,India
1029,RSC,14.550632,76.641358,Approved,Etah,North,Etah,UTTAR PRADESH,TRUE,207001,RSC/Etah,India
398,RSC,28.632986,77.219374,Approved,RSC/Hanumangarh,North,Hanumangarh,RAJASTHAN,TRUE,335512,RSC/Hanumangarh,India
6286,RSC,27.8920015,78.1108329,Approved,Kashimpur,North,Aligarh,UTTAR PRADESH,TRUE,202127,,India
9663,Hub TSP,28.092117,76.589111,Approved,BWL/BWL/BB1,North,Rewari,HARYANA,TRUE,123501,BAWAL,India
137,SC,28.8672758,76.5720631,Approved,ROHTAK,North,Rohtak,HARYANA,TRUE,124001,RTK,India
1931,SC,28.9759578,79.379487,Approved,Rudrapur,North,Rudrapur,UTTARAKHAND,TRUE,263152,RDP,India
141,SC,30.2741874,77.9884715,Approved,DEHRADUN,North,Dehradun,UTTARAKHAND,TRUE,248001,DDN,India
228,SC,27.8651549,78.1226318,Approved,ALIGARH,North,Aligarh,UTTAR PRADESH,TRUE,202002,ALG,India
405,SC,29.2021402,79.4885921,Approved,Haldwani,North,Haldwani,UTTARAKHAND,TRUE,263139,HWN,India
367,SC,28.8008024,76.1272002,Approved,BHIWANI,North,Bhiwani,HARYANA,TRUE,127021,BWN,India
2107,SC,29.4731471,77.7370492,Approved,Muzaffarnagar,North,Muzaffarnagar,UTTAR PRADESH,TRUE,251001,MZFN,India
5197,SC,29.0037255,77.7637375,Approved,MRT/GNG,North,Meerut,UTTAR PRADESH,TRUE,250001,MRT/GNG,India
6582,RSC,29.64388362,79.42859637,Approved,Ranikhet,North,Ranikhet,UTTARAKHAND,TRUE,263645,,India
191,SC,28.94879,77.6766217,Approved,Meerut,North,Meerut,UTTAR PRADESH,TRUE,250001,MRT,India
6583,RSC,29.9348997,78.7410342,Approved,Satpuli UK,North,SATPULI,UTTARAKHAND,TRUE,246167,,India
4242,RSC,28.1091242,76.8296353,Approved,Tapukara,North,Tapukara,RAJASTHAN,TRUE,301707,,India
187,SC,30.9633363,74.6038872,Approved,Ferozepur,North,Ferozepur,PUNJAB,TRUE,152001,FZR,India
596,RSC,28.2416567,76.13835,Approved,Mahendergarh,North,Narnaul,HARYANA,TRUE,123029,RSC/Mahendergarh,India
6387,RSC,28.73376903,79.31559366,Approved,Sheeshgarh,North,Bareilly,UTTAR PRADESH,TRUE,243505,,India
6389,RSC,28.63567667,75.61514167,Approved,Bahal,North,Bahal,HARYANA,TRUE,127028,,India
658,SC,29.8979253,73.877514,Approved,SriGanganagar,North,Sriganganagar,RAJASTHAN,TRUE,355001,SGG,India
670,RSC,28.3903567,78.0024812,Approved,Bulandshahr,North,Bulandshahr,UTTAR PRADESH,TRUE,203001,RSC/Bulandshahr,India
2054,SC,30.3102477,77.9055767,Approved,SELAQUI,North,Dehradun,UTTARAKHAND,TRUE,248007,DNSQ,India
9899,RSC,28.1072296,77.7362303,Approved,KHU/CHN/LM1,North,Khurja,UTTAR PRADESH,TRUE,202132,CHANDAUS,India
9947,Hub PC,28.8673186,76.572045,Approved,RTK/ROK/FM1,North,Rohtak,HARYANA,TRUE,124001,"Khatoni Number 901, Plot Number 18, Balchand Chowk Sunariya Road, Rohtak, Haryana, 124001",India
9954,RSC,26.37530167,81.27720833,Approved,RBL/MAJ/LM1,North,Raebareli,UTTAR PRADESH,TRUE,229306,Maharajganj,India
9960,RSC,31.8244182,75.2004815,Approved,BAT/WDG/LM1,North,AMRITSAR,PUNJAB,TRUE,143506,WADALA GRANTHIYAN,India
9969,RSC,27.9189183,79.2456433,Approved,BDN/UST/LM1,North,Badayun,UTTAR PRADESH,TRUE,243641,Usahait,India
9982,RSC,31.7763523,74.7759977,Approved,ATQ/CAA/LM1,North,AMRITSAR,PUNJAB,TRUE,143102,CHOGAWAN AJNALA,India
9981,RSC,30.3334929,78.082442,Approved,DDN/NIT/LM1,North,Dehradun,UTTARAKHAND,TRUE,248008,Nalapani IT park,India
9467,SC,28.3545269,78.2627647,Approved,ASR/ASR/LM1,North,ANUPSHAHAR,UTTAR PRADESH,TRUE,203390,naheru Gaj,India
9496,SC,30.1983873,74.49213352,Approved,MLT/MLT/LM1,North,MALOUT,PUNJAB,TRUE,152107,MALOUT,India
9514,SC,30.401905,74.03230833,Approved,FZK/FZK/LM1,North,Fazilka,PUNJAB,TRUE,152123,Fazilka,India
9527,RSC,30.4521609,74.8887187,Approved,JUT/JUT/LM1,North,Jaitu,PUNJAB,TRUE,151202,JAITU,India
9532,SC,28.035225,79.1371409,Approved,BDN/BDN/LM1,North,Badayun,UTTAR PRADESH,TRUE,243601,Nagla gate,India
9563,SC,28.5757967,78.5721183,Approved,SBL/SBL/LM1,North,Shambhal,UTTAR PRADESH,TRUE,244302,Shambhal,India
9572,SC,28.6107323,76.6556626,Approved,JJR/JJR/LM1,North,Jhajjar,HARYANA,TRUE,124103,Jhajjar,India
9608,RSC,27.88967833,78.03511167,Approved,ALG/ALG/LM1,North,Aligarh,UTTAR PRADESH,TRUE,202002,Aligarh,India
9677,RSC,28.92506637,78.25099684,Approved,GRJ/CSR/LM1,North,Gajrola,UTTAR PRADESH,TRUE,244235,Siyan Chandpur,India
9754,RSC,27.9457977,77.8504947,Approved,KRP/KAR/LM1,North,Khair UP,UTTAR PRADESH,TRUE,202138,Khair,India
9756,RSC,28.9422967,77.2303983,Approved,BPT/BAT/LM1,North,BAGHPAT,UTTAR PRADESH,TRUE,250609,BAGHPAT,India
9781,RSC,30.1374284,78.7885244,Approved,DEG/DEG/LM1,North,DEV PRAYAG,UTTARAKHAND,TRUE,249301,Devprayag,India
9832,RSC,27.43334333,77.70477667,Approved,MAT/MTP/LM1,North,Mathura,UTTAR PRADESH,TRUE,281006,Mathura township,India
2812,RSC,28.95358,77.7252817,Approved,Meerut1,North,Meerut,UTTAR PRADESH,TRUE,250004,,India
2865,RSC,28.2693677,79.1684153,Approved,Aonla,North,AONLA,UTTAR PRADESH,TRUE,243301,,India
2956,RSC,30.4983898,74.1972904,Approved,Rupana,North,Rupana,PUNJAB,TRUE,152024,,India
2943,RSC,29.3318515,79.0609303,Approved,Ramnagar2,North,Ramnagar,UTTARAKHAND,TRUE,244715,,India
3192,RSC,29.06356,80.10326333,Approved,Tanakpur,North,TANAKPUR,UTTARAKHAND,TRUE,262309,,India
3667,RSC,28.92237,79.71291667,Approved,Sitarganj,North,SITARGANJ,UTTARAKHAND,TRUE,262405,Sitargang,India
3671,RSC,29.01375167,77.64994667,Approved,Modipuram,North,MODIPURAM,UTTAR PRADESH,TRUE,250001,,India
4020,RSC,28.0237353,78.2902421,Approved,Atrauli,North,Atrauli,UTTAR PRADESH,TRUE,202281,,India
3074,RSC,30.4624001,77.7668133,Approved,Herbertpur,North,HARBERTPUR,UTTARAKHAND,TRUE,248125,,India
4132,RSC,29.9262283,78.0992683,Approved,Haridwar1,North,Haridwar,UTTARAKHAND,TRUE,249407,,India
4131,RSC,27.96198702,76.37429875,Approved,Shahjhapur RJ,North,Shahjhapur RJ,RAJASTHAN,TRUE,301706,,India
4227,RSC,28.2246569,78.2154334,Approved,Debai,North,Debai,UTTAR PRADESH,TRUE,202393,,India
7297,SC,28.4153067,77.821175,Approved,Bulandshahr SVC,North,Bulandshahr,UTTAR PRADESH,TRUE,203001,BLNH,India
7298,SC,28.9042967,78.4847733,Approved,Amroha SVC,North,Amroha,UTTAR PRADESH,TRUE,244221,AMHA,India
7315,SC,29.0600496,78.633422,Approved,Kanth SVC,North,Kanth,UTTAR PRADESH,TRUE,203131,KNVC,India
7316,SC,27.576495,77.9511917,Approved,Hathras SVC,North,Hathras,UTTAR PRADESH,TRUE,204101,HHRS,India
9016,SC,27.572945,78.64960667,Approved,Etah-SVC,North,Etah,UTTAR PRADESH,TRUE,207001,Asrauli Etah,India
9041,SC,29.39437192,79.44316483,Approved,Nainital/SVC,North,Nainital,UTTARAKHAND,TRUE,263002,Nainital,India
9109,SC,30.4269147,75.2251999,Approved,BHAI RUPA SALABATPURA SVC,North,Bhatinda,PUNJAB,TRUE,151106,BHAI RUPA SALABATPURA,India
9239,RSC,30.0387193,79.516325,Approved,KSR/TRL/LM1,North,Chamoli,UTTARAKHAND,TRUE,246481,Tharali?,India
9257,RSC,30.1034942,78.8702882,Approved,PRG/PAB/LM,North,Pauri Garhwal,UTTARAKHAND,TRUE,246164,Pabo,India
9271,RSC,29.6991883,77.6794644,Approved,RRK/DBN/LM1,North,SAHARANPUR,UTTAR PRADESH,TRUE,247554,Deoband,India
9359,RSC,29.5322029,77.553468,Approved,MZN/CHL/LM1,North,Muzaffarnagar,UTTAR PRADESH,TRUE,251311,Charthawal?,India
9405,SC,30.46809,74.5078117,Approved,MTR/MTR/LM1,North,Muktsar,PUNJAB,TRUE,151026,MUKTSAR,India
4563,RSC,30.131485,78.786765,Approved,Pauri Garhwal,North,Pauri Garhwal,UTTARAKHAND,TRUE,246001,,India
4617,RSC,28.7883421,79.0280513,Approved,Rampur_UP1,North,Rampur,UTTAR PRADESH,TRUE,244901,,India
4618,RSC,30.2917098,77.9958244,Approved,Sewla Kalan,North,Dehradun,UTTARAKHAND,TRUE,248171,,India
5052,SC,30.3058974,78.0171508,Approved,DDN/PTL,North,Dehradun,UTTARAKHAND,TRUE,248001,DDN/PTL,India
3254,RSC,28.50927406,75.94500964,Approved,Badhara,North,Badhara,HARYANA,TRUE,127308,,India
5265,RSC,27.8375944,78.0472764,Approved,ALG/AMU,North,Aligarh,UTTAR PRADESH,TRUE,202002,,India
4003,RSC,29.7417683,78.0246517,Approved,Laksar,North,Laksar,UTTARAKHAND,TRUE,247663,,India
4240,RSC,27.8091581,76.7323698,Approved,Kishangarh Bas,North,Kishangarh Bas,RAJASTHAN,TRUE,301405,,India
269,SC,29.9000919,78.0961725,Approved,HARIDWAR,North,Haridwar,UTTARAKHAND,TRUE,249407,HDR,India
1038,RSC,27.8883391,76.2766149,Approved,RSC/Neemrana,North,Neemrana,RAJASTHAN,TRUE,301701,RSC/Neemrana,India
3451,RSC,28.9634423,76.3000331,Approved,Meham2,North,Meham,HARYANA,TRUE,124112,,India
5437,RSC,28.3903301,79.4037162,Approved,Math Laxmipur,North,Bareilly,UTTAR PRADESH,TRUE,243002,,India
6584,RSC,29.7721163,79.4225753,Approved,Chaukhutiya,North,Chaukhutiya,UTTARAKHAND,TRUE,263653,,India
6585,RSC,29.5923383,80.2234017,Approved,Pithoragarh,North,Pithoragarh,UTTARAKHAND,TRUE,262501,,India
6618,RSC,27.5824551,76.0785282,Approved,Rajnota,North,Rajnota,RAJASTHAN,TRUE,303110,,India
6580,RSC,29.3987259,80.0916934,Approved,Lohaghat,North,Lohaghat,UTTARAKHAND,TRUE,262524,,India
6581,RSC,29.59019,79.655765,Approved,Almora,North,Almora,UTTARAKHAND,TRUE,263601,,India
6587,RSC,29.7885033,79.59501,Approved,Someshwar,North,Someshwar,UTTARAKHAND,TRUE,263637,,India
6699,RSC,27.942093,76.8471875,Approved,Bibirani,North,Bibirani,RAJASTHAN,TRUE,301712,,India
6766,RSC,30.26754833,78.09548667,Approved,Miyanwala,North,Doiwala,UTTARAKHAND,TRUE,248005,,India
6767,RSC,30.1747071,78.1086127,Approved,Bhaniawala,North,Doiwala,UTTARAKHAND,TRUE,248140,,India
6797,RSC,30.0553559,79.2890029,Approved,Gairsain,North,Chamoli,UTTARAKHAND,TRUE,246428,,India
6834,RSC,29.5088933,75.445995,Approved,Fatehabad HR,North,Fatehabad HR,HARYANA,TRUE,125050,,India
5646,RSC,28.2394719,79.947513,Approved,Bishalpur,North,Pilibhit,UTTAR PRADESH,TRUE,262201,,India
5774,RSC,27.8659639,76.6067729,Approved,Ajarka,North,Ajarka,RAJASTHAN,TRUE,301401,,India
5931,RSC,27.7950667,75.9777867,Approved,Patan RJ,North,Patan,RAJASTHAN,TRUE,332718,Patan,India
5961,RSC,29.11663,78.30367667,Approved,Noorpur,North,DHAMPUR,UTTAR PRADESH,TRUE,246725,,India
6124,RSC,30.15458573,76.20187195,Approved,Samana,North,Patiala,PUNJAB,TRUE,147101,,India
6239,RSC,28.8796465,76.9228828,Approved,Kharkhoda,North,Kharkhoda,HARYANA,TRUE,131402,,India
991,RSC,28.4476491,78.7831609,Approved,Chandausi,North,Chandausi,UTTAR PRADESH,TRUE,244412,RSC/Chandausi,India
2157,SC,28.2010023,76.8249726,Approved,BHIWADI,North,BHIWADI,RAJASTHAN,TRUE,301019,BWD,India
425,RSC,30.0847337,78.2588274,Approved,RSC/Rishikesh,North,Rishikesh,UTTARAKHAND,TRUE,249202,RSC/Rishikesh,India
5644,RSC,29.7067979,73.630233,Approved,Chunawadh,North,Chunawadh,RAJASTHAN,TRUE,335041,,India
1463,RSC,29.2442772,73.5211835,Approved,Shri Vijaynagar,North,Shri Vijainagar,RAJASTHAN,TRUE,335704,RSC/Shri Vijaynagar,India
993,RSC,28.7409309,77.7455242,Approved,Hapur,North,Hapur,UTTAR PRADESH,TRUE,245101,RSC/Hapur,India
679,RSC,28.5915575,76.2523135,Approved,Charkhi Dadri,North,Charkhi Dadri,HARYANA,TRUE,127306,RSC/Charkhi Dadri,India
1721,RSC,27.7375533,76.1910474,Approved,Kotputli,North,Kotputli,RAJASTHAN,TRUE,303108,RSC/Kotputli,India
850,RSC,29.44820667,74.66363333,Approved,Ellenabad,North,Fatehabad,HARYANA,TRUE,125102,RSC/Ellenabad,India
134,SC,29.130085,75.7695,Approved,HISSAR,North,Hissar,HARYANA,TRUE,125001,HIS,India
184,SC,30.2384592,74.9151705,Approved,Bathinda,North,Bhatinda,PUNJAB,TRUE,151001,KNR,India
521,RSC,30.6444831,74.7758211,Approved,Faridkot,North,Faridkot,PUNJAB,TRUE,151203,RSC/Faridkot,India
207,SC,29.8308683,77.8850867,Approved,Roorkee,North,Roorkee,UTTARAKHAND,TRUE,247667,ROR,India
1371,SC,29.1920391,78.9600505,Approved,Kashipur,North,Kashipur,UTTARAKHAND,TRUE,244713,KASH,India
1643,RSC,29.3911402,78.1458034,Approved,Bijnor1,North,Bijnor,UTTAR PRADESH,TRUE,246701,RSC/Bijnor1,India
457,RSC,29.0002083,74.82622,Approved,Nohar,North,Nohar,RAJASTHAN,TRUE,335523,RSC/Nohar,India
3664,RSC,27.56977853,77.6655644,Approved,Vrindawan,North,Vrindawan,UTTAR PRADESH,TRUE,281121,,India
4503,RSC,29.4362445,78.4384261,Approved,Nagina,North,Nagina,UTTAR PRADESH,TRUE,246762,,India
6528,RSC,28.4939,79.450015,Approved,Bhogipura,North,Bareilly,UTTAR PRADESH,TRUE,243202,,India
2868,RSC,28.3031408,78.93920671,Approved,Bisauli,North,BISAULI,UTTAR PRADESH,TRUE,243720,,India
2161,RSC,29.6028423,78.3291967,Approved,Najibabad,North,NAJIBABAD,UTTAR PRADESH,TRUE,246663,RSC/Najibabad,India
2400,RSC,29.2697031,77.7427247,Approved,Khatauli,North,Khatauli,UTTAR PRADESH,TRUE,251201,,India
2893,RSC,27.803615,76.640735,Approved,Khertal,North,Khertal,RAJASTHAN,TRUE,301404,,India
2555,RSC,27.63652,78.87493,Approved,PATIYALI,North,Patiyali,UTTAR PRADESH,TRUE,207246,,India
2916,RSC,29.5377733,73.4460217,Approved,Raisinghnagar,North,Raisinghnagar,RAJASTHAN,TRUE,335051,,India
907,RSC,29.31872833,73.90351333,Approved,Suratgarh,North,Suratgarh,RAJASTHAN,TRUE,335804,RSC/Suratgarh,India
974,RSC,28.64474333,75.37453833,Approved,Rajgarh,North,RAJGARH,RAJASTHAN,TRUE,432314,RSC/Rajgarh,India
1101,RSC,29.186215,73.2066583,Approved,Anoopgarh,North,Anoopgarh,RAJASTHAN,TRUE,335701,RSC/Anoopgarh,India
1167,RSC,29.7534299,78.5052044,Approved,Kotdwar,North,KOTDWAR,UTTARAKHAND,TRUE,246149,RSC/Kotdwar,India
1170,RSC,29.8764456,75.7900165,Approved,Lehragaga,North,Lehragaga,PUNJAB,TRUE,148031,RSC/Lehragaga,India
453,RSC,29.3110116,76.3477243,Approved,RSC/Jind,North,JIND,HARYANA,TRUE,126102,RSC/Jind,India
458,RSC,29.1010963,75.159517,Approved,Bhadra,North,Bhadra,RAJASTHAN,TRUE,335501,RSC/Bhadra,India
569,SC,27.8584434,79.8802251,Approved,Shahjahanpur,North,Shahijahanpur,UTTAR PRADESH,TRUE,242001,SPN,India
666,RSC,28.638495,79.812975,Approved,Pilibhit,North,Pilibhit,UTTAR PRADESH,TRUE,262001,RSC/Pilibhit,India
1428,RSC,29.4861701,74.0778323,Approved,Pilibanga,North,Pilibanga,RAJASTHAN,TRUE,335803,RSC/Pilibanga,India
1445,RSC,28.5370551,79.6268486,Approved,Nawabganj,North,NAWABGANJ,UTTAR PRADESH,TRUE,262406,RSC/Nawabganj,India
1624,RSC,28.4612483,75.791345,Approved,Loharu,North,Loharu,HARYANA,TRUE,127201,RSC/Loharu,India
6388,RSC,29.3210678,75.6409217,Approved,Agroha,North,Agroha,HARYANA,TRUE,125047,,India
397,RSC,28.2126867,76.613155,Approved,Rewari,North,Rewari,HARYANA,TRUE,123001,RSC/Rewari,India
547,SC,29.5182914,75.0320511,Approved,Sirsa,North,Sirsa,HARYANA,TRUE,125055,SRS,India
789,RSC,29.7138778,75.9051258,Approved,Tohana,North,TOHANA,HARYANA,TRUE,125120,RSC/Tohana,India
995,RSC,29.1316318,76.704516,Approved,Gohana,North,Gohana,HARYANA,TRUE,131301,RSC/Gohana,India
1065,RSC,29.357287,75.9050997,Approved,Barwala,North,Barwala,HARYANA,TRUE,125121,RSC/Barwala,India
1241,RSC,29.586819,76.1162473,Approved,Narwana,North,NARWANA,HARYANA,TRUE,126115,RSC/Narwana,India
9607,SC,27.801507,78.657353,Approved,KGJ/KGJ/LM1,North,KASGANJ,UTTAR PRADESH,TRUE,207123,Kutubpurpatti,India
5552,RSC,28.90890999,75.60712049,Approved,Siwani,North,Siwani,HARYANA,TRUE,127046,,India
4355,RSC,29.54175833,75.712685,Approved,Bhuna,North,Bhuna,HARYANA,TRUE,125106,,India
878,RSC,29.97143142,74.70233656,Approved,Mandi Dabwali,North,MANDI DABWALI,HARYANA,TRUE,125104,RSC/Mandi Dabwali,India
440,RSC,29.79849,76.4301407,Approved,Kaithal,North,Kaithal,HARYANA,TRUE,136027,RSC/Kaithal,India
671,RSC,29.0931865,75.9787631,Approved,Hansi,North,Hansi,HARYANA,TRUE,125033,RSC/Hansi,India
2144,RSC,30.2227114,78.7809378,Approved,Srinagargarhwal,North,Srinagar Garhwal,UTTARAKHAND,TRUE,246174,RSC/Srinagargarhwal,India
6877,RSC,30.3001,78.0038,Approved,Majra,North,Dehradun,UTTARAKHAND,TRUE,248171,,India
10000,RTO,28.477997,76.909159,Approved,DEL/GGN/RT1,North,Delhi NCR,DELHI,TRUE,122505,Gurugram,India
657,SC,29.5652574,74.3352858,Approved,Hanumangarh,North,Hanumangarh,RAJASTHAN,TRUE,305512,HNH,India
9452,SC,28.054013,76.093335,Approved,NNL/NNL/LM1,North,Narnaul,HARYANA,TRUE,123001,Narnaul,India
4570,RSC,30.129999,75.800003,Approved,Sunam,North,SUNAM,PUNJAB,TRUE,148028,,India
4142,RSC,28.6213735,77.723004,Approved,Gulawati,North,Gulawati,UTTAR PRADESH,TRUE,245408,,India
9986,RSC,29.5052109,77.5556782,Approved,MZN/PIN/LM1,North,Muzaffarnagar,UTTAR PRADESH,TRUE,251306,Pinna,India
9990,RSC,29.7855967,77.8588767,Approved,RRK/GKN/LM1,North,Roorkee,UTTARAKHAND,TRUE,247670,Gurukul Narsan,India
3700,RSC,29.09670333,78.73460167,Approved,Thakurdwara,North,Thakurdwara,UTTAR PRADESH,TRUE,244601,,India
5797,RSC,28.3244211,79.4669199,Approved,Faridpur,North,Bareilly,UTTAR PRADESH,TRUE,243123,,India
7241,RSC,28.1056,76.2801,Approved,Ateli Mandi,North,Narnaul,HARYANA,TRUE,123021,,India
9766,RSC,25.43643,82.383466,Approved,DOH/BCA/LM1,North,Bhadohi,UTTAR PRADESH,TRUE,221404,basawapur chauraha,India
7257,RSC,29.0248,79.056,Approved,Suar,North,Rampur,UTTAR PRADESH,TRUE,244924,,India
6649,RSC,28.37322,76.71561,Approved,Luhari,North,Luhari,HARYANA,TRUE,124103,,India
9940,RSC,30.3488035,78.0682721,Approved,DDN/KAN/LM1,North,Dehradun,UTTARAKHAND,TRUE,248009,Kandoli,India
6701,RSC,30.4597,77.0356,Approved,Bapoli,North,Samalkha,HARYANA,TRUE,132104,,India
9144,Hub TSP,28.455545,76.851823,Approved,DEL/FKN-TSP,North,Delhi NCR,DELHI,TRUE,122506,Farukhnagar,India
9319,Hub TSP,28.6057842,77.3156016,Approved,DEL/EST/BB,North,Delhi NCR,DELHI,TRUE,110096,Dallupura,India
7018,RSC,28.2487,77.0635,Approved,DEL/SOHNA,North,Delhi NCR,DELHI,TRUE,122103,,India
9386,SC,29.9406793,76.070473,Approved,PTA/PRN/LM1,North,Patran,PUNJAB,TRUE,147105,PATRAN ,India
6288,Hub,28.34337646,76.768292,Approved,DEL/FC2,North,Gurgaon,HARYANA,TRUE,124105,BAI,India
6145,Hub,29.10174629,29.17157747,Approved,HISSAR/HUB,North,Hissar,HARYANA,TRUE,125001,MRD,India
5676,Hub,28.18405765,28.31125177,Approved,PCK/PTD,North,Gurgaon,HARYANA,TRUE,122503,PAI,India
6989,RSC,23.0387,72.6308,Approved,Bapuganj,North,Bapuganj,UTTAR PRADESH,TRUE,212402,,India
6632,RSC,27.189,78.4823,Approved,Khairgarh,North,Firozabad,UTTAR PRADESH,TRUE,205145,,India
7126,RSC,28.5634,79.012,Approved,Shahabad Rampur,North,Rampur,UTTAR PRADESH,TRUE,244922,,India
7185,RSC,27.5767,78.4951,Approved,Nidholi Kalan,North,Etah,UTTAR PRADESH,TRUE,207122,,India
9275,RSC,28.812388,78.940095,Approved,MOR/DAL/LM1,North,Moradabad,UTTAR PRADESH,TRUE,244104,Dalpatpur,India
6261,RSC,25.7987539,82.0437433,Approved,Raniganj Thana,North,Pratapgarh,UTTAR PRADESH,TRUE,230304,,India
2788,RSC,26.492607,80.301811,Approved,Nawabganj2,North,Unnao,UTTAR PRADESH,TRUE,209859,,India
5952,RSC,25.467713,81.2860613,Approved,Pashcim Sarira,North,Allahabad,UTTAR PRADESH,TRUE,212214,,India
9792,RSC,25.329665,83.03109333,Approved,SAR/GPN/LM1,North,VARANASI,UTTAR PRADESH,TRUE,221001,ganpatnagar colony pahdiya varanasi,India
9858,RSC,25.41838764,81.91764068,Approved,ALD/JUI/LM1,North,Allahabad,UTTAR PRADESH,TRUE,211019,Junshi,India
4280,RSC,25.63220428,81.62126372,Approved,Lalgopalganj,North,Lalgopalganj,UTTAR PRADESH,TRUE,229413,,India
7312,SC,25.3936443,81.8834088,Approved,Naini SVC,North,Naini,UTTAR PRADESH,TRUE,211008,NAIV,India
9387,SC,25.5938986,81.8496067,Approved,ALD/SRN/LM1,North,Allahabad,UTTAR PRADESH,TRUE,212502,Soraon ,India
4307,RSC,25.91100133,81.5996786,Approved,Lalganj Ajhara,North,Lalganj Ajhara,UTTAR PRADESH,TRUE,230132,,India
4614,RSC,25.9440328,82.0050412,Approved,Madhavganj,North,Madhavganj,UTTAR PRADESH,TRUE,230001,,India
5013,RSC,25.7206497,81.5250778,Approved,KUNDA1,North,Kunda,UTTAR PRADESH,TRUE,230204,,India
1573,RSC,25.9191915,81.9825808,Approved,Pratapgarh1,North,Pratapgarh,UTTAR PRADESH,TRUE,230001,RSC/Pratapgarh1,India
6982,RSC,25.1744517,80.8678133,Approved,Chitrakoot Dham,North,Karwi,UTTAR PRADESH,TRUE,210205,,India
5419,RSC,25.85650833,81.49701167,Approved,Sangramgarh,North,Pratapgarh,UTTAR PRADESH,TRUE,230141,,India
6126,RSC,25.4891396,81.5808885,Approved,Charwa,North,Bharwari,UTTAR PRADESH,TRUE,212203,,India
904,RSC,25.4817835,81.8784127,Approved,ALD/SLR,North,Allahabad,UTTAR PRADESH,TRUE,211002,ALD/SLR,India
1386,SC,25.4529283,81.7685033,Approved,ALD/MPT,North,Allahabad,UTTAR PRADESH,TRUE,211011,ALD/MPT,India
3745,RSC,25.23417,82.4564,Approved,Gopiganj,North,Gopiganj,UTTAR PRADESH,TRUE,230128,,India
4646,SC,25.4121607,82.5758703,Approved,BDH/Bhadohi,North,Bhadohi,UTTAR PRADESH,TRUE,221401,BDH/Bhadohi,India
9417,SC,25.6682617,82.2010542,Approved,MDR/MDR/LM1,North,Jaunpur,UTTAR PRADESH,TRUE,222204,Mungrabadshahpur,India
3898,RSC,29.617758,74.289009,Approved,Goluwala,North,Goluwala,RAJASTHAN,TRUE,335802,,India
4442,RSC,26.606857,72.283468,Approved,Jaitsar,North,Jaitsar,RAJASTHAN,TRUE,335702,,India
5329,RSC,28.930222,74.209128,Approved,Pallu,North,Hanumangarh,RAJASTHAN,TRUE,335524,,India
5003,RSC,28.6549567,75.3831774,Approved,Sidmukh,North,RAJGARH,RAJASTHAN,TRUE,331701,,India
6936,RSC,29.0316,77.0724,Approved,Murthal,North,Sonipat,HARYANA,TRUE,131027,,India
1284,Hub PC,32.67626667,74.87149667,Approved,PCK/JMU,North,Jammu,JAMMU AND KASHMIR,TRUE,180011,KUI,India
6003,RSC,25.2137709,78.7480799,Approved,Prithvipur,Central,Prithvipur,MADHYA PRADESH,TRUE,472337,,India
6722,RSC,28.6692,77.4538,Approved,DEL/GPM,North,Delhi NCR,DELHI,TRUE,201013,,India
5301,RSC,28.54619,77.556213,Approved,Dadri,North,Delhi NCR,DELHI,TRUE,203207,,India
125,SC,28.667592,77.3729851,Approved,DEL/GZB,North,New Delhi,DELHI,TRUE,201012,DEL/GZB,India
9924,SC,30.8122733,76.9232633,Approved,PIN/PIN/LM1,North,PANCHKULA,HARYANA,TRUE,134102,Pinjore,India
10007,Hub PC,28.385495,76.710185,Approved,DEL/LUH/PC1,North,Jhajjar,HARYANA,TRUE,124108,Luhari,India
6161,RSC,25.794,78.1165,Approved,Bhitarwar,Central,Dabra,MADHYA PRADESH,TRUE,475220,BHR,India
4447,RSC,28.78,79.5,Approved,Baheri,North,Baheri,UTTAR PRADESH,TRUE,243201,,India
4072,RSC,21.822415,83.854912,Approved,Belpahar,East,Belpahar,Odisha,TRUE,768218,Belpahar,India
2714,RSC,12.48265,77.23215,Approved,BIDADI,South-2,BIDADI,KARNATAKA,TRUE,562109,,India
5714,RSC,10.998212,78.527987,Approved,Gunaseelam,South-2,Trichy,TAMIL NADU,TRUE,621217,,India
9423,SC,14.978372,75.342808,Approved,SVR/SVR/LM1,South-2,Haveri,KARNATAKA,TRUE,581118,savanur,India
3274,RSC,28.771646,77.507561,Approved,Muradnagar,North,Modinagar,UTTAR PRADESH,TRUE,201204,,India
5427,RSC,33.7919781,75.2417909,Approved,Aishmuqam,North,Anantnag,JAMMU AND KASHMIR,TRUE,192125,,India
9073,SC,9.49077823,76.52455086,Approved,CNY/CGY/LM,South-2,Tiruvella,KERALA,TRUE,686532,Changanassery,India
5591,RSC,26.4372,80.3204,Approved,KNP/JHI,North,Kanpur,UTTAR PRADESH,TRUE,208014,,India
10052,RSC,22.4478263,88.4377581,Approved,SPN/SOR/LM1,East,Kolkata,WEST BENGAL,TRUE,700150,Sonarpur,India
6481,RSC,10.014567,76.952123,Approved,ADIMALI,South-2,Adimali,KERALA,TRUE,685561,,India
969,RSC,23.5116326,77.8123269,Approved,Vidisha,Central,VIDISHA,MADHYA PRADESH,TRUE,464001,RSC/Vidisha,India
4232,RSC,17.43515833,81.77588167,Approved,RAMPACHODAVARAM,South-1,RAMPACHODAVARAM,ANDHRA PRADESH,TRUE,533288,,India
1560,RSC,15.4003567,79.5095417,Approved,Kanigiri,South-1,KANIGIRI,ANDHRA PRADESH,TRUE,523230,RSC/Kanigiri,India
5809,RSC,20.8304,81.7084,Approved,Kurud,Central,Dhamtari,CHHATTISGARH,TRUE,493663,KUD,India
9372,RSC,26.5378319,80.4736867,Approved,UNO/FAT/LM1,North,Unnao,UTTAR PRADESH,TRUE,209871,Fattepur,India
4632,RSC,24.033857,72.2378744,Approved,Chhapi,West,Palanpur,GUJARAT,TRUE,385210,CHI,India
4157,RSC,23.868257,72.2378744,Approved,Radhanpur,West,Radhanpur,GUJARAT,TRUE,385340,,India
714,RSC,19.221687,72.832883,Approved,Deesa,West,Deesa,GUJARAT,TRUE,385535,RSC/Deesa,India
4153,RSC,23.6893797,72.2378744,Approved,Harij,West,Harij,GUJARAT,TRUE,384240,,India
1632,RSC,23.7797066,72.6315939,Approved,Vadnagar,West,Vadnagar,GUJARAT,TRUE,384355,RSC/Vadnagar,India
2768,RSC,24.019381,72.7909269,Approved,Satlasana,West,Satlasana,GUJARAT,TRUE,384330,,India
4152,RSC,23.5018167,72.043855,Approved,Becharaji,West,Becharaji,GUJARAT,TRUE,384210,,India
5566,RSC,23.6454094,72.6145211,Approved,Visnagar,West,Vadnagar,GUJARAT,TRUE,384315,,India
6129,RSC,23.4766054,72.5594865,Approved,Gozaria,West,Mehsana,GUJARAT,TRUE,382825,,India
775,RSC,23.845065,72.13936167,Approved,Patan,West,Patan,GUJARAT,TRUE,384265,RSC/Patan,India
577,RSC,23.8041879,72.3724057,Approved,Unjha,West,Unjha,GUJARAT,TRUE,384170,RSC/Unjha,India
3942,RSC,24.16474,72.4121097,Approved,Palanpur1,West,Palanpur,GUJARAT,TRUE,385001,PA1,India
1939,RSC,23.60860874,72.40664559,Approved,Mehsana1,West,Mehsana,GUJARAT,TRUE,384001,ME1,India
5565,RSC,23.8936018,72.6162452,Approved,Kheralu,West,Vadnagar,GUJARAT,TRUE,384325,,India
1345,RSC,18.032005,75.208302,Approved,Temburni,West,Temburni,MAHARASHTRA,TRUE,413211,RSC/Temburni,India
5089,RSC,1233.566,1233.566,Approved,AMAZONtest,West,PUNE,MAHARASHTRA,TRUE,411014,,India
9237,RSC,20.87953,75.122007,Approved,EDL/PRL/LM1,West,Erandol,MAHARASHTRA,TRUE,425111,Parola,India
1600,RSC,21.76,71.67,Approved,Atpadi,West,Atpadi,MAHARASHTRA,TRUE,415311,RSC/Atpadi,India
2860,RSC,20.0088,86.1294,Approved,Kakatpur,East,KAKATPUR,Odisha,TRUE,752107,,India
10032,Hub PC,23.5911485,72.3768035,Approved,MHS/MHS/FM1,West,Jamnagar,GUJARAT,TRUE,384002,AMD HUB,India
4781,Hub,28.7566902,77.1597742,Approved,RTO/SWP,North,Delhi NCR,DELHI,TRUE,110042,BAI,India
9430,RSC,25.11796,81.81778,Approved,Gobolt/ZRK/HV,North,MOHALI,CHANDIGARH,TRUE,140603,GOBOLT/ZIKRAPUR,India
9357,RSC,30.56036,75.47373,Approved,LUD/BYP/LM1,North,Ludhiana,PUNJAB,TRUE,141008,VICTORIA ENCLAVE,India
546,SC,30.23143492,75.83945218,Approved,Sangrur,North,Sangrur,PUNJAB,TRUE,148001,SGR,India
4378,RSC,33.67371,75.14056,Approved,Pampore,North,Pampore,JAMMU AND KASHMIR,TRUE,191101,,India
9199,RSC,32.08523,77.10252,Approved,PAT/HAR/LM,North,PATLIKUHAL,HIMACHAL PRADESH,TRUE,175136,Haripur Market,India
592,SC,31.454477,74.921973,Approved,Tarn Taran Sahib,North,Tarn Taran Sahib,PUNJAB,TRUE,143401,TRT,India
595,RSC,28.6111038,77.0949806,Approved,Nakodar,North,Nakodar,PUNJAB,TRUE,144040,RSC/Nakodar,India
3096,RSC,31.28083,74.85722,Approved,Patti,North,Patti,PUNJAB,TRUE,143416,,India
3961,RSC,31.63398,74.872261,Approved,Kathunangal,North,Kathunangal,PUNJAB,TRUE,143502,,India
2646,RSC,34.06274,74.85261,Approved,SXR/NGM1,North,Srinagar,JAMMU AND KASHMIR,TRUE,190019,,India
1124,RSC,21.27,72,Approved,Mehta,North,Mehta,PUNJAB,TRUE,143114,RSC/Mehta,India
6733,RSC,31.663683,74.932104,Approved,Vallah,North,AMRITSAR,PUNJAB,TRUE,143501,,India
5743,RSC,31.632898,74.843208,Approved,Ram Tirath,North,AMRITSAR,PUNJAB,TRUE,143102,,India
5589,RSC,31.956289,75.616844,Approved,Mukerian1,North,Mukerian,PUNJAB,TRUE,144211,,India
5263,RSC,31.954208,75.319192,Approved,Dhariwal,North,Gurdaspur,PUNJAB,TRUE,143519,,India
5006,RSC,31.1333,77.2333,Approved,Dali1,North,Mashobra,HIMACHAL PRADESH,TRUE,171007,,India
1522,RSC,21.76,68.94,Approved,Kalka,North,Kalka,CHANDIGARH,TRUE,134101,RSC/Kalka,India
3105,RSC,31.222801,76.38179,Approved,Bilaspur HP,North,Bilaspur HP,HIMACHAL PRADESH,TRUE,174031,,India
3457,RSC,31.45455348,77.6537914,Approved,Rampur HP,North,RAMPUR HP,HIMACHAL PRADESH,TRUE,172001,,India
3307,RSC,31.3083,76.4542,Approved,Barmana,North,Barman,HIMACHAL PRADESH,TRUE,174036,,India
2333,RSC,32.052109,76.649287,Approved,Baijnath,North,Baijnath,HIMACHAL PRADESH,TRUE,176125,RSC/Baijnath,India
1532,RSC,21.76,68.94,Approved,Malerkotla,North,Malerkotla,PUNJAB,TRUE,148023,RSC/Malerkotla,India
5491,RSC,30.55189,76.46948,Approved,Sirhind,North,Patiala,PUNJAB,TRUE,140407,,India
5005,RSC,34.427094,74.6674083,Approved,Bandipore,North,Srinagar,JAMMU AND KASHMIR,TRUE,193502,,India
2298,SC,30.71,76.73,Approved,CAR/KJR1,North,Chandigarh,CHANDIGARH,TRUE,160052,CAR/KJR,India
6215,RSC,30.9522,75.1291,Approved,Kot Ise Khan,North,MOGA,PUNJAB,TRUE,142043,,India
6890,RSC,32.220936,76.112812,Approved,Kotla,North,Bilaspur HP,HIMACHAL PRADESH,TRUE,174001,,India
6532,RSC,31.6146,77.187,Approved,Cholthra,North,Sarkaghat,HIMACHAL PRADESH,TRUE,175037,,India
2316,SC,34,74.82,Approved,SXR/NGM,North,Srinagar,JAMMU AND KASHMIR,TRUE,190019,SXR/NGM,India
6675,RSC,31.1054,74.981102,Approved,Makhu,North,Zira,PUNJAB,TRUE,142044,,India
2165,RSC,32.0549357,75.3782272,Approved,Dharkalan,North,Dhar Kalan,PUNJAB,TRUE,145022,RSC/Dharkalan,India
2672,Transportation-M,32.672025,74.881986,Approved,JMU/HUB-TSP,North,Jammu,JAMMU AND KASHMIR,TRUE,180011,JMU/HUB-TSP,India
1789,Hub,30.7064799,76.8075335,Approved,CAR/APT,North,Chandigarh,CHANDIGARH,TRUE,160002,RAA1,India
7307,RSC,31.256,75.7051,Approved,LPU,North,PHAGWARA,PUNJAB,TRUE,144411,,India
7284,RSC,30.5828,74.815,Approved,Kotakpura,North,Faridkot,PUNJAB,TRUE,151204,,India
2948,RSC,31.232733,76.933858,Approved,Darlaghat,North,DARLAGHAT,HIMACHAL PRADESH,TRUE,171102,,India
2334,RSC,30.8994452,77.0190138,Approved,Dharampur,North,Dharampur,HIMACHAL PRADESH,TRUE,173209,RSC/Dharampur,India
2421,RSC,30.803919,76.033386,Approved,Doraha,North,Doraha,PUNJAB,TRUE,141421,,India
1644,RSC,21.76,71.67,Approved,Kupwara,North,Kupwara,JAMMU AND KASHMIR,TRUE,193222,RSc/Kupwara,India
2012,RSC,21,67,Approved,Kangra1,North,Kangra,HIMACHAL PRADESH,TRUE,176001,RSC/Kangra1,India
1390,SC,21,67,Approved,Baramulla,North,Srinagar,JAMMU AND KASHMIR,TRUE,193101,BMLL,India
1697,SC,31.6224102,74.9073152,Approved,ATQ/ASR,North,AMRITSAR,PUNJAB,TRUE,143006,ATQ/ASR,India
1389,SC,34.0275554,74.7559985,Approved,Budgam,North,BUDGAM,JAMMU AND KASHMIR,TRUE,191111,BUD1,India
5015,RSC,31.3256,75.5792,Approved,Kang Shabu,North,Jalandhar,PUNJAB,TRUE,144028,,India
4059,RSC,34.1084,74.722,Approved,Parimpora,North,Parimpora,JAMMU AND KASHMIR,TRUE,190010,,India
5638,RSC,31.6589511,76.7320535,Approved,Baldwara,North,Ghumarwin,HIMACHAL PRADESH,TRUE,175033,,India
1391,SC,21,79,Approved,Sopore,North,Srinagar,JAMMU AND KASHMIR,TRUE,191112,SPR1,India
5429,RSC,33.6241705,75.145774,Approved,Qazigund,North,Anantnag,JAMMU AND KASHMIR,TRUE,192221,,India
5306,RSC,34.4721,73.96786,Approved,Tangdhar,North,Kupwara,JAMMU AND KASHMIR,TRUE,193225,,India
5642,RSC,34.5017618,74.1107744,Approved,Tragram,North,Kupwara,JAMMU AND KASHMIR,TRUE,193224,,India
2899,RSC,32.1147,77.1442,Approved,Patlikuhal Manali,North,MANALI,HIMACHAL PRADESH,TRUE,175129,,India
5240,RSC,28.3709,77.7712,Approved,Chandi Mandir,North,PANCHKULA,CHANDIGARH,TRUE,134107,,India
2322,Hub,30.883983,75.9053004,Approved,LUD/RTO,North,Ludhiana,PUNJAB,TRUE,141010,FPT1,India
2635,Hub PC,30.443389,76.734161,Approved,AMB/HUB,North,AMBALA,HARYANA,TRUE,133102,RAA,India
3235,RSC,30.04614833,76.32465,Approved,Chika,North,Chika HR,HARYANA,TRUE,136034,,India
9421,RSC,30.046109,76.324895,Approved,SWN/SWN/LM1,North,Kaithal,HARYANA,TRUE,136033,Siwan,India
6838,RSC,34.52574833,74.25006167,Approved,Sogam Kupwara,North,Kupwara,JAMMU AND KASHMIR,TRUE,193223,,India
885,RSC,18.975808,76.641358,Approved,Dera Bassi,North,MOHALI,CHANDIGARH,TRUE,140507,RSC/Dera Bassi,India
10051,SC,23.4806,86.1241,Approved,BGR/BGR/LM1,East,Dhanbad,JHARKHAND,TRUE,828306,Baghmara,India
10050,SC,28.655917,77.397833,Approved,DEL/SRV/LM1,North,Delhi NCR,DELHI,TRUE,201009,Siddharh vihar,India
10044,SC,19.210378,72.826996,Approved,BOM/KNDW/LM1,West,Mumbai,MAHARASHTRA,TRUE,400067,Kandivali West,India
10042,SC,10.7642318,76.6968166,Approved,PGT/ERL/LM1,South-2,PALAKKAD,KERALA,TRUE,678551,ERATTIYAL,India
10038,SC,13.12077845,80.10125858,Approved,MAA/AVI/LM1,South-2,Chennai,TAMIL NADU,TRUE,600054,Avadi,India
10035,RSC,25.5546,91.9157,Approved,SHL/THK/LM1,North East,Shillong,MEGHALAYA,TRUE,793007,Thembasuk,India
10034,RSC,12.337695,75.106384,Approved,KAN/KSR/LM1,South-2,KANHANGAD,KERALA,TRUE,671315,Kasargode,India
10033,RSC,13.183749,79.625465,Approved,AKM/TII/LM1,South-2,ARAKKONAM,TAMIL NADU,TRUE,631209,Tiruttani,India
10031,RSC,27.176424,77.918228,Approved,AGR/SCX/LM1,North,Agra,UTTAR PRADESH,TRUE,282007,Shanthi Complex,India
10029,RSC,25.958684,83.571478,Approved,MAU/KHJ/LM1,North,Mau,UTTAR PRADESH,TRUE,275101,Khwajahanpur,India
10028,RSC,25.037874,73.869843,Approved,NDW/RAD/LM1,North,Nathdwara,RAJASTHAN,TRUE,313324,Rajsamand,India
10027,RSC,32.677023,74.874762,Approved,JMU/DIG/LM1,North,Jammu,JAMMU AND KASHMIR,TRUE,180010,Digiana,India
10026,Terminal,19.194585,72.992453,Approved,THN/KLW/LM1,West,Mumbai,MAHARASHTRA,TRUE,400605,Kalwa,India
10025,SC,22.522668,88.395965,Approved,DHA/VIP/LM1,East,Kolkata,WEST BENGAL,TRUE,700039,Tagore Park,India
10023,SC,12.9954722,77.7630278,Approved,BLR/SKR/LM1,South-2,BANGALORE,KARNATAKA,TRUE,560067,Soukya Road,India
10021,RSC,21.28858745,72.95008162,Approved,SRT/MPE/LM1,West,Surat,GUJARAT,TRUE,394150,Madina Palace,India
10020,RSC,22.5940556,75.6926291,Approved,RIH/INA/LM1,Central,Dhar,MADHYA PRADESH,TRUE,454775,indorama,India
10019,RSC,26.884388,81.036441,Approved,LKO/DRD/LM1,North,Lucknow,UTTAR PRADESH,TRUE,227105,Deva Road,India
10018,Terminal,18.5828617,73.8300056,Approved,PNQ/KSR/LM1,West,PUNE,MAHARASHTRA,TRUE,411012,KSR,India
10017,RSC,18.401385,76.249697,Approved,SNM/TER/LM1,West,Sonari MH,MAHARASHTRA,TRUE,413510,Ter,India
10014,SC,12.858694,77.780611,Approved,BLR/SJP/LM1,South-2,BANGALORE,KARNATAKA,TRUE,562125,Sarjapura,India
10010,RSC,17.86361,76.479795,Approved,MMN/DAB/LM1,West,Murum,MAHARASHTRA,TRUE,413604,Dalimb,India
10009,RSC,21.2504638,72.8418038,Approved,SRT/AMI/LM1,West,Surat,GUJARAT,TRUE,394101,Amroli,India
10008,RSC,21.875516,83.395409,Approved,RAI/PUR/LM1,Central,Raigarh,CHHATTISGARH,TRUE,496440,Pussaur,India
10006,RSC,17.512482,77.893202,Approved,SAN/MOT/LM1,South-1,SANGAREDDY,TELANGANA,TRUE,501202,Mominpet,India
10003,RSC,18.546058,75.7685826,Approved,TKW/WAI/LM1,West,Terkheda,MAHARASHTRA,TRUE,413503,Washi,India
10004,RSC,32.741355,74.862314,Approved,JMU/NRH/LM1,North,Jammu,JAMMU AND KASHMIR,TRUE,180001,Jammu City,India
10001,RSC,17.19879,82.317514,Approved,AVV/NEL/LM1,South-1,ANNAVARAM,ANDHRA PRADESH,TRUE,533449,Nellipudi,India
9999,RSC,18.410785,84.0375913,Approved,NTA/LIA/LM1,South-1,NARASANNAPETA,ANDHRA PRADESH,TRUE,532474,Lingalavalasa,India
9998,SC,18.9660194,72.8465521,Approved,BOM/MAZ/LM1,West,Mumbai,MAHARASHTRA,TRUE,400010,Mazgaon,India
9997,RSC,20.4096317,85.3036424,Approved,CTK/BAA/LM1,East,Cuttack,Odisha,TRUE,754031,BADAMBA,India
9996,SC,8.6564595,76.8550288,Approved,ATL/KTD/LM1,South-2,Attingal,KERALA,TRUE,695103,VALAKKADU,India
9993,RSC,22.86191,88.422116,Approved,KLY/KKN/LM1,East,Kolkata,WEST BENGAL,TRUE,743126,Kakinara,India
9992,SC,25.553371,85.120573,Approved,PUN/PUN/LM1,East,Patna,BIHAR,TRUE,804453,Punpun,India
9988,SC,28.7011425,77.1836764,Approved,DEL/MAV/LM1,North,Delhi NCR,DELHI,TRUE,110033,Mahendru Enclave,India
9987,RSC,19.2482774,73.3929264,Approved,MUR/EKV/LM1,West,Mumbai,MAHARASHTRA,TRUE,421401,Murbad,India
9985,RSC,19.343082,73.217985,Approved,THN/PAD/LM1,West,Mumbai,MAHARASHTRA,TRUE,421101,Padgha,India
4081,RSC,15.48166507,73.82849515,Approved,Panjim,West,Panjim,GOA,TRUE,403001,,India
4470,RSC,26.1452183,83.3065817,Approved,Jiyanpur,North,Jiyanpur,UTTAR PRADESH,TRUE,276125,,India
6886,Hub PC,31.614243,74.918825,Approved,ATQ/HUB,North,AMRITSAR,PUNJAB,TRUE,143006,HCY,India
1978,RSC,22.734279,75.895617,Approved,Dhar,Central,Dhar,MADHYA PRADESH,TRUE,454001,MAA,India
5290,RSC,13.22355,77.0631,Approved,Hirehalli,South-2,Tumkur,KARNATAKA,TRUE,572106,,India
9227,RSC,8.565389,77.0535,Approved,AND/NMG/LM1,South-2,Aryanadu,KERALA,TRUE,695542,NEDUMANGAD,India
6997,RSC,22.6298,74.8507,Approved,RajgarhMP,Central,Dhar,MADHYA PRADESH,TRUE,454116,SRD,India
9611,Hub TSP,21.16066,79.146605,Approved,NGP/CTY/BB1,West,Nagpur,MAHARASHTRA,TRUE,440008,LAKADGANJ,India
7101,Transportation-H,18.600319,73.729692,Approved,PNQ/HNJ-TSP,West,PUNE,MAHARASHTRA,TRUE,411057,HII,India
6992,Transportation-H,23.297053,72.635112,Approved,AMD/GWP-GANDHINAGAR,West,Gandhinagar,GUJARAT,TRUE,382620,AMR,India
6683,Transportation-H,22.816428,75.939319,Approved,GWP/UJJAIN,Central,Ujjain,MADHYA PRADESH,TRUE,456010,GWP/UJJAIN,India
6021,Hub TSP,12.9708345,77.9041117,Approved,BLR/MAL-TSP,South-2,Malur,KARNATAKA,TRUE,563130,BLR/MAL-TSP,India
5837,Transportation-H,22.67688,88.453249,Approved,CCU/MGM-TSP,East,Kolkata,WEST BENGAL,TRUE,700132,DOA1,India
5533,Transportation-H,23.233813,79.892157,Approved,JBL/HUB-TSP,Central,Jabalpur,MADHYA PRADESH,TRUE,482002,KAI,India
5385,Transportation-H,17.529791,78.272598,Approved,HYD/PTC-TSP,South-1,Hyderabad,TELANGANA,TRUE,502032,HYD/PTC-TSP,India
5340,Hub,27.201684,78.058595,Approved,AGR/HUB,North,Agra,UTTAR PRADESH,TRUE,282006,ETR1,India
5239,Transportation-H,13.052056,77.4590273,Approved,BLR/MRD-TSP,South-2,BANGALORE,KARNATAKA,TRUE,560060,BLR/MRD-TSP,India
5177,Transportation-H,28.702968,76.917614,Approved,BHU/HUB-TSP,North,Bahadurgarh,HARYANA,TRUE,124507,BHU/HUB-TSP,India
5176,Transportation-H,24.531596,73.682686,Approved,UDI/HUB-TSP,North,Udaipur,RAJASTHAN,TRUE,313002,NVR,India
5112,Transportation-H,10.513844,76.247662,Approved,TCR/HUB-TSP,South-2,TRICHUR,KERALA,TRUE,680006,TCR/HUB-TSP,India
5111,Transportation-H,11.30881793,75.77969155,Approved,CCJ/HUB-TSP,South-2,Calicut,KERALA,TRUE,673002,CCJ/HUB-TSP,India
5072,Transportation-H,21.632278,73.021021,Approved,AKV/HUB-TSP,West,ANKLESHWAR,GUJARAT,TRUE,393002,AKP,India
4993,Transportation-H,22.94984,72.551589,Approved,AMD/PLJ/TSP,West,Ahmedabad,GUJARAT,TRUE,382315,PAI,India
4864,Transportation-H,12.9028,80.236,Approved,MAA/KBM-TSP,South-2,Chennai,TAMIL NADU,TRUE,600119,MAA/KBM-TSP,India
4538,Transportation-H,22.60995,88.225794,Approved,CCU/APT-TSP,East,Kolkata,WEST BENGAL,TRUE,711114,CCU/APT-TSP,India
4351,Transportation-H,28.398737,77.352427,Approved,DEL/FBD-TSP,North,Faridabad,HARYANA,TRUE,121004,DEL/FBD-TSP,India
4231,Transportation-H,30.274287,77.988372,Approved,DDN/HUB-TSP,North,Dehradun,UTTARAKHAND,TRUE,248001,DDN/HUB-TSP,India
4115,Hub,26.746432,83.248047,Approved,GKP/LH1,North,Gorakhpur,UTTAR PRADESH,TRUE,273209,KAR,India
3502,Transportation-H,12.797742,80.030041,Approved,MAA/MMN-TSP,South-2,Chengalpet,TAMIL NADU,TRUE,603209,MAA/MMN-TSP,India
3113,Transportation-H,13.0534996,77.6743054,Approved,BLR/JKR-TSP,South-2,BANGALORE,KARNATAKA,TRUE,560064,BLR/JKR-TSP,India
2733,Transportation-H,28.40632,76.97936,Approved,DEL/GGN-TSP,North,Gurgaon,HARYANA,TRUE,122001,DEL/GGN-TSP,India
2685,Transportation-H,26.221778,73.004899,Approved,JOD/HUB-TSP,North,Jodhpur,RAJASTHAN,TRUE,342005,JOD/HUB-TSP,India
2676,Transportation-H,8.491107,76.996087,Approved,TRV/HUB-TSP,South-2,Trivandrum,KERALA,TRUE,695573,TRV/HUB-TSP,India
2643,Transportation-M,10.761353,78.69029,Approved,TRZ/HUB-TSP,South-2,Trichy,TAMIL NADU,TRUE,620008,TRZ/HUB-TSP,India
2545,Transportation-M,15.363703,73.947005,Approved,PNJ/HUB-TSP,West,Panjim,GOA,TRUE,403722,VIE,India
2397,Transportation-H,19.879109,75.219898,Approved,AUR/HUB-TSP,West,CHHATRAPATI SAMBHAJINAGAR,MAHARASHTRA,TRUE,431133,AUR/HUB-TSP,India
2320,Transportation-H,29.173106,75.725177,Approved,HSR/HUB-TSP,North,Hissar,HARYANA,TRUE,125001,MRD,India
2299,Transportation-H,13.19908,80.20059,Approved,MAA/MDM-TSP,South-2,Chennai,TAMIL NADU,TRUE,600072,MAA/MDM-TSP,India
2269,Transportation-H,22.357022,73.227199,Approved,BDQ/HUB-TSP,West,VADODARA,GUJARAT,TRUE,390019,ARD,India
2220,Transportation-M,16.75956,74.282962,Approved,KHL/HUB-TSP,West,Kolhapur,MAHARASHTRA,TRUE,416122,NPA1,India
2175,Transportation-M,21.234917,81.579768,Approved,RPR/HUB-TSP,Central,Raipur,CHHATTISGARH,TRUE,492099,SAA,India
2159,Transportation-H,25.249763,82.927938,Approved,VNS/HUB-TSP,North,VARANASI,UTTAR PRADESH,TRUE,221011,BAN,India
2051,Transportation-H,28.540483,77.277656,Approved,DEL/OKH-TSP,North,New Delhi,DELHI,TRUE,110020,DEL/OKH-TSP,India
1984,Transportation-H,17.42706,78.56891,Approved,HYD/CPY-TSP,South-1,Hyderabad,TELANGANA,TRUE,500051,HYD/CPY-TSP,India
1948,Transportation-H,28.62512,77.12534,Approved,DEL/MYP-TSP,North,New Delhi,DELHI,TRUE,110064,DEL/MYP-TSP,India
1878,Ecomm-TSP,28.526496,77.086567,Approved,DEL/SMH-TSP,North,New Delhi,DELHI,TRUE,110037,DEL/SMH-TSP,India
1876,Transportation-H,28.60902,77.36716,Approved,DEL/NDA-TSP,North,Delhi NCR,DELHI,TRUE,201301,DEL/NDA-TSP,India
1858,Transportation-M,11.02867,77.06544,Approved,CJB/HUB-TSP,South-2,Coimbatore,TAMIL NADU,TRUE,641062,TSPCJB/HUB,India
1854,Transportation-H,13.052056,77.4590273,Approved,BLR/MKH-TSP,South-2,BANGALORE,KARNATAKA,TRUE,562123,TSPBLR/MKH,India
1852,Transportation-H,17.312333,78.430532,Approved,HYD/SMH-TSP,South-1,Hyderabad,TELANGANA,TRUE,500077,TSPHYD/SMH,India
1772,Hub,21.085349,72.903683,Approved,SURAT/LH1,West,Surat,GUJARAT,TRUE,394325,HAA,India
1769,Transportation-H,12.795831,77.6570266,Approved,BLR/KGH-TSP,South-2,BANGALORE,KARNATAKA,TRUE,560105,TSPBLR/KGH,India
1514,Hub,17.580443,78.514422,Approved,HYD/PC1,South-1,Hyderabad,TELANGANA,TRUE,510000,MUD,India
1404,Hub PC,16.993831,81.804247,Approved,RJM/HUB,South-1,Rajahmundry,ANDHRA PRADESH,TRUE,533103,VEI,India
1285,Hub PC,32.675885,74.871348,Approved,JMU/UNJ,North,Jammu,JAMMU AND KASHMIR,TRUE,180011,JMU/UNJ,India
1201,Hub PC,15.3145,75.14653,Approved,HBL/HUB,South-2,Hubli,KARNATAKA,TRUE,580028,GAR1,India
1161,Hub,22.762368,88.304681,Approved,CCU/PC1,East,Kolkata,WEST BENGAL,TRUE,712223,SEE,India
1077,Hub,11.6349723,78.12275,Approved,SAL/HUB,South-2,Salem,TAMIL NADU,TRUE,636005,KOI,India
1048,Hub PC,17.695253,83.192669,Approved,VPT/HUB,South-1,Visakhapatnam,ANDHRA PRADESH,TRUE,530049,AUR,India
594,Hub PC,22.816417,75.939378,Approved,IDR/HUB,Central,Indore,MADHYA PRADESH,TRUE,453771,MAA4,India
403,Hub PC,23.280543,85.382341,Approved,RAN/HUB,East,Ranchi,JHARKHAND,TRUE,835103,PIM1,India
354,Hub PC,16.56325,80.677186,Approved,VIJ/HUB,South-1,Vijayawada,ANDHRA PRADESH,TRUE,521104,NIU,India
213,Hub PC,26.84761904,75.63677249,Approved,JAI/HUB,North,Jaipur,RAJASTHAN,TRUE,302000,SAA,India
82,Hub,19.264813,73.066001,Approved,Bhiwandi,West,Bhiwandi,MAHARASHTRA,TRUE,421302,DHI,India
52,Hub PC,25.562723,85.1857,Approved,PAT/HUB,East,Patna,BIHAR,TRUE,800007,BAA,India
49,Hub PC,21.136232,78.903945,Approved,NGP/HUB,Central,Nagpur,MAHARASHTRA,TRUE,441108,GOI1,India
2,Hub,18.744333,73.789777,Approved,PNQ/CHK,West,PUNE,MAHARASHTRA,TRUE,410501,CHN2,India
9634,RSC,20.007989,76.305811,Approved,BUD/DUS/LM1,Central,Buldhana,MAHARASHTRA,TRUE,443308,Dusarbid,India
10049,SC,28.655917,77.397833,Approved,DEL/GZB/EHV,North,Delhi NCR,DELHI,TRUE,201009,Siddharh vihar,India
10047,RVP,23.093664,72.599904,Approved,AMD/GTA/RP1,West,Ahmedabad,GUJARAT,TRUE,382470,Gota,India
5659,RSC,26.335694,91.204278,Approved,SARTHEBARI,North East,BARPETA,ASSAM,TRUE,781307,BARPETA,India
10048,RVP,21.19052615,72.77479302,Approved,SRT/ADJ/RP1,West,Surat,GUJARAT,TRUE,395009,ADJ,India
3792,RSC,26.2357,86.2819,Approved,Jhanjharpur,East,Jhanjharpur,BIHAR,TRUE,738081,,India
9459,SC,22.7751504,86.156863,Approved,JSD/HTA/LM1,East,Jamshedpur,JHARKHAND,TRUE,831013,HATA,India
3861,RSC,26.552,72.8844,Approved,Tiwari,North,Tiwari,RAJASTHAN,TRUE,342306,,India
9701,SC,13.0675767,77.5695967,Approved,BLR/VDP/LM1,South-2,BANGALORE,KARNATAKA,TRUE,560094,Vidyaranyapura,India
9815,SC,13.0151182,77.485141,Approved,BLR/PEY/LM1,South-2,BANGALORE,KARNATAKA,TRUE,560058,Peenya,India
9935,SC,12.96099388,77.5934165,Approved,BLR/SMN/LM1,South-2,BANGALORE,KARNATAKA,TRUE,560027,Sudhamnagar,India
3657,RSC,21.502595,70.13936667,Approved,Manavadar,West,Manavadar,GUJARAT,TRUE,362630,RAA,India
9929,RSC,25.356654,74.383501,Approved,BLW/BGR/LM1,North,Bhilwara,RAJASTHAN,TRUE,311402,Bagor,India
5928,RSC,26.7775633,72.3248917,Approved,Dechu,North,Dechu,RAJASTHAN,TRUE,342314,,India
4182,RSC,24.9929842,72.2849787,Approved,Bhinmal,North,Bhinmal,RAJASTHAN,TRUE,343029,,India
394,RSC,26.0391,76.3575967,Approved,Sawaimadhopur,North,Sawaimadhopur,RAJASTHAN,TRUE,322001,RSC/Sawaimadhopur,India
1422,RSC,27.4748436,77.3375226,Approved,Deeg,North,Deeg,RAJASTHAN,TRUE,321203,RSC/Deeg,India
1425,RSC,26.91687902,77.28632609,Approved,Bayana,North,Bayana,RAJASTHAN,TRUE,321401,RSC/Bayana,India
2329,RSC,27.54798,75.561075,Approved,Khandela,North,Khandela,RAJASTHAN,TRUE,332709,RSC/Khandela,India
3476,RSC,26.7516467,74.707055,Approved,Parbatsar,North,PARBATSAR,RAJASTHAN,TRUE,341512,,India
5639,RSC,27.42878667,76.178255,Approved,Thanagazi,North,Viratnagar,RAJASTHAN,TRUE,303102,,India
6509,RSC,27.04809333,74.72531667,Approved,Makrana,North,MAKRANA,RAJASTHAN,TRUE,341505,,India
9399,SC,26.96969,76.787078,Approved,BLJ/BLJ/LM1,North,Balaji,RAJASTHAN,TRUE,303509,Balaji Mod,India
9923,SC,26.2868868,73.0370395,Approved,JOD/RTN/LM1,North,Jodhpur,RAJASTHAN,TRUE,342006,RTN,India
5736,RSC,27.109155,72.3143442,Approved,Khichan,North,Khichan,RAJASTHAN,TRUE,342308,,India
185,SC,25.3493167,74.6201986,Approved,Bhilwara,North,Bhilwara,RAJASTHAN,TRUE,311001,BLW,India
1965,RSC,27.55066447,73.47665041,Approved,Nokha1,North,Nokha,RAJASTHAN,TRUE,334803,RSC/Nokha1,India
1720,RSC,27.4296366,75.6401874,Approved,Shri Madhopur,North,Shri Madhopur,RAJASTHAN,TRUE,332715,RSC/Shri Madhopur,India
3070,RSC,27.41635167,75.81379,Approved,Ajeetgarh,North,Ajeetgarh,RAJASTHAN,TRUE,332701,,India
3569,RSC,27.2558435,75.1892194,Approved,Danta Ramgarh,North,Dantaramgarh,RAJASTHAN,TRUE,332703,,India
4189,RSC,27.867365,75.535625,Approved,Gudha Gorji,North,GUDHA GORJI,RAJASTHAN,TRUE,333022,,India
4346,RSC,26.873695,75.227855,Approved,Phulera,North,Phulera,RAJASTHAN,TRUE,303338,,India
5007,RSC,26.37948667,75.92204,Approved,Newai,North,Chakshu,RAJASTHAN,TRUE,304021,,India
5484,RSC,27.5099,76.9989,Approved,Govindgarh RJ,North,GOVINDGARH,RAJASTHAN,TRUE,301604,,India
5963,RSC,27.4568864,76.95749243,Approved,Barodameo,North,Barodameo,RAJASTHAN,TRUE,301021,,India
6301,RSC,26.59774,75.9541267,Approved,khotkhawda,North,Khotkhawda,RAJASTHAN,TRUE,303908,khotkhawda,India
6728,RSC,27.608005,76.63689,Approved,Chikani,North,Chikani,RAJASTHAN,TRUE,301028,,India
9398,SC,27.0178146,77.0179327,Approved,HLN/HLN/LM1,North,HALENA,RAJASTHAN,TRUE,321601,Halena,India
9902,RSC,24.0378473,73.6589989,Approved,UDI/RHB/LM1,North,KERWARA,RAJASTHAN,TRUE,313802,Rishabhdeo,India
183,SC,27.5892901,76.6183053,Approved,Alwar,North,Alwar,RAJASTHAN,TRUE,301001,ALR,India
567,SC,27.221062,77.466379,Approved,Bharatpur,North,Bharatpur,RAJASTHAN,TRUE,321001,BHP,India
739,RSC,26.1724192,75.8069012,Approved,RSC/Tonk,North,Tonk,RAJASTHAN,TRUE,304001,RSC/Tonk,India
4970,RSC,27.4173698,77.0940381,Approved,Nagar,North,Bharatpur,RAJASTHAN,TRUE,321205,,India
6179,RSC,26.9814898,75.3862716,Approved,Jobner1,North,Jobner,RAJASTHAN,TRUE,303328,,India
6447,RSC,27.5162,76.6776,Approved,MIA Alwar,North,Alwar,RAJASTHAN,TRUE,301030,,India
1011,RSC,26.10052333,74.33526167,Approved,Beawar,North,BEAWAR,RAJASTHAN,TRUE,305901,RSC/Beawar,India
1164,RSC,27.74294333,75.46745833,Approved,Udaipurwati,North,Udaipurwati,RAJASTHAN,TRUE,333307,RSC/Udaipurwati,India
1205,RSC,27.12472167,74.84805,Approved,Kuchaman,North,Kuchaman City,RAJASTHAN,TRUE,341508,RSC/Kuchaman,India
3062,RSC,25.67350913,76.19559118,Approved,Lakheri,North,Lakheri,RAJASTHAN,TRUE,323615,,India
3071,RSC,27.7421883,75.7793767,Approved,Neem Ka Thana,North,Neem ka thana,RAJASTHAN,TRUE,332713,,India
4438,RSC,26.93086,77.7939467,Approved,Kheragarh RJ,North,Kheragarh RJ,RAJASTHAN,TRUE,283121,,India
5775,RSC,26.1833517,76.0673133,Approved,Chouth Ka Barwara,North,Chouth ka barwara,RAJASTHAN,TRUE,322701,,India
5932,RSC,27.5264922,75.7523451,Approved,Kanwat,North,Kawat,RAJASTHAN,TRUE,332708,,India
6169,RSC,26.00816,76.600785,Approved,Khandar,North,Khandar,RAJASTHAN,TRUE,322025,,India
6177,RSC,26.50756,77.3643706,Approved,Sirmathura,North,BARI RJ,RAJASTHAN,TRUE,328021,,India
5648,RSC,27.132335,76.1331267,Approved,Jamwaramgarh1,North,Jamwaramgarh,RAJASTHAN,TRUE,303109,,India
830,RSC,24.5940223,76.1662372,Approved,Jhalawar,North,Jhalawar,RAJASTHAN,TRUE,324007,RC/Jhalawar,India
4241,RSC,24.674265,76.84093167,Approved,Chabra,North,Chabra,RAJASTHAN,TRUE,325220,,India
4367,RSC,25.14088,77.00625833,Approved,Samrania,North,Samrania,RAJASTHAN,TRUE,302017,,India
5745,RSC,24.41232462,75.8397687,Approved,Pirawa,North,Pirawa,RAJASTHAN,TRUE,326034,,India
7286,SC,25.1790967,75.8878833,Approved,Kota-1,North,Sultanpur,RAJASTHAN,TRUE,325201,KUTA,India
9282,RSC,25.5438594,76.3735242,Approved,PPD/ITW/LM1,North,Mangrol,RAJASTHAN,TRUE,325004,Itawa,India
980,RSC,25.7411896,71.4043955,Approved,Barmer,North,BARMER,RAJASTHAN,TRUE,344001,RSC/Barmer,India
1244,RSC,26.6502858,74.0341537,Approved,Merta,North,Merta,RAJASTHAN,TRUE,341510,RSC/Merta,India
2238,RSC,26.33819,73.1467667,Approved,Banar,North,Banar,RAJASTHAN,TRUE,342027,RSC/Banar,India
610,RSC,28.2973758,74.9717691,Approved,Churu,North,Churu,RAJASTHAN,TRUE,331001,RSC/Churu,India
1066,RSC,27.18420968,73.72088457,Approved,Nagaur,North,Nagaur,RAJASTHAN,TRUE,341001,RSC/Nagaur,India
1254,RSC,28.233012,75.6446248,Approved,Chirawa1,North,Chirawa,RAJASTHAN,TRUE,333026,RSC/Chirawa1,India
2128,RSC,27.8428367,75.26289,Approved,Mukungarh,North,Jhunjhunu,RAJASTHAN,TRUE,333042,RSC/Mukungarh,India
2347,RSC,28.0950518,74.9887646,Approved,Fatehpur RJ,North,Jhunjhunu,RAJASTHAN,TRUE,332301,RSC/Fatehpur RJ,India
3473,RSC,28.4832236,73.7507166,Approved,Lunkaransar,North,LUNKARANSAR,RAJASTHAN,TRUE,334603,,India
3654,RSC,28.3465794,75.2861638,Approved,Malsisar,North,Malsisar,RAJASTHAN,TRUE,331028,,India
4248,RSC,27.6131909,75.1788316,Approved,Salasar,North,Salasar,RAJASTHAN,TRUE,331506,,India
4394,RSC,27.3634519,74.172522,Approved,Jayal,North,Jayal,RAJASTHAN,TRUE,341023,,India
4624,RSC,27.64845,74.93325,Approved,Sevad Bari,North,Sevad Bari,RAJASTHAN,TRUE,332041,,India
5443,RSC,28.1769874,75.650873,Approved,Sultana,North,Sultana,RAJASTHAN,TRUE,333028,,India
3986,RSC,27.040728,75.894484,Approved,Achrol,North,Achrol,RAJASTHAN,TRUE,302028,,India
9401,SC,24.7524983,71.7818019,Approved,SCR/SCR/LM1,North,Sanchor,RAJASTHAN,TRUE,343041,Ramesh Colony,India
644,RSC,25.7883883,73.303885,Approved,Pali,North,Pali,RAJASTHAN,TRUE,306401,RSC/Pali,India
1639,RSC,25.91602,73.67008333,Approved,Sojat,North,Sojat City,RAJASTHAN,TRUE,306104,RSC/Sojat,India
9722,RSC,25.56481667,75.51012833,Approved,BDI/HDI/LM1,North,Bundi,RAJASTHAN,TRUE,323023,Hindoli,India
9402,SC,26.9153017,75.7253017,Approved,JAI/VSH/LM1,North,Jaipur,RAJASTHAN,TRUE,302021,Panchyawala,India
1640,RSC,28.0914949,74.0022854,Approved,Shri Dungargarh,North,Shri Dungargarh,RAJASTHAN,TRUE,331803,RSC/Shri Dungargarh,India
6639,RSC,23.783343,73.516657,Approved,Bichhwara,North,BICHHIWARA,RAJASTHAN,TRUE,314801,,India
6636,RSC,25.202431,75.873177,Approved,Borkheda,North,Kota,RAJASTHAN,TRUE,324001,,India
6390,RSC,25.2972,73.93853167,Approved,Amet,North,AMET,RAJASTHAN,TRUE,313332,,India
5949,RSC,25.6336,74.5965,Approved,Raila,North,Raila,RAJASTHAN,TRUE,311024,,India
5960,RSC,25.7323,74.3319,Approved,Asind,North,ASIND,RAJASTHAN,TRUE,311301,,India
5750,RSC,24.750624,73.534523,Approved,Gogunda RJ,North,GogundaRJ,RAJASTHAN,TRUE,313705,,India
9846,RSC,26.307444,73.0562239,Approved,JOD/BJS/LM1,North,Jodhpur,RAJASTHAN,TRUE,342006,Jodhpur BJS,India
6125,RSC,27.215605,77.490144,Approved,Uchain,North,Uchain,RAJASTHAN,TRUE,321303,,India
9448,RSC,26.57097667,74.676115,Approved,AJM/MRP/LM1,North,Ajmer,RAJASTHAN,TRUE,305024,MADARPURA,India
9342,RSC,23.67382559,74.02204169,Approved,ASP/PJP/LM1,North,Aspur,RAJASTHAN,TRUE,314038,PUNJPUR,India
3303,RSC,26.302042,76.7397895,Approved,Wazirpur,North,Wazirpur,RAJASTHAN,TRUE,322219,,India
3072,RSC,26.280007,75.379993,Approved,Malpura,North,Malpura,RAJASTHAN,TRUE,304502,,India
609,RSC,25.0976335,76.5067904,Approved,Baran,North,Baran,RAJASTHAN,TRUE,325205,RSC/Baran,India
4066,RSC,24.941775,75.59206833,Approved,Rawatbhata,North,Rawatbhata,RAJASTHAN,TRUE,323305,,India
4243,RSC,25.2881988,76.1856082,Approved,Sultanpur Rj,North,Khandgaon,RAJASTHAN,TRUE,325204,Sultanpur,India
4245,RSC,24.4155044,76.5611698,Approved,Aklera,North,Aklera,RAJASTHAN,TRUE,326033,,India
4268,RSC,25.33135,76.50532667,Approved,Mangrol RJ,North,Mangrol,RAJASTHAN,TRUE,325215,Mangrol,India
9436,RSC,24.356675,76.169195,Approved,RPR/JLW/LM1,North,Jhalawar,RAJASTHAN,TRUE,326036,Raipur,India
2909,RSC,26.64902043,73.74058369,Approved,Gotan,North,GOTAN,RAJASTHAN,TRUE,342902,,India
3292,RSC,26.041301,74.023742,Approved,Ras,North,Ras RJ,RAJASTHAN,TRUE,306101,,India
3326,RSC,26.1974367,73.9516153,Approved,Jaitaran,North,Jaitaran,RAJASTHAN,TRUE,306302,,India
4381,RSC,26.2744767,72.9863583,Approved,Boranada,North,Boranada,RAJASTHAN,TRUE,342012,,India
5387,RSC,26.650948,73.496578,Approved,Bhopalgarh1,North,BHOPALGARH,RAJASTHAN,TRUE,342602,,India
9400,SC,25.208589,71.442227,Approved,DMN/DMN/LM1,North,Dhorimanna,RAJASTHAN,TRUE,344704,shivaji nagar,India
611,RSC,27.8027664,75.0362006,Approved,Laxmangarh,North,Laxmangarh,RAJASTHAN,TRUE,332311,RSC/Laxmangarh,India
816,RSC,28.43543,74.504815,Approved,Sardarshahar,North,Sardarshahar,RAJASTHAN,TRUE,331403,RSC/Sardarshahar,India
5633,RSC,27.72573167,75.21672667,Approved,Dadiya,North,Dadiya,RAJASTHAN,TRUE,332024,,India
9741,RSC,28.0457622,75.8475173,Approved,BHA/SGA/LM1,North,Buhana,RAJASTHAN,TRUE,333516,Singhana,India
5498,RSC,27.21464892,76.048865,Approved,Manoharpur RJ,North,MANOHARPUR RJ,RAJASTHAN,TRUE,303104,,India
9794,RSC,27.182648,77.44088,Approved,SEW/SEW/LM1,North,Bharatpur,RAJASTHAN,TRUE,321303,Sewar,India
7294,RSC,24.8823833,74.31415,Approved,Rashmi,North,Rashmi,RAJASTHAN,TRUE,313207,,India
6985,RSC,26.2746,74.5047,Approved,Mangliyawas,North,Mangliyawas,RAJASTHAN,TRUE,305203,,India
6170,RSC,26.39959,74.3776633,Approved,Pisagan,North,Pisagan,RAJASTHAN,TRUE,305204,,India
5934,RSC,25.21911244,74.26650273,Approved,Gangapur Bhilwara,North,Gangapur Bhilwara,RAJASTHAN,TRUE,311801,,India
6302,RSC,25.4004603,74.1652825,Approved,Raipur Bhilwara 2,North,RAIPUR BHILWARA,RAJASTHAN,TRUE,311803,,India
9250,RSC,25.442072,74.5681,Approved,MDL/MDL/LM1,North,Mandal,RAJASTHAN,TRUE,311403,Mandal,India
4253,RSC,25.49448,71.08223,Approved,chohtan,North,Chohtan,RAJASTHAN,TRUE,344702,,India
5936,RSC,26.33263,75.71827,Approved,Bagri,North,Bagari,RAJASTHAN,TRUE,304801,,India
2905,RSC,26.891455,74.32457,Approved,Degana,North,DEGANA,RAJASTHAN,TRUE,341503,,India
7134,SC,24.6077112,73.7071045,Approved,Udaipur-1,North,Udaipur,RAJASTHAN,TRUE,313001,UDPU,India
7058,RSC,23.9590069,74.0814147,Approved,Aspur,North,Aspur,RAJASTHAN,TRUE,314021,,India
7308,RSC,26.1399,72.5678,Approved,Kalyanpur RJ,North,Kalyanpur,RAJASTHAN,TRUE,344026,,India
4134,RSC,26.02510667,73.933005,Approved,Raipur Marwar,North,Raipur Marwar,RAJASTHAN,TRUE,306307,,India
7288,SC,26.9331008,75.8183602,Approved,JAI/CTY,North,Jaipur,RAJASTHAN,TRUE,302001,JAI/CTY,India
7227,SC,26.7952567,75.7713117,Approved,JAI/MHN,North,Malpura,RAJASTHAN,TRUE,302029,JAI/MHN,India
6679,RSC,26.92207,75.778885,Approved,Nirman Nagar,North,Jaipur,RAJASTHAN,TRUE,302006,,India
5966,RSC,26.558318,76.557677,Approved,Bamanwas,North,Bamanwas,RAJASTHAN,TRUE,322211,,India
7188,RSC,26.3558684,76.0087198,Approved,Jhillai,North,Jhillai,RAJASTHAN,TRUE,304025,,India
9660,RSC,26.8812616,75.6991193,Approved,JAI/BGU/LM1,North,Jaipur,RAJASTHAN,TRUE,302026,Bagru,India
190,SC,25.1273173,75.8523172,Approved,Kota,North,Kota,RAJASTHAN,TRUE,324005,KTA,India
1292,RSC,24.64510534,75.94129776,Approved,Ramganj Mandi,North,RAMGANJ MANDI,RAJASTHAN,TRUE,326519,RSC/Ramganj Mandi,India
2276,RSC,24.4003183,75.8089767,Approved,Bhawanimandi,North,RAMGANJ MANDI,RAJASTHAN,TRUE,326502,RSC/Bhawanimandi,India
3988,RSC,24.7265252,76.3824531,Approved,Khanpur RJ,North,Khanpur RJ,RAJASTHAN,TRUE,326038,,India
6783,RSC,25.0684355,75.8659225,Approved,Ranpur Kota,North,Kota,RAJASTHAN,TRUE,325003,,India
2623,RSC,26.8594729,71.7309504,Approved,Pokhran,North,Jaisalmer,RAJASTHAN,TRUE,345021,,India
2906,RSC,26.4047632,73.5366009,Approved,Pipar City,North,Piparcity,RAJASTHAN,TRUE,342601,,India
4210,RSC,25.8156039,72.58025388,Approved,Samdari,North,Samdari,RAJASTHAN,TRUE,344021,,India
5011,RSC,26.6260023,73.1775409,Approved,Baori,North,Baori,RAJASTHAN,TRUE,342037,,India
186,SC,27.992269,73.3336876,Approved,Bikaner,North,Bikaner,RAJASTHAN,TRUE,334001,BKR,India
362,SC,27.6132511,75.1788393,Approved,SIKAR,North,Sikar,RAJASTHAN,TRUE,332001,SKR,India
393,RSC,28.11709,75.38741,Approved,RSC/Jhunjhunu,North,Jhunjhunu,RAJASTHAN,TRUE,333001,RSC/Jhunjhunu,India
5296,RSC,26.91395,75.912107,Approved,Jalmahal,North,Jaipur,RAJASTHAN,TRUE,302027,,India
5222,RSC,26.88896,75.7902,Approved,Jaipur City,North,Jaipur,RAJASTHAN,TRUE,302002,,India
1032,RSC,25.7942717,75.414586,Approved,Deoli Raj,North,Deoli,RAJASTHAN,TRUE,304804,RSC/Deoli Raj,India
3474,RSC,28.7043104,72.5944096,Approved,Khajuwala,North,khajuvala,RAJASTHAN,TRUE,334023,,India
3372,RSC,27.4288508,74.9164105,Approved,Losal,North,Losal,RAJASTHAN,TRUE,332025,,India
4005,RSC,28.354286,75.292986,Approved,Bissau,North,Bissau,RAJASTHAN,TRUE,331027,,India
4382,RSC,28.31141495,75.72748203,Approved,Surajgarh,North,Surajgarh,RAJASTHAN,TRUE,333029,,India
4474,RSC,28.18627833,75.51581833,Approved,Bagar,North,Bagar,RAJASTHAN,TRUE,333023,,India
5004,RSC,28.0243797,75.1031401,Approved,Mandawa,North,Mandawa,RAJASTHAN,TRUE,333704,,India
5643,RSC,27.9085606,75.1311021,Approved,Balaran,North,Mukungarh,RAJASTHAN,TRUE,332401,,India
5965,RSC,27.4093,75.058,Approved,Khoor,North,Khoor,RAJASTHAN,TRUE,332023,,India
6296,RSC,27.97576167,73.563295,Approved,Napasar,North,Napasar,RAJASTHAN,TRUE,334201,,India
6510,RSC,28.0831234,73.7223646,Approved,Sheruna,North,SHERUNA,RAJASTHAN,TRUE,331811,,India
6915,RSC,27.6524,74.4584,Approved,Jaswantgarh,North,ladnun,RAJASTHAN,TRUE,341304,,India
9365,RSC,27.59323833,75.11919833,Approved,SKR/SWL/LM1,North,Sikar,RAJASTHAN,TRUE,332033,Sanwali,India
1690,RSC,26.894768,75.9941151,Approved,kanota,North,Kanota,RAJASTHAN,TRUE,303012,RSC/kanota,India
3512,RSC,26.9202448,75.827106,Approved,Chakshu,North,Chakshu,RAJASTHAN,TRUE,303901,,India
6792,RSC,27.033333,76.3,Approved,Sathal Mod,North,Dausa,RAJASTHAN,TRUE,303507,,India
4348,RSC,25.3488973,73.3089638,Approved,Rani RJ,North,Rani RJ,RAJASTHAN,TRUE,306115,,India
459,RSC,23.55268833,74.44958833,Approved,RSC/Banswara,North,Banswara,RAJASTHAN,TRUE,327001,RSC/Banswara,India
4443,RSC,24.57127,73.691544,Approved,Dariyawad,North,Dariyawad,RAJASTHAN,TRUE,313605,,India
5042,RSC,25.061778,74.6252136,Approved,Gangrar,North,Chittorgarh,RAJASTHAN,TRUE,312901,,India
5649,RSC,26.8021,75.8258,Approved,Pratap Nagar,North,Jaipur,RAJASTHAN,TRUE,302033,,India
5526,RSC,26.8527,77.9167,Approved,Maniya,North,MANIYA,RAJASTHAN,TRUE,328024,,India
5221,RSC,27.21625,75.83295,Approved,Samod,North,Chomu,RAJASTHAN,TRUE,303806,,India
1377,RSC,25.15529833,76.30489667,Approved,Anta,North,Anta,RAJASTHAN,TRUE,325202,RSC/Anta,India
91,SC,26.2217996,73.0047462,Approved,JODHPUR,North,Jodhpur,RAJASTHAN,TRUE,342001,JOD,India
411,RSC,26.9233487,70.9158026,Approved,Jaisalmer,North,Jaisalmer,RAJASTHAN,TRUE,345001,RSC/Jaisalmer,India
988,RSC,25.83824254,72.24943113,Approved,Balotra,North,Balotra,RAJASTHAN,TRUE,344022,RSC/Balotra,India
1129,RSC,26.18587167,73.71309667,Approved,Bilara,North,Bilara,RAJASTHAN,TRUE,342602,RSC/Bilara,India
1645,RSC,27.1230426,72.3774779,Approved,Phalodi,North,Phalodi,RAJASTHAN,TRUE,342301,RSC/Phalodi,India
4424,RSC,26.3237013,73.0668568,Approved,Mandor Rj,North,Mandor RJ,RAJASTHAN,TRUE,342027,,India
5261,RSC,26.2389,73.0243,Approved,JODH/PKM,North,Jodhpur,RAJASTHAN,TRUE,342001,,India
6758,RSC,26.8534383,72.439645,Approved,Peelwa,North,Peelwa,RAJASTHAN,TRUE,342309,,India
7065,RSC,22.5644,88.2692,Approved,Panchapadra,North,Panchapadra,RAJASTHAN,TRUE,344032,,India
9475,SC,26.405389,72.49346,Approved,BLS/BLS/LM1,North,Balesar,RAJASTHAN,TRUE,342023,Balesar,India
1009,RSC,27.40856,74.57839833,Approved,Didwana,North,DIDWANA,RAJASTHAN,TRUE,341303,RSC/Didwana,India
1031,RSC,27.6950862,74.4512461,Approved,Sujangarh,North,Sujangarh,RAJASTHAN,TRUE,331507,RSC/Sujangarh,India
2985,RSC,27.370725,75.580145,Approved,Ringus,North,Ringus,RAJASTHAN,TRUE,332404,,India
3069,RSC,27.80084029,73.34446748,Approved,Deshnoke,North,Desnok,RAJASTHAN,TRUE,334801,,India
4089,RSC,28.2391,75.0869,Approved,Bidasar,North,Bidasar,RAJASTHAN,TRUE,331501,,India
4249,RSC,28.0276383,74.4669767,Approved,Rajaldesar,North,Rajaldesar,RAJASTHAN,TRUE,331802,,India
4972,RSC,27.3698393,76.8640483,Approved,Laxmangarh1,North,Laxmangarh,RAJASTHAN,TRUE,321607,,India
5152,RSC,27.48095167,75.38795333,Approved,Palsana RJ,North,Sikar,RAJASTHAN,TRUE,332402,,India
5496,RSC,28.236662,75.340243,Approved,Dhanuri,North,Dhanuri,RAJASTHAN,TRUE,331028,,India
6051,RSC,28.026745,75.51132667,Approved,Baragoan,North,Bada ganv,RAJASTHAN,TRUE,333021,,India
6052,RSC,27.3020118,74.7314973,Approved,Maulasar,North,Malsisar,RAJASTHAN,TRUE,341506,,India
7287,SC,27.1930067,75.7155567,Approved,CHM/SMD,North,Chomu,RAJASTHAN,TRUE,303702,CHM/SMD,India
9093,RSC,26.9839967,73.967325,Approved,Kuchera,North,Kuchera,RAJASTHAN,TRUE,341024,Nuri Mashzid,India
4148,RSC,24.620001,74.68,Approved,Mandphiya,North,Mandphiya,RAJASTHAN,TRUE,312027,,India
3901,RSC,24.88592667,74.31649333,Approved,Kapasan1,North,Kapasan,RAJASTHAN,TRUE,312202,,India
2925,RSC,23.66375667,74.01094667,Approved,Sagwara,North,SAGWARA,RAJASTHAN,TRUE,314025,,India
1319,RSC,24.9006512,73.8071093,Approved,Nathdwara,North,Nathdwara,RAJASTHAN,TRUE,313301,RSC/Nathdwara,India
7240,RSC,26.816165,75.7891333,Approved,Kalakho,North,Kalakho,RAJASTHAN,TRUE,303304,,India
7222,RSC,26.9749,73.4062,Approved,Khimsar,North,KHIMSAR,RAJASTHAN,TRUE,341025,,India
6871,RSC,26.8946,78.1707,Approved,Rajakhera,North,MANIYA,RAJASTHAN,TRUE,328025,,India
6760,RSC,24.8561,74.2091,Approved,Bhopalsagar,North,Bhopalsagar,RAJASTHAN,TRUE,312205,,India
5964,RSC,25.10746167,76.007895,Approved,Kaithun,North,KAITHUN,RAJASTHAN,TRUE,325001,,India
4371,RSC,26.9958462,77.597052,Approved,Rupbas,North,Rupbas,RAJASTHAN,TRUE,321404,,India
3903,RSC,24.6721973,74.0035639,Approved,Bhinder,North,Bhinder,RAJASTHAN,TRUE,313603,,India
4427,RSC,26.8376644,73.0511966,Approved,Osian,North,Osian,RAJASTHAN,TRUE,342303,,India
6710,RSC,23.1809367,74.1636783,Approved,Bagidora,North,Bagidora,RAJASTHAN,TRUE,327601,,India
1496,RSC,24.0403618,74.7703807,Approved,Pratapgarh-RJ,North,PratapgarhRJ,RAJASTHAN,TRUE,312605,RSC/Pratapgarh-RJ,India
5223,RSC,26.2284545,73.0449461,Approved,Jhalamand,North,Jodhpur,RAJASTHAN,TRUE,342013,,India
9649,RSC,23.43097,73.946975,Approved,CKL/CKL/LM1,North,Simal wara,RAJASTHAN,TRUE,314030,CHIKHALI,India
7295,RSC,26.8267933,76.507795,Approved,Geejgarh,North,Geejgarh,RAJASTHAN,TRUE,303502,,India
906,RSC,28.0736175,74.6270923,Approved,Ratangarh,North,Ratangarh,RAJASTHAN,TRUE,331022,RSC/Ratangarh,India
6453,RSC,26.9361,75.76175,Approved,Vaishalinagar,North,Jaipur,RAJASTHAN,TRUE,302021,,India
9645,SC,26.865455,75.737871,Approved,JAI/MGS/HV1,North,Jaipur,RAJASTHAN,TRUE,302020,Mangyawas,India
6168,RSC,26.2941,76.7495,Approved,Sapotra,North,Sapotra,RAJASTHAN,TRUE,322218,,India
5939,RSC,26.8996,77.0893,Approved,Balaji,North,Balaji,RAJASTHAN,TRUE,303509,,India
5948,RSC,24.6734,74.0022,Approved,Vallabhnagar,North,Vallabhnagar,RAJASTHAN,TRUE,313601,,India
5935,RSC,25.86244,76.07718,Approved,Uniyara,North,Uniyara,RAJASTHAN,TRUE,304024,,India
6484,RSC,28.23795,74.57135,Approved,Gogasar,North,Gogasar,RAJASTHAN,TRUE,331504,,India
5938,RSC,25.7559,25.7559,Approved,Sawar,North,Sawar,RAJASTHAN,TRUE,305407,,India
5741,RSC,26.72994833,76.15627,Approved,Toonga,North,Tunga,RAJASTHAN,TRUE,303302,,India
9714,SC,26.8979375,75.7868878,Approved,JAI/BGM/LM1,North,Jaipur,RAJASTHAN,TRUE,302019,Nirman nagar,India
9724,SC,26.974226,75.775012,Approved,JAI/VKI/HV1,North,Jaipur,RAJASTHAN,TRUE,302013,VKIA,India
9141,RSC,25.823692,71.330605,Approved,Bishala,North,Bishala,RAJASTHAN,TRUE,344011,Bishala,India
5000,RSC,26.752995,75.818009,Approved,Vatika,North,Jaipur,RAJASTHAN,TRUE,303905,,India
5675,RSC,23.57452833,73.751445,Approved,Simwalwara,North,Simal wara,RAJASTHAN,TRUE,314403,,India
5434,RSC,24.3334,74.7103,Approved,Choti Sadri,North,Choti Sadri,RAJASTHAN,TRUE,312604,,India
1497,RSC,24.8794687,74.6205922,Approved,Kapasan,North,Kapasan,RAJASTHAN,TRUE,312001,RSC/Kapasan,India
5500,RSC,25.0281583,74.11061,Approved,Railmagra,North,Railmagra,RAJASTHAN,TRUE,313329,,India
5485,RSC,26.0697,74.5229,Approved,Masuda,North,MASUDA,RAJASTHAN,TRUE,305623,,India
3357,RSC,27.2342926,76.6151797,Approved,Rajgarh RJ,North,Rajgarh RJ,RAJASTHAN,TRUE,301408,,India
5153,RSC,28.9343098,73.8683617,Approved,Arjansar,North,Bikaner,RAJASTHAN,TRUE,334604,,India
4576,RSC,26.588528,74.872513,Approved,Kishanganj RJ,North,Kishanganj RJ,RAJASTHAN,TRUE,325216,,India
36,SC,26.8653693,75.7379079,Approved,JAI/JAI,North,Jaipur,RAJASTHAN,TRUE,302020,KSS,India
4423,RSC,25.181795,73.4508783,Approved,Desuri,North,Desuri,RAJASTHAN,TRUE,306702,,India
5582,RSC,27.3882,76.5719,Approved,Malakhera,North,MALAKHERA,RAJASTHAN,TRUE,301406,,India
6619,RSC,26.84609343,76.36297959,Approved,Nangal Rajawthan,North,Nangal Rajawthan,RAJASTHAN,TRUE,303505,,India
3897,RSC,27.162299,75.357878,Approved,Renwal,North,Renwal,RAJASTHAN,TRUE,303603,,India
5980,RSC,25.7985,74.9501,Approved,Phooliya Kalan,North,Phooliyakalan,RAJASTHAN,TRUE,311407,,India
5132,RSC,26.904996,75.888546,Approved,Jamdoli1,North,Jaipur,RAJASTHAN,TRUE,302031,,India
4209,RSC,24.1343785,74.0448068,Approved,Salumber,North,Salumber,RAJASTHAN,TRUE,313027,,India
1376,RSC,24.6269696,74.6745467,Approved,Nimbahera,North,Nimbahera,RAJASTHAN,TRUE,312601,RSC/Nimbahera,India
3304,RSC,24.78947833,73.03478333,Approved,Pindwara,North,PINDWARA,RAJASTHAN,TRUE,307022,,India
997,RSC,25.1548107,73.0799113,Approved,Sumerpur,North,Sumerpur,RAJASTHAN,TRUE,306902,RSC/Sumerpur,India
4577,SC,26.9397517,75.7084133,Approved,JAI/KNK,North,Jaipur,RAJASTHAN,TRUE,302012,JAI/KNK,India
4569,RSC,26.8562096,76.074022,Approved,Bassi RJ,North,Bassi RJ,RAJASTHAN,TRUE,303301,,India
7137,RSC,24.6308973,73.6801042,Approved,Iswal,North,Iswal,RAJASTHAN,TRUE,313011,,India
2328,RSC,26.3007859,74.7377902,Approved,Naseerabad,North,Nasirabad,RAJASTHAN,TRUE,305601,RSC/Naseerabad,India
7189,RSC,26.7936,73.5815,Approved,Asop,North,Asop,RAJASTHAN,TRUE,342901,,India
3228,RSC,26.7807283,75.4683633,Approved,Bagru,North,Bagru,RAJASTHAN,TRUE,303007,,India
6872,RSC,26.7796,76.44,Approved,Paparda,North,Paparda,RAJASTHAN,TRUE,303506,,India
6844,RSC,24.6038793,73.7648932,Approved,Dabok,North,Dabok,RAJASTHAN,TRUE,313022,,India
6839,RSC,26.9603,76.3876,Approved,Kali Pahadi,North,Dausa,RAJASTHAN,TRUE,303325,,India
6802,RSC,23.91833167,74.8139,Approved,Arnod,North,Arnod,RAJASTHAN,TRUE,312615,,India
5981,RSC,26.7562883,76.1553167,Approved,Jhar,North,Bassi RJ,RAJASTHAN,TRUE,303305,,India
6616,RSC,25.066707,73.883293,Approved,Deogarh,North,DEOGARH,RAJASTHAN,TRUE,313331,,India
6586,RSC,27.6495,75.6324,Approved,Chala,North,Neem ka thana,RAJASTHAN,TRUE,332706,,India
6566,RSC,26.92877384,75.65161047,Approved,Chonp,North,Chonp,RAJASTHAN,TRUE,303805,,India
6565,RSC,25.3666667,72.7833333,Approved,Ahore,North,Ahore,RAJASTHAN,TRUE,307029,,India
6531,RSC,24.06855,73.93535,Approved,Kherwara,North,KERWARA,RAJASTHAN,TRUE,313803,,India
6483,RSC,27.9232,74.60903,Approved,Parihara,North,Parihara,RAJASTHAN,TRUE,331505,,India
905,RSC,27.21715,77.03870333,Approved,Kherli,North,Kherli,RAJASTHAN,TRUE,321606,RSC/Kherli,India
5823,RSC,28.0377,75.82695,Approved,KhetriRJ,North,KhetriRJ,ASSAM,TRUE,333503,,India
4203,RSC,28.2040627,75.870344,Approved,Buhana,North,Buhana,RAJASTHAN,TRUE,333516,,India
6340,RSC,26.835251,75.824341,Approved,JAI/PKM1,North,Jaipur,RAJASTHAN,TRUE,302006,,India
5968,RSC,25.4392485,75.9753446,Approved,Kapren,North,KAPREN,RAJASTHAN,TRUE,323803,,India
5969,RSC,24.16024167,73.82125833,Approved,Sarada,North,Sarara,RAJASTHAN,TRUE,313902,,India
6260,RSC,27.2266003,77.1953798,Approved,Nadbai,North,Nadbai,RAJASTHAN,TRUE,321602,,India
6698,RSC,23.4875589,74.0964174,Approved,Arthuna,North,Arthuna,RAJASTHAN,TRUE,327032,,India
6666,RSC,25.7724,75.8563,Approved,Nainwa,North,NAINWA,RAJASTHAN,TRUE,323802,,India
6504,RSC,26.9137317,76.37694,Approved,Dausa FM,North,Dausa,RAJASTHAN,TRUE,303303,,India
2651,RSC,27.641828,74.387122,Approved,Ladnun,North,ladnun,RAJASTHAN,TRUE,341306,,India
4041,RSC,25.72276,73.609466,Approved,Marwar Junction,North,MARWAR JUNCTION,RAJASTHAN,TRUE,306001,,India
1467,RSC,27.0949648,76.8900333,Approved,Mahwa,North,Mahwa,RAJASTHAN,TRUE,321608,RSC/Mahwa,India
4252,RSC,28.802958,79.025444,Approved,Ramsar,North,Ramsar,RAJASTHAN,TRUE,344502,,India
2261,RSC,25.195905,73.291072,Approved,Falna,North,Falna,RAJASTHAN,TRUE,306116,RSC/Falna,India
4446,RSC,24.4156983,74.4744367,Approved,Badi Sadri,North,Badi Sadri,RAJASTHAN,TRUE,312403,,India
4620,RSC,27.058605,76.58177667,Approved,Bandikui,North,Bandikui,RAJASTHAN,TRUE,303313,,India
4345,RSC,26.5291827,75.4044258,Approved,Phagi,North,Phagi,RAJASTHAN,TRUE,303005,,India
4885,RSC,27.026152,75.007225,Approved,Nawa,North,Nawa RJ,RAJASTHAN,TRUE,341509,,India
4160,RSC,25.2527567,73.69609,Approved,Kumbhalgarh,North,Kumbhalgarh,RAJASTHAN,TRUE,313325,,India
3370,RSC,25.33,73,Approved,Takhatgarh,North,Takhatgarh,RAJASTHAN,TRUE,306912,,India
4403,RSC,24.891419,76.672225,Approved,Atru,North,Atru,RAJASTHAN,TRUE,325218,,India
1206,RSC,24.4709611,72.7708154,Approved,Aburoad,North,Mount Abu,RAJASTHAN,TRUE,307026,RSC/Aburoad,India
5954,RSC,25.65933908,74.91681399,Approved,Sahpura Bhilwara,North,Sahpura Bhilwara,RAJASTHAN,TRUE,311404,,India
5967,RSC,25.34534806,75.91314737,Approved,Keshriopatan,North,KESHOVRAIPATAN,RAJASTHAN,TRUE,323601,,India
5497,RSC,24.81304167,74.096755,Approved,Fatehnagar,North,Fatehnagar,RAJASTHAN,TRUE,313205,,India
5425,RSC,27.1135,77.206,Approved,Halena,North,HALENA,RAJASTHAN,TRUE,321601,,India
5331,RSC,23.7592889,74.1723842,Approved,Ghatol,North,Banswara,RAJASTHAN,TRUE,327023,,India
3725,RSC,24.8788675,72.8515018,Approved,Sirohi,North,Sirohi,RAJASTHAN,TRUE,307001,,India
90,SC,24.5547332,73.6995681,Approved,UDAIPUR,North,Udaipur,RAJASTHAN,TRUE,313001,UDI,India
4444,RSC,26.024504,75.483826,Approved,Todaraisingh,North,Todaraisingh,RAJASTHAN,TRUE,304505,,India
5421,RSC,24.6916,72.9224,Approved,Sarupganj,North,Sarupganj,RAJASTHAN,TRUE,307023,,India
5202,RSC,26.8809681,75.8345058,Approved,Jobner,North,Kalwar,RAJASTHAN,TRUE,303706,,India
5023,RSC,23.8545677,74.1712027,Approved,Sabla,North,Dungarpur,RAJASTHAN,TRUE,314202,,India
4087,RSC,23.7583067,74.4143,Approved,Partapur,North,Partapur,RAJASTHAN,TRUE,327022,,India
1572,RSC,25.34276,72.63522833,Approved,Jalore,North,Jalore,RAJASTHAN,TRUE,343001,RSC/Jalore,India
1531,RSC,24.0785047,73.6844634,Approved,Dungarpur1,North,Dungarpur,RAJASTHAN,TRUE,314001,RSC/Dungarpur1,India
576,SC,26.155573,75.780438,Approved,Tonk,North,Tonk,RAJASTHAN,TRUE,304001,TNK,India
3252,RSC,26.4875017,74.5649067,Approved,Pushkar,North,Pushkar,RAJASTHAN,TRUE,305022,,India
2942,RSC,25.97813411,75.15898368,Approved,Kekri,North,KEKRI,RAJASTHAN,TRUE,305404,,India
2595,RSC,25.91841333,74.64009,Approved,Bijainagar,North,Bijainagar,RAJASTHAN,TRUE,305624,,India
3467,RSC,27.2503,75.172,Approved,Ramgarh RJ,North,Ramgarh RJ,RAJASTHAN,TRUE,301026,,India
1027,RSC,26.59091667,76.32259,Approved,Lalsot,North,Lalsot,RAJASTHAN,TRUE,303503,RSC/Lalsot,India
992,RSC,26.4825081,77.0148965,Approved,Karauli,North,Karauli,RAJASTHAN,TRUE,322241,RSC/Karauli,India
650,RSC,27.0238036,74.2179326,Approved,Dholpur,North,Dholpur,RAJASTHAN,TRUE,328001,RSC/Dholpur,India
1423,RSC,21.76,68.94,Approved,Kaman,North,Kaman,RAJASTHAN,TRUE,321022,RSC/Kaman,India
513,RSC,26.47875333,76.70614,Approved,Gangapur,North,Gangapur,RAJASTHAN,TRUE,322201,RSC/Gangapur,India
1151,RSC,26.899244,75.784724,Approved,JAI/PKM,North,Jaipur,RAJASTHAN,TRUE,302019,JAI/PKM,India
593,SC,26.9033797,75.8245555,Approved,JAI/ADA,North,Jaipur,RAJASTHAN,TRUE,302004,JAI/ADA,India
849,RSC,14.550632,76.931367,Approved,Hindaun,North,Hindaun,RAJASTHAN,TRUE,322230,RSC/Hindaun,India
648,RSC,20.593684,78.96288,Approved,Chomu,North,Chomu,RAJASTHAN,TRUE,303702,RSC/Chomu,India
1153,SC,26.835749,75.8270303,Approved,JAI/SNG,North,Jaipur,RAJASTHAN,TRUE,302017,JAI/SNG,India
1320,RSC,26.5696787,74.8675375,Approved,Kishangarh,North,Kishangarh,RAJASTHAN,TRUE,305801,RSC/Kishangarh,India
1466,RSC,27.36010667,75.953035,Approved,Sahpura,North,Sahpura,RAJASTHAN,TRUE,303103,RSC/Sahpura,India
645,RSC,25.4181026,75.6545361,Approved,Bundi,North,Bundi,RAJASTHAN,TRUE,323001,RSC/Bundi,India
182,SC,26.4104867,74.6607467,Approved,Ajmer,North,Ajmer,RAJASTHAN,TRUE,305001,AJM,India
226,SC,26.9740079,75.7749067,Approved,JAI/VKI,North,Jaipur,RAJASTHAN,TRUE,302039,VKI2,India
7323,SC,26.562717,88.858685,Approved,Maynaguri1,East,Maynaguri,WEST BENGAL,TRUE,735224,MYNI,India
10046,WH,26.861594,75.679453,Approved,JAI/SAR/WH-3PL,North,Jaipur,RAJASTHAN,TRUE,302026,Sanganer,India
10045,SC,22.618139,88.444278,Approved,CCU/PFK/LM1,East,Kolkata,WEST BENGAL,TRUE,700157,Hatiara,India
10039,Hub PC,26.857751,75.679779,Approved,JAI/CMR/PC1,North,Jaipur,RAJASTHAN,TRUE,302026,Chimanpura,India
9808,RSC,20.3805883,72.882095,Approved,DAM/DAM/LM1,West,Valsad,GUJARAT,TRUE,396210,Daman,India
3768,RSC,5,5,Approved,Velapur,West,VELAPUR,MAHARASHTRA,TRUE,413112,,India
9506,SC,31.9484266,75.6088075,Approved,HSH/MKR/LM1,North,Batala,PUNJAB,TRUE,144211,Mukerian,India
9782,RSC,8.6002833,76.863065,Approved,PAL/KAN/LM1,South-2,Kazhakkoottam,KERALA,TRUE,695584,Pallipuram,India
580,SC,31.2009092,75.7762032,Approved,Phagwara,North,PHAGWARA,PUNJAB,TRUE,144401,PHA,India
614,SC,18.54519495,73.90969654,Approved,PNQ/Dummy,West,PUNE,MAHARASHTRA,TRUE,999002,PNQ/Dummy,India
9840,RSC,26.7200367,95.0257967,Approved,ABI/ABI/LM1,North East,ABOI,NAGALAND,TRUE,798603,Aboi,India
3949,RSC,15.85179,73.63273167,Approved,Pinguli,West,Pinguli,MAHARASHTRA,TRUE,416528,,India
9186,RSC,13.600859,79.933238,Approved,TAD/VAR/LM,South-1,Tada,ANDHRA PRADESH,TRUE,517541,VARADAIAHPALEM,India
5854,Terminal,12.905606,77.640236,Approved,RVP/BLRHSR-TML,South-2,BANGALORE,KARNATAKA,TRUE,560068,RVP/BLRHSR-TML,India
7199,RSC,10.99064833,76.421495,Approved,ALANALLUR,South-2,PALAKKAD,KERALA,TRUE,678601,,India
100,SC,25.4623353,81.8258588,Approved,ALLAHABAD,North,Allahabad,UTTAR PRADESH,TRUE,211001,SAR1,India
10043,SC,8.491472,76.996,Approved,ATZ/ARA/LM1,South-2,Attingal,KERALA,TRUE,695013,ARAMADA,India
563,SC,10.77831,76.390708,Approved,OTTAPALAM,South-2,OTTAPALAM,KERALA,TRUE,679101,OTP,India
2885,RSC,23.814745,91.406982,Approved,JIRANIA,North East,Jirania,TRIPURA,TRUE,799035,,India
2090,RSC,21.1615847,79.0078386,Approved,Wadi1,Central,Nagpur,MAHARASHTRA,TRUE,440023,RSC/Wadi1,India
1356,RSC,17.5101582,75.4474942,Approved,Mangalvedha,West,Mangalvedha,MAHARASHTRA,TRUE,413305,RSC/Mangalvedha,India
3158,RSC,16.526588,76.760438,Approved,Shorapur,South-2,SHORAPUR,KARNATAKA,TRUE,585224,,India
887,RSC,22.8659668,88.6939039,Approved,Habra,East,Habra,WEST BENGAL,TRUE,743263,RSC/Habra,India
9961,RSC,20.17216,76.95908667,Approved,WAS/SJN/LM1,Central,Washim,MAHARASHTRA,TRUE,444504,Shirpur Jain,India
6030,RSC,24.0882143,85.4261116,Approved,Ichak,East,Ichak,JHARKHAND,TRUE,463081,,India
5471,RSC,24.4902335,86.648044,Approved,Jasidih,East,Deoghar,JHARKHAND,TRUE,814152,,India
2613,RSC,23.9538,88.0998,Approved,Kandi1,East,KANDI,WEST BENGAL,TRUE,855150,,India
5099,RSC,18.6218582,77.1727808,Approved,Jalkot,West,Ahmedpur,MAHARASHTRA,TRUE,413532,JAT,India
9251,RSC,19.918806,73.902692,Approved,NSK/SDG/LM1,West,Nashik,MAHARASHTRA,TRUE,422102,Shindegaon?,India
10041,Hub PC,10.51278259,76.2473686,Approved,TCR/NEU/PC1,South-2,TRICHUR,KERALA,TRUE,680005,NELLIKKUNNU,India
5352,RSC,27.9833667,94.6877545,Approved,BASAR TOWN,North East,BasarAR,ARUNACHAL PRADESH,TRUE,791101,,India
4500,RSC,30.77079167,76.73052167,Approved,Mullanpur,North,MOHALI,CHANDIGARH,TRUE,140901,MULLANPUR,India
5817,RSC,16.7696,74.1607,Approved,Kerle,West,Kolhapur,MAHARASHTRA,TRUE,416229,,India
2171,RSC,22.77431048,74.58923446,Approved,Jhabua,Central,Jhabua,MADHYA PRADESH,TRUE,457661,RJA,India
9380,SC,26.618602,94.262891,Approved,JRT/MXN/LM1,North East,Jorhat,ASSAM,TRUE,785704,Titabor,India
1239,RSC,21.27,71.9,Approved,Gharaunda,North,Gharaunda,HARYANA,TRUE,132114,RSC/Gharaunda,India
10040,RTO,28.801722,77.138972,Approved,DEL/ALR/RT1,North,Delhi NCR,DELHI,TRUE,110036,Alipur,India
1642,RSC,21.76,68.94,Approved,Chopan,North,Chopan,UTTAR PRADESH,TRUE,231205,RSC/Chopan,India
716,RSC,14.61888227,75.64464083,Approved,RSC/Ranebennur,South-2,Ranebennur,KARNATAKA,TRUE,581115,RSC/Ranebennur,India
9507,RSC,22.72954991,87.33969151,Approved,GAB/GAB/LM1,East,Chandrakona,WEST BENGAL,TRUE,721253,GARBETA,India
3276,RSC,26.64739667,79.150625,Approved,Bakewar,North,Bakewar,UTTAR PRADESH,TRUE,206124,,India
9206,SC,19.52081,84.889902,Approved,PTR/NGR/LM1,East,Purshotampur,Odisha,TRUE,761018,PURSOTAMPUR,India
6966,RSC,11.38287,78.52175,Approved,Chinnasalem,South-2,KALLAKURUCHI,TAMIL NADU,TRUE,606201,,India
9119,SC,17.310118,78.441449,Approved,HYD/ARM/LM,South-1,Shamshabad,TELANGANA,TRUE,500077,HYD/ARM,India
9949,SC,25.613811,87.838504,Approved,BRS/BRS/LM1,East,Chandi,BIHAR,TRUE,855113,Barsoi,India
9995,Hub PC,25.1201291,75.8663324,Approved,KTA/KTA/PC1,North,Kota,RAJASTHAN,TRUE,324005,Industrial Area Indraprasth,India
6361,RSC,22.4886276,92.9766123,Approved,SAIHA,North East,Saiha,MIZORAM,TRUE,796901,,India
6611,RSC,25.711427,94.462801,Approved,PHEK,North East,Phek,NAGALAND,TRUE,797108,,India
3293,RSC,32.09088167,76.33523667,Approved,Nagrota Bagwan,North,Nagrota Bagwan,HIMACHAL PRADESH,TRUE,176056,,India
9531,SC,9.668484,76.326942,Approved,CLA/CRL/LM1,South-2,Cherthala,KERALA,TRUE,688524,CHERTHALA,India
2717,RSC,22.9735,85.9509,Approved,Chowka,East,Chowka,JHARKHAND,TRUE,832401,,India
3416,RSC,20.9779,86.6712,Approved,Tihidi,East,TIHIDI,Odisha,TRUE,756130,,India
7017,RSC,8.5599198,77.1085887,Approved,Kuttichal,South-2,Trivandrum,KERALA,TRUE,695505,,India
7127,RSC,8.5587741,76.9922596,Approved,Karakulam,South-2,Trivandrum,KERALA,TRUE,695564,,India
1617,RSC,21.76,71.67,Approved,Narsingpur,Central,NARSINGPUR,MADHYA PRADESH,TRUE,487001,NAR,India
2197,RSC,22.600415,79.6198033,Approved,Lakhnadon,Central,Lakhnadon,MADHYA PRADESH,TRUE,480886,SBS,India
4642,RSC,21.8118195,79.5017235,Approved,Kurai,Central,Kurai,MADHYA PRADESH,TRUE,480880,KHA,India
4506,RSC,16.7222139,81.1006236,Approved,DENDULURU,South-1,DENDULURU,ANDHRA PRADESH,TRUE,534002,,India
3302,RSC,0.01,0.001,Approved,VISSANNAPET,South-1,VISSANNAPET,ANDHRA PRADESH,TRUE,521215,,India
2363,RSC,24.3150462,80.9756723,Approved,Amarpatan,Central,Amarpatan,MADHYA PRADESH,TRUE,485001,AMN,India
6625,RSC,16.8521437,76.5341914,Approved,Yadrami,South-2,Kalaburagi,KARNATAKA,TRUE,585325,,India
4,SC,18.605278,73.924896,Approved,PNQ/CAM,West,PUNE,MAHARASHTRA,TRUE,411047,GRD,India
304,Hub PC,13.021938,77.698734,Approved,RTO/BRY,South-2,BANGALORE,KARNATAKA,TRUE,560043,JAR1,India
3231,RSC,21.473,80.6105,Approved,Lanji,Central,Lanji,MADHYA PRADESH,TRUE,481222,LAI,India
9615,RSC,19.994616,73.707162,Approved,NSK/STP/LM1,West,Nashik,MAHARASHTRA,TRUE,422012,Satpur,India
56,SC,22.8001967,86.2104051,Approved,JMD/SNR,East,Jamshedpur,JHARKHAND,TRUE,831011,JMD,India
5409,RSC,17.1182,77.083,Approved,Chitapur,South-2,SEDAM,KARNATAKA,TRUE,585222,,India
912,RSC,17.91488,73.965371,Approved,Daryapur,Central,Daryapur,MAHARASHTRA,TRUE,444803,RSC/Daryapur,India
3230,RSC,21.166818,72.8317885,Approved,Udhna GJ,West,Surat,GUJARAT,TRUE,394210,UDA,India
6986,RSC,20.39775,76.4688,Approved,Amdapur,Central,Chikhli,MAHARASHTRA,TRUE,444301,,India
9706,SC,12.864972,77.659371,Approved,BLR/ECT/LM1,South-2,BANGALORE,KARNATAKA,TRUE,560100,Electronic City,India
3586,SC,18.550863,73.929007,Approved,RVP/KHD1,West,PUNE,MAHARASHTRA,TRUE,411014,VSI2,India
276,SC,18.550863,73.929007,Approved,PNQ/KHD,West,PUNE,MAHARASHTRA,TRUE,411014,VSI1,India
1784,SC,10.149662,76.255205,Approved,NORTH PARAVUR,South-2,Cochin,KERALA,TRUE,683520,NPR,India
7300,SC,26.458944,91.432722,Approved,ASM/NLV,North East,Barama,ASSAM,TRUE,781340,ASM/NLV,India
10030,RTO,28.299946,76.821203,Approved,DEL/UMJ/RT1,North,Delhi NCR,DELHI,TRUE,122413,Siwana,India
4912,RSC,26.3436,88.8071,Approved,Haldibari,East,Haldibari,WEST BENGAL,TRUE,735122,,India
6142,RSC,33.55,75.9667,Approved,Hadipura,North,Baramulla,JAMMU AND KASHMIR,TRUE,193301,,India
9864,SC,12.938972,77.629049,Approved,BLR/KRM/LM1,South-2,BANGALORE,KARNATAKA,TRUE,560047,Koramangala,India
4674,Terminal,12.942126,77.524589,Approved,BLR/RRN-TML,South-2,BANGALORE,KARNATAKA,TRUE,560039,BLR/RRN- TML,India
9827,SC,22.7321576,72.6433365,Approved,AMD/KHE/FC1,West,Ahmedabad,GUJARAT,TRUE,387560,Kheda,India
1085,RSC,9.00815011,76.78441762,Approved,KOTTARAKKARA,South-2,KOTTARAKKARA,KERALA,TRUE,691531,RSC/KOTTARAKKARA,India
3802,RSC,27.4645823,78.2861747,Approved,Jalesar,North,Jalesar UP,UTTAR PRADESH,TRUE,207302,,India
5130,RSC,27.3869,95.0807,Approved,TENGAKHAT,North East,Dibrugarh,ASSAM,TRUE,786103,,India
4766,RSC,22.9019,79.02732667,Approved,Kareli,Central,Kareli,MADHYA PRADESH,TRUE,487001,SRI,India
6935,SC,10.115101,76.50203,Approved,PVR/PKP,South-2,Perumbavoor,KERALA,TRUE,683548,PVR/PKP,India
2004,RSC,26.594546,85.485267,Approved,Sitamarhi1,East,SITAMARHI,BIHAR,TRUE,843302,RSC/Sitamarhi1,India
2930,RSC,8.2824032,77.1728376,Approved,Karunagal,South-2,MARTHANDAM,TAMIL NADU,TRUE,629804,Karunagal,India
5206,RSC,5,5,Approved,BOM/SA-MLD,West,Mumbai,MAHARASHTRA,TRUE,400064,MAD1,India
5626,RSC,21.561745,83.26642833,Approved,Baramkela,Central,SARANGARH,CHHATTISGARH,TRUE,496551,BAA,India
7120,RSC,20.3300875,74.2336094,Approved,Dugaon,West,Manmad,MAHARASHTRA,TRUE,423104,,India
9263,SC,22.0635657,78.9166195,Approved,CWR/CWR/LM,Central,Chindwara,MADHYA PRADESH,TRUE,480001,CHHINDWARA ,India
4261,RSC,18.9724,72.8148,Approved,Mumbai Central,West,Mumbai,MAHARASHTRA,TRUE,400034,MCL,India
4608,Terminal,18.97,72.84,Approved,BOM/MAZ-TML,West,Mumbai,MAHARASHTRA,TRUE,400010,DOI4,India
6665,SC,19.0249429,72.8348962,Approved,BOM/MAT,West,Mumbai,MAHARASHTRA,TRUE,400028,DAR1,India
40,SC,19.0048483,72.81968,Approved,BOM/WRL,West,Mumbai,MAHARASHTRA,TRUE,400018,WOI,India
477,SC,18.9999653,72.8512791,Approved,BOM/SRE,West,Mumbai,MAHARASHTRA,TRUE,400015,SEE,India
6686,RSC,19.0351176,72.8761219,Approved,BOM/SA-Wadala,West,Mumbai,MAHARASHTRA,TRUE,400037,WAA,India
9568,SC,18.9487819,72.8331232,Approved,BOM/MSB/LM1,West,Mumbai,MAHARASHTRA,TRUE,400009,Masjid Bunder East,India
465,SC,18.9358296,72.8367185,Approved,BOM/FRT,West,Mumbai,MAHARASHTRA,TRUE,400001,FOT1,India
6167,Terminal,18.9758333,72.8189967,Approved,BOM/BYCULLA-TML,West,Mumbai,MAHARASHTRA,TRUE,400011,BYA,India
2631,RSC,25.59897,79.567525,Approved,RATH,North,HAMIRPUR,UTTAR PRADESH,TRUE,210431,Jelalpur,India
9964,SC,10.0309107,76.2289153,Approved,COK/CHN/LM1,South-2,Cochin,KERALA,TRUE,682025,CHN,India
9493,SC,10.0309107,76.2289153,Approved,EKM/VPN/LM1,South-2,vypin,KERALA,TRUE,682503,VYPIN,India
5881,SC,19.202378,72.856137,Approved,BOM/KND-VEHV,West,Mumbai,MAHARASHTRA,TRUE,400101,KHI,India
1019,SC,17.120365,81.300773,Approved,Jangareddy Gudem,South-1,Jangareddy Gudem,ANDHRA PRADESH,TRUE,534447,JGM,India
9883,RSC,24.5854918,80.8725434,Approved,SAT/BBR/LM1,Central,Satna,MADHYA PRADESH,TRUE,485112,Babupur,India
9261,RSC,24.7920416,81.1581234,Approved,STN/SMR/LM1,Central,Semariya,MADHYA PRADESH,TRUE,486445,Semariya,India
3519,RSC,24.776385,80.9028017,Approved,Jaitwara,Central,JAITWARA,MADHYA PRADESH,TRUE,485221,,India
6498,RSC,27.48911,95.43577,Approved,MAKUM,North East,Tinsukia,ASSAM,TRUE,786170,,India
1959,RSC,23.4127593,76.2716231,Approved,Shajapur,Central,Shajapur,MADHYA PRADESH,TRUE,465001,NBD,India
3806,RSC,33.9451496,74.7965999,Approved,Chadoora,North,Chadoora,JAMMU AND KASHMIR,TRUE,191113,,India
9098,SC,24.2820393,83.5159129,Approved,Nagaruntari SVC,East,Nagaruntari,JHARKHAND,TRUE,822121,Nagaruntari,India
288,SC,21.161759,79.077112,Approved,NGP/MNR,Central,Nagpur,MAHARASHTRA,TRUE,440001,NGP/MNR,India
9006,SC,31.824259,75.20052,Approved,BatalaSVC,North,Batala,PUNJAB,TRUE,143505,Batala,India
1270,SC,20.952108,85.236892,Approved,TALCHER,East,TALCHER,Odisha,TRUE,759107,TLH,India
9060,SC,31.71432,75.12414,Approved,TARSIKKA SVC,North,Tarn Taran Sahib,PUNJAB,TRUE,143116,TARSIKKA SVC,India
4678,RSC,11.0523247,77.0467039,Approved,Singanallur,South-2,Coimbatore,TAMIL NADU,TRUE,641048,,India
7026,SC,19.28305,73.07722,Approved,BHI/KHL,West,Thane,MAHARASHTRA,TRUE,421302,BHI1,India
9067,SC,24.976023,84.974807,Approved,Bela1,East,Gaya,BIHAR,TRUE,804403,Gaya,India
5277,RSC,22.5601,72.9289,Approved,Savli,West,Savli,GUJARAT,TRUE,391775,SAI,India
1327,SC,9.446417,77.805417,Approved,Sivakasi,South-2,SIVAKASI,TAMIL NADU,TRUE,626189,SVK,India
44,SC,9.983449,76.291145,Approved,COK/COK,South-2,Cochin,KERALA,TRUE,682019,COK,India
9208,SC,19.755842,85.194937,Approved,BLG/BNP/LM1,East,BALUGAON,Odisha,TRUE,752030,BALUGAON,India
7265,SC,26.760731,93.155784,Approved,BSW/VNE,North East,BISWANATH CHARIALI,ASSAM,TRUE,784176,BSW/VNE,India
9340,SC,20.579125,86.687101,Approved,KDP/RJN/LM1,East,Kendrapara,Odisha,TRUE,754246,RAJNAGAR,India
9989,Hub PC,17.362315,76.823362,Approved,KLB/AUT/PC1,South-2,Kalaburagi,KARNATAKA,TRUE,585103,Auto Nagar,India
9492,SC,9.248112,76.780976,Approved,PMT/PMT/LM1,South-2,Pathanamthitta,KERALA,TRUE,689647,Pathanamthitta,India
9517,SC,9.175953,76.74013,Approved,ADR/ADR/LM1,South-2,PANDALAM,KERALA,TRUE,691525,ADOOR,India
9061,SC,31.846832,74.758316,Approved,Ajnala SVC,North,AMRITSAR,PUNJAB,TRUE,143102,Ajnala SVC,India
9709,SC,16.76333673,81.69460711,Approved,TKU/TKU/LM1,South-1,TANUKU,ANDHRA PRADESH,TRUE,534211,TANUKU,India
9603,SC,16.782658,79.32343,Approved,HLY/HLY/LM1,South-1,Nalgonda,TELANGANA,TRUE,508377,HALIYA,India
4999,SC,17.490397,78.450578,Approved,HYD/CTL,South-1,Hyderabad,TELANGANA,TRUE,500054,HYD/CTL,India
1273,SC,9.715122,76.679179,Approved,PALA,South-2,PALA,KERALA,TRUE,686575,PALA,India
221,SC,17.69224,83.170277,Approved,VPT/GJW,South-1,Gajuwaka,ANDHRA PRADESH,TRUE,530049,GJW,India
6352,SC,17.43268,78.436178,Approved,HYD/YOU-VEHV,South-1,Hyderabad,TELANGANA,TRUE,500073,HYD/YOU-VEHV,India
308,Hub PC,12.95900473,77.5915859,Approved,RTO/VST,South-2,BANGALORE,KARNATAKA,TRUE,560027,VNR,India
157,SC,10.657968,77.025595,Approved,Pollachi,South-2,Pollachi,TAMIL NADU,TRUE,642003,POL,India
908,RSC,12.462272,75.948927,Approved,Kushalnagar,South-2,Kushalnagar,KARNATAKA,TRUE,571234,RSC/Kushalnagar,India
364,SC,18.416361,76.57075,Approved,Latur,West,Latur,MAHARASHTRA,TRUE,413512,LTR,India
9432,SC,32.884686,74.786909,Approved,ANR/CSA/LM1,North,Jammu,JAMMU AND KASHMIR,TRUE,181122,Akhnoor,India
9014,SC,31.686758,75.461199,Approved,Shri-Hargobindpur/SVC,North,Gurdaspur,PUNJAB,TRUE,143515,Hargobindpur,India
9559,SC,16.32295,80.6321,Approved,DGL/DGL/LM1,South-1,DUGGIRALA,ANDHRA PRADESH,TRUE,522330,DUGGIRALA,India
3643,SC,17.381492,78.433494,Approved,RVP/MPT1,South-1,Hyderabad,TELANGANA,TRUE,500028,RVP/MPT1,India
9500,SC,12.31604609,75.07852362,Approved,KZE/HSD/LM1,South-2,Kasargode,KERALA,TRUE,671315,Kanhangad,India
6350,Hub TSP,13.02253,80.223107,Approved,MAA/NAM-ICT,South-2,Chennai,TAMIL NADU,TRUE,600015,MAA/NAM-ICT,India
9576,RSC,19.281461,73.233794,Approved,BOM/ABI/LM1,West,Mumbai,MAHARASHTRA,TRUE,421605,Ambivali ,India
3268,RSC,19.440128,73.308563,Approved,Asangaon,West,Asangaon,MAHARASHTRA,TRUE,421601,ASN,India
1630,SC,9.175197,77.535791,Approved,Sankarankoil,South-2,SANKARANKOIL,TAMIL NADU,TRUE,627756,SANK,India
1869,SC,26.425944,92.006194,Approved,MONGOLDOI,North East,MONGOLDOI,ASSAM,TRUE,784125,MONG,India
1114,SC,8.98,77.3,Approved,Tenkasi,South-2,Tenkasi,TAMIL NADU,TRUE,627803,TSI,India
628,SC,13.319737,75.793298,Approved,CHIKKAMAGALUR,South-2,Chikkamagalur,KARNATAKA,TRUE,577102,CKM,India
4868,SC,25.211737,84.97874,Approved,Jehanabad1,East,JEHANABAD,BIHAR,TRUE,804408,JNBD,India
5388,SC,25.225869,84.683905,Approved,Arwal,East,Arwal,BIHAR,TRUE,804401,ARWA,India
1492,SC,23.1836071,79.9044583,Approved,JBL/MLJ,Central,Jabalpur,MADHYA PRADESH,TRUE,482002,VNR,India
1957,SC,10.784668,76.019394,Approved,EDAPPAL,South-2,EDAPPAL,KERALA,TRUE,679578,EDP,India
1740,SC,13.633207,74.69942,Approved,Kundapura,South-2,Kundapura,KARNATAKA,TRUE,576201,KUND,India
4730,SC,26.674439,85.161688,Approved,MFP/Dhaka,East,Dhaka,BIHAR,TRUE,845418,MFP/Dhaka,India
589,SC,31.487374,76.242409,Approved,UNA,North,UNA,HIMACHAL PRADESH,TRUE,174303,UNA,India
4898,RSC,17.50704833,80.275225,Approved,KAREPALLY,South-1,Khammam,TELANGANA,TRUE,507122,,India
9518,Hub PC,19.291131,72.878698,Approved,BOM/MIR/FM1,West,Thane,MAHARASHTRA,TRUE,401107,Mira Rd East,India
9817,SC,13.0785,77.496878,Approved,BLR/CBR/LM1,South-2,BANGALORE,KARNATAKA,TRUE,560090,Chikkabanavara,India
9396,SC,17.209353,76.362371,Approved,AZP/AZP/LM1,South-2,Afzalpura,KARNATAKA,TRUE,585301,YankachI,India
9134,SC,26.04575,90.197528,Approved,GLP/JSR/LM,North East,Goalpara,ASSAM,TRUE,783132,GLP/JSR,India
9064,SC,25.935587,92.954023,Approved,LKA/LKA/LM,North East,LANKA,ASSAM,TRUE,782446,LKA/LKA,India
6818,SC,26.7141,93.97957,Approved,GLT/DRG,North East,Dergaon,ASSAM,TRUE,785614,GLT/DRG,India
7304,SC,23.51497,91.654881,Approved,TRP/AMR,North East,Amarpur,TRIPURA,TRUE,799101,TRP/AMR,India
744,SC,17.684506,83.018098,Approved,Anakapalle,South-1,Anakapalle,ANDHRA PRADESH,TRUE,531002,RSC/Anakapalle,India
2770,RSC,34.0917476,74.8034683,Approved,LalChowk,North,Srinagar,JAMMU AND KASHMIR,TRUE,190010,Shrinagar,India
2063,SC,22.6223326,88.3494173,Approved,Bally,East,HOWRAH,WEST BENGAL,TRUE,711202,BALL,India
2064,SC,16.5203717,80.6357233,Approved,VIJ/STPM,South-1,Vijayawada,ANDHRA PRADESH,TRUE,520003,VIJ/STPM,India
2061,SC,27.09987553,93.62965141,Approved,ITANAGAR,North East,ITANAGAR,ARUNACHAL PRADESH,TRUE,791111,ITAN,India
2023,SC,32.0845033,76.5293383,Approved,Palampur,North,PALAMPUR,HIMACHAL PRADESH,TRUE,176061,PLP1,India
2058,RSC,24.2659409,86.6538548,Approved,MADHOOPUR,East,madhupur,JHARKHAND,TRUE,815353,RSC/MADHOOPUR,India
2050,RSC,20.4804991,77.4936779,Approved,Karanjalad1,Central,Karanjalad,MAHARASHTRA,TRUE,444105,RSC/Karanjalad1,India
2045,RSC,24.01322333,76.37606667,Approved,Zirapur,Central,Zirapur,MADHYA PRADESH,TRUE,465691,RSC/Zirapur,India
2044,RSC,22.2509454,76.0386469,Approved,Bediya,Central,Bediya,MADHYA PRADESH,TRUE,451115,BAH,India
2031,RSC,23.7148482,72.9765254,Approved,Idar1,West,Idar,GUJARAT,TRUE,383430,ID1,India
2030,RSC,23.61131333,85.85457167,Approved,Petarbar,East,PETARBAR,JHARKHAND,TRUE,829121,RSC/Petarbar,India
2028,RSC,12.7929081,76.2448107,Approved,Holenarasipur,South-2,Holenarasipur,KARNATAKA,TRUE,573211,RSC/Holenarasipur,India
2027,RSC,21.1665604,77.3056976,Approved,Anjangaon,Central,Anjangaon,MAHARASHTRA,TRUE,444705,RSC/Anjangaon,India
2021,RSC,10.9539071,76.9889347,Approved,Malumichampatti,South-2,Malumichampatti,TAMIL NADU,TRUE,641050,RSC/Malumichampatti,India
2019,RSC,17.71872352,73.39193946,Approved,Khed,West,Khed,MAHARASHTRA,TRUE,415709,RSC/Khed,India
2017,SC,17.69002353,77.62188385,Approved,Zaheerabad2,South-1,Zaheerabad,TELANGANA,TRUE,502220,RSC/Zaheerabad2,India
2006,RSC,23.7672891,85.9385299,Approved,Jaridih Bazar,East,JARIDIH BAZAR,JHARKHAND,TRUE,829114,RSC/Jaridih Bazar,India
318,SC,32.6819254,74.8823339,Approved,JMU/JMU,North,Jammu,JAMMU AND KASHMIR,TRUE,180012,JMU,India
2003,RSC,20.700515,83.48995667,Approved,Balangir1,East,Balangir,Odisha,TRUE,767001,RSC/Balangir1,India
1993,RSC,20.7956047,79.6367011,Approved,Pauni,Central,Pauni,MAHARASHTRA,TRUE,441908,RSC/Pauni,India
1972,SC,17.0569132,78.2048259,Approved,Shadnagar1,South-1,SHADNAGAR,TELANGANA,TRUE,509216,RSC/Shadnagar1,India
1962,RSC,20.6021098,79.9534687,Approved,Wadsa1,Central,Wadsa,MAHARASHTRA,TRUE,441207,RSC/Wadsa1,India
1958,RSC,22.7569298,78.3594614,Approved,Pipariya1,Central,Pipariya,MADHYA PRADESH,TRUE,461775,RSC/Pipariya1,India
1951,RSC,16.39521667,75.27439167,Approved,Mudhol,South-2,MUDHOL,KARNATAKA,TRUE,587313,RSC/Mudhol,India
1942,RSC,15.39503122,77.5044496,Approved,Pattikonda,South-1,PATTIKONDA,ANDHRA PRADESH,TRUE,518380,RSC/Pattikonda,India
1941,RSC,20.2917583,75.6477433,Approved,Sillod1,West,Sillod,MAHARASHTRA,TRUE,431112,SI1,India
1935,RSC,19.8463851,77.849614,Approved,Mahagaon,Central,Mahagaon,MAHARASHTRA,TRUE,445205,RSC/Mahagaon,India
1933,RSC,22.34227167,77.08871,Approved,Harda1,Central,Harda,MADHYA PRADESH,TRUE,461331,PTZ,India
1928,SC,12.1879267,79.62583,Approved,TINDIVANAM,South-2,TINDIVANAM,TAMIL NADU,TRUE,604001,TVM,India
1922,RSC,26.4692374,79.4967897,Approved,Auraiya1,North,Auraiya,UTTAR PRADESH,TRUE,206122,RSC/Auraiya1,India
1924,RSC,25.95564333,83.55599667,Approved,Mau1,North,Mau,UTTAR PRADESH,TRUE,275101,RSC/Mau1,India
1920,RSC,17.91022667,83.18621,Approved,Kothavalasa1,South-1,KOTHAVALASA,ANDHRA PRADESH,TRUE,535183,RSC/Kothavalasa1,India
1919,RSC,19.8760132,75.3180747,Approved,Jahangirmalegaon,Central,Jahangirmalegaon,MAHARASHTRA,TRUE,444503,Rsc/Jahangirmalegaon,India
1918,RSC,19.73645703,79.16792919,Approved,Gadchandur,Central,Gadchandur,MAHARASHTRA,TRUE,442908,RSC/Gadchandur,India
1916,RSC,18.5645057,73.8093876,Approved,Shirur,West,Shirur,MAHARASHTRA,TRUE,412210,RSC/Shirur,India
1915,RSC,20.7245992,81.2001693,Approved,Balod,Central,Balod,CHHATTISGARH,TRUE,491226,KPA,India
1914,RSC,21.999835,81.235755,Approved,Kavardha,Central,Kavarda,CHHATTISGARH,TRUE,491995,KAA,India
1909,RSC,18.0363841,74.1820909,Approved,Lonand,West,Lonand,MAHARASHTRA,TRUE,415521,RSC/Lonand,India
1908,RSC,12.8859643,76.39911727,Approved,Channarayapatna MYS,South-2,Channarayapatna,KARNATAKA,TRUE,573116,RSC/Channarayapatna2,India
1905,RSC,15.6231244,77.2809591,Approved,Adoni1,South-1,Adoni,ANDHRA PRADESH,TRUE,518301,RSC/Adoni1,India
1904,RSC,15.31323771,78.228289,Approved,Banganapalli1,South-1,Banaganapalle,ANDHRA PRADESH,TRUE,518124,RSC/Banganapalli1,India
1901,SC,17.4029917,78.518275,Approved,HYD/NLK,South-1,Hyderabad,TELANGANA,TRUE,500013,HYD/NLK,India
1897,RSC,15.3747433,78.930745,Approved,Komarolu,South-1,Komarolu,ANDHRA PRADESH,TRUE,523357,RSC/Komarolu,India
1896,RSC,15.58448,79.116575,Approved,Cumbum,South-1,Semariya,ANDHRA PRADESH,TRUE,523333,RSC/Cumbum,India
4133,RSC,26.5339862,82.6893686,Approved,Tanda,North,TANDA,UTTAR PRADESH,TRUE,224190,,India
4107,RSC,27.7107579,80.8944572,Approved,Laharpur,North,Sitapur,UTTAR PRADESH,TRUE,261135,,India
1885,RSC,14.0974057,77.28282659,Approved,Pavagada,South-2,Pavagada,KARNATAKA,TRUE,561202,RSC/Pavagada,India
1881,SC,23.0466681,72.513745,Approved,AMD/THL,West,Ahmedabad,GUJARAT,TRUE,380054,THJ1,India
2842,RSC,8.092945,77.5522983,Approved,Kanyakumari,South-2,KANYAKUMARI,TAMIL NADU,TRUE,629703,,India
4090,RSC,26.1183417,83.8093167,Approved,Belthara Road,North,Belthara Road,UTTAR PRADESH,TRUE,221603,,India
1863,RSC,22.6965,85.9314133,Approved,Saraikela Kharswan,East,SARAIKELAKHARSWAN,JHARKHAND,TRUE,833219,RSC/SnaraikelaKharswan,India
1867,RSC,23.4077569,88.5092844,Approved,Krishnanagar1,East,Krishnanagar,WEST BENGAL,TRUE,741101,RSC/Krishnanagar1,India
1870,RSC,19.0030021,73.9539113,Approved,Manchar,West,Manchar,MAHARASHTRA,TRUE,410503,RSC/Manchar,India
1866,RSC,22.8816708,87.7558698,Approved,Goghat,East,GOGHAT,WEST BENGAL,TRUE,712614,RSC/Goghat,India
1860,SC,21.1472519,79.1192344,Approved,NGP/TEX,Central,Nagpur,MAHARASHTRA,TRUE,440008,NGP/TEX,India
2802,RSC,25.3157413,79.0064305,Approved,Mauranipur,North,Mauranipur,UTTAR PRADESH,TRUE,284205,,India
2832,RSC,20.1288065,85.1131729,Approved,Nayagarh,East,NAYAGARH,Odisha,TRUE,752070,,India
2829,RSC,14.2078929,76.4065154,Approved,Chitradurga1,South-2,CHITRADURGA,KARNATAKA,TRUE,577541,,India
1859,SC,22.7623184,88.3050809,Approved,Serampore,East,Hooghly,WEST BENGAL,TRUE,712203,SEE,India
2807,RSC,8.2657716,77.6831167,Approved,VALLIYOOR,South-2,VALLIYOOR,TAMIL NADU,TRUE,627117,,India
1843,SC,21.6318677,85.6102368,Approved,KEONJHAR,East,KEONJHAR,Odisha,TRUE,758001,KDJ,India
1841,RSC,16.2616513,74.4934283,Approved,Sankeshwar 1,South-2,Sankeshwar,KARNATAKA,TRUE,591313,RSC/Sankeshwar 1,India
1840,RSC,15.04567167,76.201145,Approved,Hagaribommanahalli2,South-2,hagaribommanahalli,KARNATAKA,TRUE,583212,RSC/Hagaribommanahalli2,India
1839,RSC,12.67581167,76.467075,Approved,Krpete,South-2,KR Pete,KARNATAKA,TRUE,571426,rsc/KRpete,India
1832,RSC,23.17596,82.1965533,Approved,Manendragarh,Central,Manendragarh,CHHATTISGARH,TRUE,497442,RSC/Manendragarh,India
1824,RSC,17.67430545,80.89792049,Approved,Bhadrachalam1,South-1,Bhadrachalam,TELANGANA,TRUE,507111,RSC/Bhadrachalam1,India
2759,RSC,27.5548771,80.707061,Approved,Sitapur,North,Sitapur,UTTAR PRADESH,TRUE,261001,,India
1797,Hub,12.9879756,80.1722988,Approved,MAA/APT,South-2,Chennai,TAMIL NADU,TRUE,600072,TIM,India
1793,Hub,22.9491191,72.4825761,Approved,AMD/APT,West,Ahmedabad,GUJARAT,TRUE,382430,SCE2,India
1787,SC,21.1414546,79.0885637,Approved,RVP/NGP,Central,Nagpur,MAHARASHTRA,TRUE,440018,RVP/NGP,India
1785,SC,23.04236167,72.599945,Approved,RVP/AMD,West,Ahmedabad,GUJARAT,TRUE,380045,THJ,India
1777,SC,9.93118942,76.35787582,Approved,TRIPPUNITHURA,South-2,Cochin,KERALA,TRUE,682301,TRIP,India
1782,SC,17.8182223,83.3618365,Approved,VPT/MWD,South-1,Visakhapatnam,ANDHRA PRADESH,TRUE,530048,VPT/MWD,India
2785,RSC,21.895713,87.5431806,Approved,Egra,East,EGRA,WEST BENGAL,TRUE,721429,,India
2782,RSC,11.36491874,77.18223379,Approved,NAMBIYUR,South-2,NAMBIYUR,TAMIL NADU,TRUE,638459,,India
2781,RSC,11.0088648,77.5759204,Approved,KANGEYAM1,South-2,KANGEYAM,TAMIL NADU,TRUE,638701,,India
2172,RSC,30.7939467,76.2071883,Approved,Machiwara,North,MACHIWARA,PUNJAB,TRUE,141115,RSC/Machiwara,India
2755,RSC,23.7067926,87.8657548,Approved,Nanoor,East,NANOOR,WEST BENGAL,TRUE,731301,,India
516,SC,18.5447003,73.9094102,Approved,DummyHUB,East,Kolkata,WEST BENGAL,TRUE,999001,DMH,India
1748,RSC,21.090866,81.0100655,Approved,Rajnandgaon1,Central,Rajnandgaon,CHHATTISGARH,TRUE,491441,RKR,India
1747,RSC,24.2711123,87.9721168,Approved,Rampurhat,East,Lohapur,WEST BENGAL,TRUE,731237,RSC/Rampurhat,India
1746,RSC,11.4958427,75.6489044,Approved,Iringath,South-2,KOZHIKODE,KERALA,TRUE,673529,RSC/Iringath,India
2737,RSC,34.117735,74.8059746,Approved,Dargah Saida Kadal,North,DARGAH,JAMMU AND KASHMIR,TRUE,190006,,India
2062,SC,26.8301267,82.7691383,Approved,BASTI,North,Basti,UTTAR PRADESH,TRUE,272002,BSTI,India
1734,RSC,25.4408352,92.2070919,Approved,Jowai,North East,Jowai,MEGHALAYA,TRUE,793150,RSC/Jowai,India
1744,SC,20.3299125,85.8274867,Approved,BBN/CSP,East,Bhubaneswar,Odisha,TRUE,751016,BBN/CSP,India
1736,RSC,18.1991607,79.3957936,Approved,Huzurabad1,South-1,Huzurabad,TELANGANA,TRUE,505468,RSC/Huzurabad1,India
1726,RSC,20.15110153,76.57790598,Approved,Mehkar,Central,Mehkar,MAHARASHTRA,TRUE,443301,RSC/Mehkar,India
1710,SC,19.1881799,73.2160847,Approved,BADLAPUR,West,Thane,MAHARASHTRA,TRUE,421503,BAR,India
1717,SC,22.7594367,75.9049447,Approved,IDR/LAS,Central,Indore,MADHYA PRADESH,TRUE,452010,TNR,India
1702,SC,19.0761575,72.9012087,Approved,BOM/GKP/LM,West,Mumbai,MAHARASHTRA,TRUE,400086,GHR,India
1699,Hub PC,17.9983822,79.5299368,Approved,WNG/HUB,South-1,Warangal,TELANGANA,TRUE,506001,VNR,India
1695,SC,28.40401846,77.30494932,Approved,RVP/FBD,North,Faridabad,HARYANA,TRUE,121005,RVP/FBD,India
1687,RSC,16.121575,80.9293317,Approved,Challapalli,South-1,CHALLAPALLI,ANDHRA PRADESH,TRUE,521126,RSC/Challapalli,India
1686,RSC,18.8380333,79.792105,Approved,Chennur,South-1,CHENNUR,TELANGANA,TRUE,504201,RSC/Chennur,India
1675,SC,22.5135571,88.2709995,Approved,BATANAGAR,East,BATANAGAR,WEST BENGAL,TRUE,700142,BATA,India
1670,SC,28.5253911,77.2745976,Approved,DEL/KLJ,North,New Delhi,DELHI,TRUE,110066,DEL/KLJ,India
1665,RSC,21.32039167,74.56685,Approved,Dondaicha,West,Dondaicha,MAHARASHTRA,TRUE,425408,RSC/Dondaicha,India
1664,RSC,21.1592244,73.7944773,Approved,Navapur,West,Navapur,MAHARASHTRA,TRUE,425418,RSC/Navapur,India
1426,RSC,25.1439441,82.5675806,Approved,Mirzapur,North,Mirzapur,UTTAR PRADESH,TRUE,231001,RSC/Mirzapur,India
1659,RSC,22.3008423,74.3534321,Approved,Alirajpur,Central,Alirajpur,MADHYA PRADESH,TRUE,457887,BSR,India
1658,RSC,19.6117,75.7949,Approved,Ambad,West,Ambad,MAHARASHTRA,TRUE,431204,RSC/Ambad,India
1656,RSC,19.19159653,72.95058141,Approved,Karjat,West,Karjat,MAHARASHTRA,TRUE,410201,KAT,India
1655,RSC,18.7805174,73.3391838,Approved,Khopoli,West,Khopoli,MAHARASHTRA,TRUE,410203,RSC/Khopoli,India
1657,RSC,19.25426739,75.7567158,Approved,Gevrai,West,Gevrai,MAHARASHTRA,TRUE,431127,RSC/Gevrai,India
1651,RSC,24.7486483,78.8264567,Approved,Tikamgarh,Central,Tikamgarh,MADHYA PRADESH,TRUE,472001,RSC/Tikamgarh,India
1650,RSC,17.8357164,76.6204729,Approved,Omerga,West,Omerga,MAHARASHTRA,TRUE,413606,RSC/Omerga,India
1424,RSC,25.5870083,83.5881067,Approved,Ghazipur,North,Ghazipur,UTTAR PRADESH,TRUE,233001,RSC/Ghazipur,India
1365,RSC,25.2671883,83.0536533,Approved,Mughalsarai1,North,Mughal Sarai,UTTAR PRADESH,TRUE,232101,RSC/Mughalsarai1,India
1619,RSC,22.1708815,71.6830047,Approved,Botad,West,Botad,GUJARAT,TRUE,364710,RSC/Botad,India
1616,RSC,20.11115201,77.7115594,Approved,Digras,Central,Digras,MAHARASHTRA,TRUE,445203,RSC/Digras,India
1614,RSC,23.7997747,79.4485237,Approved,Damoh,Central,Damoh,MADHYA PRADESH,TRUE,470661,RSC/Damoh,India
1610,RSC,16.7528299,80.6400567,Approved,Mylavaram,South-1,MYLAVARAM,ANDHRA PRADESH,TRUE,521230,RSC/Mylavaram,India
1609,RSC,15.0918006,79.4215797,Approved,Pamur,South-1,PAMUR,ANDHRA PRADESH,TRUE,523108,RSC/Pamur,India
1608,RSC,18.435955,79.8735919,Approved,Bhupalpalli1,South-1,Bhupalapalli,TELANGANA,TRUE,506169,RSC/Bhupalpalli1,India
1599,RSC,16.0617724,74.3293864,Approved,Nesari,West,Nesari,MAHARASHTRA,TRUE,416504,RSC/Nesari,India
1601,RSC,25.4339752,77.6588347,Approved,Shivpuri,Central,SHIVPURI,MADHYA PRADESH,TRUE,473995,RSC/Shivpuri,India
1596,RSC,33.0872754,74.8465219,Approved,Reasi,North,Reasi,JAMMU AND KASHMIR,TRUE,182311,RSC/Reasi,India
1593,RSC,27.0231717,95.0061496,Approved,Sonari,North East,Sonari,ASSAM,TRUE,785690,RSC/Sonari,India
1590,RSC,11.41917167,77.43620333,Approved,Gopichettipalyam,South-2,Gopichettipalyam,TAMIL NADU,TRUE,638476,RSC/Gopichettipalyam,India
1589,RSC,14.88182833,76.79165333,Approved,Rampura,South-2,Rampura,KARNATAKA,TRUE,577540,RSC/Rampura,India
1587,RSC,15.2000249,75.8849747,Approved,Mundargi,South-2,MUNDARGI,KARNATAKA,TRUE,582118,RSC/Mundargi,India
1586,RSC,12.94458,75.78872333,Approved,Sakleshpur,South-2,Sakleshpur,KARNATAKA,TRUE,573129,RSC/Sakleshpur,India
1584,SC,22.68017451,72.86796104,Approved,Nadiad,West,Nadiad,GUJARAT,TRUE,387002,NDD,India
1130,RSC,26.7968,84.0327683,Approved,Padrauna,North,Kushinagar,UTTAR PRADESH,TRUE,274304,RSC/Padrauna,India
1582,SC,25.200565,85.5058217,Approved,BiharSharif,East,BiharSharif,BIHAR,TRUE,803118,BHSF,India
1580,RSC,22.565882,85.4595385,Approved,Chakradharpur,East,CHAKRADHARPUR,JHARKHAND,TRUE,833102,RSC/Chakradharpur,India
1070,RSC,27.3600312,79.6239998,Approved,RSC/Farrukhabad,North,Farrukhabad,UTTAR PRADESH,TRUE,209601,RSC/Farrukhabad,India
1567,SC,22.3115617,73.1959246,Approved,Vadodara/KRB,West,VADODARA,GUJARAT,TRUE,390002,VAB,India
1561,SC,17.7147312,79.1717229,Approved,Jangaon1,South-1,Jangaon,TELANGANA,TRUE,506167,RSC/Jangaon1,India
1559,RSC,17.7079691,74.3200794,Approved,Pusegaon,West,Pusegaon,MAHARASHTRA,TRUE,415502,RSC/Pusegaon,India
1555,RSC,18.10960608,75.02601818,Approved,Indapur,West,Indapur,MAHARASHTRA,TRUE,413106,RSC/Indapur,India
1554,RSC,21.0301317,70.236115,Approved,Mangrol,West,Mangrol,GUJARAT,TRUE,362225,CAA,India
1552,RSC,22.9939999,71.4640007,Approved,Dharangathra,West,Dharangathra,GUJARAT,TRUE,363310,RHE,India
1545,RSC,20.18491,80.02230833,Approved,Gadchiroli,Central,Gadchiroli,MAHARASHTRA,TRUE,442605,RSC/Gadchiroli,India
1543,RSC,16.232686,80.0410547,Approved,Amarvathi,South-1,AMARAVATHI,ANDHRA PRADESH,TRUE,522020,RSC/Amarvathi,India
1030,RSC,26.7692643,79.0412719,Approved,Etawah,North,Etawah,UTTAR PRADESH,TRUE,206001,RSC/Etawah,India
1534,RSC,32.5554171,75.0784113,Approved,Samba,North,Samba,JAMMU AND KASHMIR,TRUE,184121,RSC/Samba,India
1527,RSC,14.717179,76.7481632,Approved,Molakalmuru1,South-2,Molakalmuru,KARNATAKA,TRUE,577535,RSC/Molakalmuru1,India
1521,RSC,19.21118167,73.87361,Approved,Junnar1,West,Junnar,MAHARASHTRA,TRUE,410502,JU1,India
1515,SC,31.3307117,75.614605,Approved,JLD/JUC,North,Jalandhar,PUNJAB,TRUE,144009,GRD,India
1508,SC,25.51415667,86.47231833,Approved,Khagaria,East,KHAGARIA,BIHAR,TRUE,851204,RSC/Khagaria,India
1498,SC,23.6608376,85.5127479,Approved,RAMGARH,East,Ramgarh,JHARKHAND,TRUE,829122,RAMG,India
1499,SC,26.8460672,80.8797043,Approved,LKO/RJP,North,Lucknow,UTTAR PRADESH,TRUE,226017,LKO/RJP,India
1504,SC,26.2044176,78.1480699,Approved,GWL/LSK,Central,Gwalior,MADHYA PRADESH,TRUE,474001,LAR,India
1503,SC,28.7161233,77.0779883,Approved,DEL/MGK,North,New Delhi,DELHI,TRUE,110086,DEL/MGK,India
1495,RSC,21.08369667,80.005815,Approved,Sakoli,Central,Sakoli,MAHARASHTRA,TRUE,441802,RSC/Sakoli,India
1485,RSC,18.0457344,77.2193777,Approved,Bhalki,South-2,BHALKI,KARNATAKA,TRUE,585328,RSC/Bhalki,India
1489,RSC,32.80849373,75.32125068,Approved,Ramnagar1,North,Ramnagar Udhampur,JAMMU AND KASHMIR,TRUE,182122,RSC/Ramnagar1,India
1483,RSC,15.6167917,76.0157317,Approved,Yelburaga,South-2,YELBURAGA,KARNATAKA,TRUE,583236,RSC/Yelburaga,India
1481,RSC,21.0912766,77.0558823,Approved,Akot,Central,Akot,MAHARASHTRA,TRUE,444101,RSC/Akot,India
1480,RSC,21.2756984,78.5878914,Approved,Katol,Central,Katol,MAHARASHTRA,TRUE,441302,RSC/Katol,India
1479,RSC,20.3146575,76.257895,Approved,Chikhli,Central,Chikhli,MAHARASHTRA,TRUE,443201,RSC/Chikhli,India
1477,RSC,23.3322416,77.7899247,Approved,Raisen,Central,Raisen,MADHYA PRADESH,TRUE,464551,BRD,India
1476,RSC,18.3971001,74.5399079,Approved,Patas,West,Patas,MAHARASHTRA,TRUE,412215,RSC/Patas,India
1473,RSC,20.45289667,74.99421,Approved,Chalisgaon,West,Chalisgaon,MAHARASHTRA,TRUE,424101,RSC/Chalisgaon,India
1472,RSC,32.6332555,74.7861471,Approved,MiranSahib1,North,Miran Sahib,JAMMU AND KASHMIR,TRUE,180009,RSC/MiranSahib1,India
1465,RSC,31.58376429,76.71009207,Approved,Jahu,North,Jahu,HIMACHAL PRADESH,TRUE,176048,RSC/Jahu,India
1460,RSC,16.60523167,79.725215,Approved,Dachepalli,South-1,DACHEPALLI,ANDHRA PRADESH,TRUE,522414,RSC/Dachepalli,India
1456,RSC,18.0334806,83.4955234,Approved,Bogappuram,South-1,BOGAPPURAM,ANDHRA PRADESH,TRUE,535216,RSC/Bogappuram,India
1451,RSC,16.5539432,81.2138857,Approved,Kaikalur,South-1,KAIKALUR,ANDHRA PRADESH,TRUE,521333,RSC/Kaikalur,India
817,RSC,26.9124936,81.1928498,Approved,Barabanki,North,Barabanki,UTTAR PRADESH,TRUE,225001,RSC/Barabanki,India
1437,RSC,26.1689484,80.965352,Approved,Lalganj,North,Lalganj,UTTAR PRADESH,TRUE,229206,RSC/Lalganj,India
1435,RSC,23.077963,78.5050306,Approved,Udaipura,Central,Udaipura,MADHYA PRADESH,TRUE,464770,NBD,India
1436,RSC,19.3995229,74.6550967,Approved,Rahuri,West,Rahuri,MAHARASHTRA,TRUE,413705,RSC/Rahuri,India
1434,RSC,23.55746667,72.75089,Approved,Vijapur,West,Vijapur,GUJARAT,TRUE,382870,RSC/Vijapur,India
1416,RSC,21.83413436,75.62645878,Approved,Khargone,Central,Khragone,MADHYA PRADESH,TRUE,450001,BNA,India
1415,RSC,20.83572947,79.32338043,Approved,Umred,Central,Umred,MAHARASHTRA,TRUE,441203,RSC/Umred,India
1414,RSC,21.3399932,78.0101992,Approved,Morshi,Central,Morshi,MAHARASHTRA,TRUE,444905,RSC/Morshi,India
643,RSC,26.53439077,80.47135712,Approved,Unnao,North,Unnao,UTTAR PRADESH,TRUE,209801,RSC/Unnao,India
1405,SC,17.0587414,82.1661673,Approved,Samalkot,South-1,Samalkot,ANDHRA PRADESH,TRUE,533440,SMK1,India
1398,RSC,18.4990567,79.150625,Approved,Choppadandi,South-1,Karimnagar,TELANGANA,TRUE,505415,RSC/Choppadandi,India
1399,RSC,15.5300017,79.3394817,Approved,Podili,South-1,PODILI,ANDHRA PRADESH,TRUE,523240,RSC/Podili,India
1397,RSC,16.37843167,80.82964167,Approved,Kankipadu,South-1,KANKIPADU,ANDHRA PRADESH,TRUE,521245,RSC/Kankipadu,India
1395,RSC,22.5625655,85.8073268,Approved,Chaibasa,East,CHAIBASA,JHARKHAND,TRUE,833201,RSC/Chaibasa,India
1383,SC,21.2356069,81.6098319,Approved,RPR/BHT,Central,Raipur,CHHATTISGARH,TRUE,492013,RPR/BHT,India
1369,RSC,17.55183689,82.85916947,Approved,Yellamanchili,South-1,YELLAMANCHILLI,ANDHRA PRADESH,TRUE,531055,RSC/Yellamanchili,India
1375,SC,17.5125212,78.3225879,Approved,HYD/CDN,South-1,Hyderabad,TELANGANA,TRUE,500019,HYD/CDN,India
1373,RSC,21.2666933,78.8069385,Approved,Saoner,Central,Saoner,MAHARASHTRA,TRUE,441107,CLI,India
1370,RSC,16.4300361,81.0004177,Approved,Gudivada1,South-1,Gudivada,ANDHRA PRADESH,TRUE,521301,RSC/Gudivada1,India
1367,SC,17.48281167,78.536455,Approved,HYD/SNK,South-1,Hyderabad,TELANGANA,TRUE,500094,HYD/SNK,India
1363,RSC,15.7718946,76.7520907,Approved,Sindhanur,South-2,Sindhanur,KARNATAKA,TRUE,584128,RSC/Sindhanur,India
1361,RSC,11.7814066,77.810254,Approved,Mettur,South-2,METTUR,TAMIL NADU,TRUE,636456,RSC/Mettur,India
1360,RSC,20.6354105,78.3212771,Approved,Pulgaon,Central,Pulgaon,MAHARASHTRA,TRUE,442302,NRN,India
1343,RSC,21.7424546,81.9398167,Approved,Bhatapura,Central,Bhatapura,CHHATTISGARH,TRUE,493118,RSC/Bhatapura,India
1341,RSC,21.21107,79.0648917,Approved,Godhni,Central,Godhni,MAHARASHTRA,TRUE,441123,RSC/Godhni,India
1338,RSC,24.46149667,74.87049667,Approved,Neemuch,Central,Neemuch,MADHYA PRADESH,TRUE,458441,SCH,India
1336,RSC,17.7691339,77.1320383,Approved,Humnabad,South-2,HUMNABAD,KARNATAKA,TRUE,585330,RSC/Humnabad,India
1334,RSC,15.6824713,77.7678395,Approved,Kodumuru,South-1,KODUMURU,ANDHRA PRADESH,TRUE,518464,RSC/Kodumuru,India
1330,RSC,16.05016457,80.68262949,Approved,Cherukupalli,South-1,CHERUKUPALLI,ANDHRA PRADESH,TRUE,522309,RSC/Cherukupalli,India
192,SC,32.2638024,75.6639918,Approved,Pathankot,North,Pathankot,PUNJAB,TRUE,145001,PKT,India
1323,SC,28.6065607,77.0455942,Approved,DEL/UTN,North,New Delhi,DELHI,TRUE,110078,DEL/UTN,India
1322,SC,21.2167021,72.8329194,Approved,SRT/KTG,West,Surat,GUJARAT,TRUE,395004,KAM1,India
1321,SC,21.1906737,72.774906,Approved,SRT/ADJ,West,Surat,GUJARAT,TRUE,395009,ADN,India
1314,RSC,15.40506333,77.86653,Approved,Dhone1,South-1,Dhone,ANDHRA PRADESH,TRUE,518222,RSC/Dhone1,India
1306,RSC,21.238804,81.365606,Approved,Bhilai Jamul,Central,Bhilai Jamul,CHHATTISGARH,TRUE,491001,LCK,India
144,SC,30.4836747,76.599955,Approved,Rajpura,North,Rajpura,PUNJAB,TRUE,140401,RJP,India
1300,RSC,20.6696427,75.338541,Approved,Pachora,West,Pachora,MAHARASHTRA,TRUE,424201,RSC/Pachora,India
1298,RSC,15.8517583,75.11033,Approved,Munavalli,South-2,MUNAVALLI,KARNATAKA,TRUE,591117,RSC/Munavalli,India
1297,RSC,13.68993333,75.24077,Approved,Thirthahalli,South-2,Thirthahalli,KARNATAKA,TRUE,577432,RSC/Thirthahalli,India
1296,RSC,14.361198,75.1791937,Approved,Sorab,South-2,Sorab,KARNATAKA,TRUE,577429,RSC/Sorab,India
1294,RSC,20.53594374,78.84870007,Approved,Hinganghat,Central,Hinganghat,MAHARASHTRA,TRUE,445001,RSC/Hinganghat,India
1289,SC,26.4831307,80.2775346,Approved,KNP/VKN,North,Kanpur,UTTAR PRADESH,TRUE,208017,KNP/VKN,India
1283,RSC,12.2046112,76.897857,Approved,Tnarasipur,South-2,TNARASIPUR,KARNATAKA,TRUE,571110,RSC/Tnarasipur,India
1282,RSC,9.8280016,78.4998779,Approved,Sivagangai,South-2,SHIVAGANGAI,TAMIL NADU,TRUE,630561,RSC/Sivagangai,India
1281,RSC,14.2763693,75.3563392,Approved,Shikaripura,South-2,Shikaripura,KARNATAKA,TRUE,577214,RSC/Shikaripura,India
1280,RSC,13.2165674,75.0032449,Approved,Karkala,South-2,KARKALA,KARNATAKA,TRUE,576117,RSC/Karkala,India
1275,RSC,11.4478485,75.8226702,Approved,Balussery,South-2,KOZHIKODE,KERALA,TRUE,673612,RSC/Balussery,India
1267,SC,12.5291524,75.0155918,Approved,Kasargode,South-2,Kasargode,KERALA,TRUE,671123,KGD,India
1265,RSC,15.1308767,78.5061983,Approved,Allagadda,South-1,Allagadda,ANDHRA PRADESH,TRUE,518543,RSC/Allagadda,India
1264,RSC,17.3649833,82.5490417,Approved,Tuni,South-1,Tuni,ANDHRA PRADESH,TRUE,533401,RSC/Tuni,India
1263,RSC,18.8818237,77.95272432,Approved,Basar,South-1,BASAR,TELANGANA,TRUE,504101,RSC/Basar,India
1259,RSC,18.7275484,76.3881821,Approved,Ambejogai,West,Ambejogai,MAHARASHTRA,TRUE,431517,RSC/Ambejogai,India
1253,SC,12.1098253,75.2014114,Approved,Payyannur,South-2,Kannur,KERALA,TRUE,670307,PYY,India
1249,RSC,11.57619833,77.586535,Approved,Anthiyur,South-2,Anthiyur,TAMIL NADU,TRUE,638501,RSC/Anthiyur,India
2704,RSC,21.8176217,87.3055067,Approved,Dantan,East,Dantan,WEST BENGAL,TRUE,721426,,India
1245,RSC,32.5437271,75.9410973,Approved,Dalhousie,North,DALHOUSIE,HIMACHAL PRADESH,TRUE,176303,RSC/Dalhousie,India
1242,RSC,32.2040111,75.4455103,Approved,Taragarh,North,Taragarh,PUNJAB,TRUE,143534,RSC/Taragarh,India
1237,RSC,24.6399096,93.9961351,Approved,Thoubal,North East,THOUBAL,MANIPUR,TRUE,795138,RSC/Thoubal,India
1231,RSC,15.73015029,79.26518547,Approved,Markapur,South-1,MARKAPUR,ANDHRA PRADESH,TRUE,523316,RSC/Markapur,India
1221,RSC,16.6026671,81.8010932,Approved,Achanta,South-1,ACHANTA,ANDHRA PRADESH,TRUE,534123,RSC/Achanta,India
1224,RSC,20.8052361,70.6918282,Approved,Kodinar,West,Junagadh,GUJARAT,TRUE,362720,CAA1,India
1219,RSC,15.8151551,79.9757924,Approved,Addanki,South-1,ADDANKI,ANDHRA PRADESH,TRUE,523201,RSC/Addanki,India
1216,RSC,15.772361,79.6770478,Approved,DARSI,South-1,DARSI,ANDHRA PRADESH,TRUE,523247,RSC/DARSI,India
1207,RSC,29.25825333,74.394885,Approved,Rawatsar,North,Rawatsar,RAJASTHAN,TRUE,335524,RSC/Rawatsar,India
1202,SC,13.0133767,76.1314967,Approved,Hassan1,South-2,Hassan,KARNATAKA,TRUE,573201,HSS1,India
1200,SC,10.669004,79.4421905,Approved,Mannargudi,South-2,Tiruvarur,TAMIL NADU,TRUE,614001,ANM,India
1197,RSC,23.2949569,87.4267158,Approved,Sonamukhi,East,SONAMUKHI,WEST BENGAL,TRUE,722207,RSC/Sonamukhi,India
1188,RSC,14.4175167,75.7811133,Approved,Malebennur,South-2,Malebennur,KARNATAKA,TRUE,577530,RSC/Malebennur,India
1187,RSC,14.825135,76.22654667,Approved,Kottur,South-2,hagaribommanahalli,KARNATAKA,TRUE,583212,RSC/Kottur,India
1184,RSC,14.90228103,76.38644102,Approved,Kudligi,South-2,hagaribommanahalli,KARNATAKA,TRUE,583212,RSC/Kudligi,India
1189,RSC,23.2185559,87.8802924,Approved,Burdwan1,East,Burdwan,WEST BENGAL,TRUE,713103,RSC/Burdwan1,India
1166,RSC,31.6082267,76.5626842,Approved,Bhota,North,Bhota,HIMACHAL PRADESH,TRUE,176041,RSC/Bhota,India
1158,Hub PC,11.9213983,75.5051583,Approved,Kannur/HUB,South-2,Kannur,KERALA,TRUE,670004,CHE,India
1155,SC,22.74157333,75.85096,Approved,IDR/MMT,Central,Indore,MADHYA PRADESH,TRUE,452007,MAA3,India
1150,SC,9.89111,76.6966717,Approved,Thodupuzha,South-2,Thodupuzha,KERALA,TRUE,664684,THP,India
1142,RSC,19.3687404,78.7806946,Approved,Utnoor,South-1,Utnoor,TELANGANA,TRUE,504311,RSC/Utnoor,India
1139,RSC,15.164185,77.3769467,Approved,Guntakal,South-1,GUNTAKAL,ANDHRA PRADESH,TRUE,515801,RSC/Guntakal,India
1138,RSC,14.8592968,78.3857097,Approved,Jammalamadugu,South-1,Jammalamadugu,ANDHRA PRADESH,TRUE,516434,RSC/Jammalamadugu,India
1104,RSC,24.26960008,80.76236717,Approved,Maihar,Central,Maihar,MADHYA PRADESH,TRUE,485771,RSC/Maihar,India
1089,RSC,15.72252573,75.38389344,Approved,NARGUND,South-2,NARGUND,KARNATAKA,TRUE,582207,RSC/NARGUND,India
1090,RSC,26.1261215,89.4620924,Approved,Dinhata,East,Dinhata,WEST BENGAL,TRUE,736168,RSC/Dinhata,India
1058,RSC,21.3479032,74.2477912,Approved,Nandurbar,West,Nandurbar,MAHARASHTRA,TRUE,425412,RSC/Nandurbar,India
1056,RSC,19.898055,75.1188883,Approved,Lasur,West,Lasur,MAHARASHTRA,TRUE,423702,RSC/Lasur,India
1042,SC,21.4964618,70.4048567,Approved,Junagadh,West,Junagadh,GUJARAT,TRUE,362001,CAA,India
1041,SC,18.2427105,73.2840447,Approved,Mangaon,West,Mangaon,MAHARASHTRA,TRUE,402104,MGO,India
1026,RSC,32.9237117,74.931525,Approved,Katra,North,Katra,JAMMU AND KASHMIR,TRUE,182301,RSC/Katra,India
1022,RSC,15.092605,77.7628467,Approved,Gooty,South-1,Gooty,ANDHRA PRADESH,TRUE,515401,RSC/Gooty,India
1016,RSC,14.16249167,75.02310667,Approved,Sagarcity,South-2,SAGARA,KARNATAKA,TRUE,577401,RSC/Sagarcity,India
1002,SC,22.8875019,88.3868993,Approved,Chandannagar,East,Chandannagar,WEST BENGAL,TRUE,712136,CDH,India
1001,RSC,14.24713667,75.668765,Approved,Honnalli,South-2,Honnalli,KARNATAKA,TRUE,577217,RSC/Honnalli,India
990,RSC,30.9616624,74.9861715,Approved,Zira,North,Zira,PUNJAB,TRUE,142047,RSC/Zira,India
982,SC,16.8555655,81.92959526,Approved,Mandapeta,South-1,Mandapeta,ANDHRA PRADESH,TRUE,533308,MDP,India
968,RSC,19.039165,77.6456438,Approved,Umri,West,Umri,MAHARASHTRA,TRUE,431807,RSC/Umri,India
964,RSC,16.0672749,80.5486723,Approved,Ponnur,South-1,Ponnur,ANDHRA PRADESH,TRUE,522311,RSC/Ponnur,India
945,RSC,23.2169812,77.0755146,Approved,Sehore,Central,Sehore,MADHYA PRADESH,TRUE,466001,RSC/Sehore,India
943,RSC,10.2970889,76.1698831,Approved,Triprayar,South-2,Triprayar,KERALA,TRUE,680711,RSC/Triprayar,India
942,RSC,8.4458667,77.1945933,Approved,Neyyattinkara,South-2,Neyyattinkara,KERALA,TRUE,695505,RSC/Neyyattinkara,India
941,SC,28.5729138,77.2426505,Approved,DEL/LPN,North,New Delhi,DELHI,TRUE,110024,DEL/LPN,India
932,RSC,21.2924896,77.5168657,Approved,Paratwadda,Central,Paratwadda,MAHARASHTRA,TRUE,444806,RSC/Paratwadda,India
922,RSC,18.78482017,83.42957248,Approved,Parvathipuram,South-1,Parvathipuram,ANDHRA PRADESH,TRUE,535501,RSC/Parvathipuram,India
915,RSC,22.6064059,80.371111,Approved,Mandla,Central,Mandla,MADHYA PRADESH,TRUE,481661,RSC/Mandla,India
910,RSC,21.47363667,78.27152667,Approved,Warud,Central,Warud,MAHARASHTRA,TRUE,444906,RSC/Warud,India
902,SC,28.7363712,77.16559,Approved,DEL/JPR,North,New Delhi,DELHI,TRUE,110033,DEL/JPR,India
903,RSC,22.779385,73.62003667,Approved,Godhra,West,Godhra,GUJARAT,TRUE,389001,RSC/Godhra,India
896,RSC,17.43513262,75.19099245,Approved,Sangola,West,Sangola,MAHARASHTRA,TRUE,413307,RSC/Sangola,India
889,RSC,21.86394333,84.02410167,Approved,Jharsuguda,East,Jharsuguda,Odisha,TRUE,752162,RSC/Jharsuguda,India
886,RSC,22.67017833,88.84960167,Approved,Basirhat,East,Basirhat,WEST BENGAL,TRUE,743412,RSC/Basirhat,India
890,RSC,21.75047,87.243575,Approved,Jaleswar,East,JALESWAR,Odisha,TRUE,756032,RSC/Jaleswar,India
881,RSC,10.38589167,78.79777833,Approved,Pudukkottai,South-2,Pudukkottai,TAMIL NADU,TRUE,622002,RSC/Pudukkottai,India
879,SC,11.1240208,76.1293811,Approved,Manjery,South-2,Manjery,KERALA,TRUE,676122,MJE,India
875,RSC,17.8300336,82.9310965,Approved,Chodavaram,South-1,Chodavaram,ANDHRA PRADESH,TRUE,531036,RSC/Chodavaram,India
876,RSC,19.9751527,76.7903507,Approved,Risod,Central,Risod,MAHARASHTRA,TRUE,444506,PCE,India
874,RSC,18.01855747,83.15719429,Approved,S Kota,South-1,S Kota,ANDHRA PRADESH,TRUE,535145,RSC/S Kota,India
872,RSC,16.0204898,80.8388635,Approved,Repalle,South-1,Repalle,ANDHRA PRADESH,TRUE,522265,RSC/Repalle,India
855,SC,9.3635396,78.8391491,Approved,Ramanathapuram,South-2,Ramanathapuram,TAMIL NADU,TRUE,623504,RMT,India
843,RSC,13.6778213,77.4803345,Approved,Gouribidanur,South-2,Gouribidanur,KARNATAKA,TRUE,561208,RSC/Gouribidanur,India
842,RSC,11.58136045,77.80836907,Approved,Edappadi,South-2,Sankagiri,TAMIL NADU,TRUE,636306,RSC/Edappadi,India
836,RSC,24.71603167,80.183185,Approved,Panna,Central,Panna,MADHYA PRADESH,TRUE,488001,RSC/Panna,India
834,RSC,21.3427657,74.8841956,Approved,Shirpur,West,Shirpur,MAHARASHTRA,TRUE,425405,RSC/Shirpur,India
831,RSC,16.22756,74.35285,Approved,Gadhingalaj,West,Gadhingalaj,MAHARASHTRA,TRUE,416502,RSC/Gadhingalaj,India
823,SC,28.51499,77.29574167,Approved,RVP/SDE,North,Delhi NCR,DELHI,TRUE,110044,OKA,India
822,SC,28.61793333,77.02617333,Approved,RVP/DWA,North,Delhi NCR,DELHI,TRUE,110078,RVP/DWA,India
812,SC,20.2436735,85.8594372,Approved,BBN/BJB,East,Bhubaneswar,Odisha,TRUE,751018,BBN/BJB,India
809,RSC,15.91827,78.6090567,Approved,Atmakur,South-1,Atmakur,ANDHRA PRADESH,TRUE,518422,RSC/Atmakur,India
814,RSC,26.7171305,89.1422137,Approved,Birpara,East,Birpara,WEST BENGAL,TRUE,735204,RSC/Birpara,India
811,SC,23.07872392,70.11489755,Approved,Gandhidham,West,Gandhidham,GUJARAT,TRUE,370201,Gandhidham/GDM,India
802,RSC,20.71186833,76.585655,Approved,Khamgaon,Central,Khamgaon,MAHARASHTRA,TRUE,444110,RSC/Khamgaon,India
801,RSC,21.38508956,79.75599324,Approved,Tumsar,Central,Tumsar,MAHARASHTRA,TRUE,441912,RSC/Tumsar,India
800,RSC,21.17691833,79.63849667,Approved,Bhandara,Central,Bhandara,MAHARASHTRA,TRUE,441904,RSC/Bhandara,India
788,SC,34.0515635,74.789948,Approved,SXR/HDP,North,Srinagar,JAMMU AND KASHMIR,TRUE,190014,SXR/HDP,India
787,SC,34.0939187,74.8207777,Approved,SXR/RNW,North,Srinagar,JAMMU AND KASHMIR,TRUE,190003,SXR/RNW,India
785,RSC,24.755019,93.9461493,Approved,ImphalEast,North East,Imphal,MANIPUR,TRUE,795008,RSC/IMPHAL-EAST,India
784,RSC,18.8477608,76.5276637,Approved,ParliVaijnath,West,Hingoli,MAHARASHTRA,TRUE,431515,PAH,India
781,RSC,20.0418312,74.4949885,Approved,Yeola,West,Yeola,MAHARASHTRA,TRUE,423401,RSC/Yeola,India
774,RSC,19.0047524,75.7497213,Approved,Beed,West,Beed,MAHARASHTRA,TRUE,431122,RSC/Beed,India
773,RSC,20.5116145,76.195552,Approved,Buldhana,Central,Buldhana,MAHARASHTRA,TRUE,443001,RSC/Buldhana,India
764,SC,20.2707948,73.0167165,Approved,Silvassa,West,SILVASSA,GUJARAT,TRUE,296230,D&I,India
761,RSC,18.73374333,73.09732167,Approved,Pen,West,Pen,MAHARASHTRA,TRUE,402107,PEN,India
757,RSC,31.4591118,74.9219949,Approved,RSC/Tarn Taran Sahib,North,Tarn Taran Sahib,PUNJAB,TRUE,143401,RSC/Tarn Taran Sahib,India
756,RSC,17.2607436,77.5919893,Approved,Tandur,South-1,Tandur,TELANGANA,TRUE,501141,RSC/Tandur,India
751,RSC,19.6654478,78.5389155,Approved,Adilabad,South-1,Adilabad,TELANGANA,TRUE,504001,RSC/Adilabad,India
743,RSC,17.9752132,74.4289763,Approved,Veeta,West,Veeta,MAHARASHTRA,TRUE,415311,RSC/Veeta,India
721,RSC,13.65483438,78.94841488,Approved,Piler,South-1,Piler,ANDHRA PRADESH,TRUE,517214,RSC/Piler,India
729,RSC,12.7556983,75.217985,Approved,Uppinangady,South-2,Uppinangady,KARNATAKA,TRUE,574201,RSC/Uppinangady,India
725,RSC,19.10505167,78.34638167,Approved,Nirmal,South-1,NIRMAL,TELANGANA,TRUE,504106,RSC/Nirmal,India
723,RSC,15.765785,77.47486333,Approved,Yemmiganur,South-1,Yemmiganur,ANDHRA PRADESH,TRUE,518360,RSC/Yemmiganur,India
711,Hub,20.3822756,85.8856615,Approved,BBN/HUB,East,Bhubaneswar,Odisha,TRUE,751006,KAA,India
710,SC,23.042436,72.5998212,Approved,AMD/ASV,West,Ahmedabad,GUJARAT,TRUE,380045,AHA,India
702,SC,16.3663842,78.0707794,Approved,Wanaparthy,South-1,Wanaparthy,TELANGANA,TRUE,509103,RSC/Wanaparthy,India
694,RSC,10.7333902,76.7860714,Approved,Nallepilly,South-2,PALAKKAD,KERALA,TRUE,678553,RSC/Nallepilly,India
692,RSC,10.0956881,78.7713984,Approved,Karaikudi,South-2,KARAIKUDI,TAMIL NADU,TRUE,630002,RSC/Karaikudi,India
689,RSC,9.453143,77.5577892,Approved,Rajapalayam,South-2,Rajapalayam,TAMIL NADU,TRUE,626117,Rsc/Rajapalayam,India
681,SC,28.136385,77.320663,Approved,Palwal,North,Delhi NCR,HARYANA,TRUE,121102,PLW,India
4099,RSC,21.73908256,70.45870709,Approved,Dhoraji,West,Dhoraji,GUJARAT,TRUE,360410,DHI,India
4028,RSC,21.0199437,75.7814538,Approved,Bhusawal City,West,Bhusawal,MAHARASHTRA,TRUE,425201,BCY,India
3959,RSC,18.9606486,76.7467527,Approved,Gangakhed1,West,Gangakhed,MAHARASHTRA,TRUE,431514,GA1,India
3769,RSC,22.82571333,70.81205,Approved,Morbi1,West,Morbi,GUJARAT,TRUE,363641,FRD,India
662,SC,12.8028794,78.7356185,Approved,AMBUR,South-2,AMBUR,TAMIL NADU,TRUE,635802,ABR,India
3163,RSC,23.23844,72.50123667,Approved,Kalol GJ,West,Kalol,GUJARAT,TRUE,382721,,India
2345,RSC,17.0535132,74.2642684,Approved,Kasegaon,West,kasegaon,MAHARASHTRA,TRUE,415409,RSC/Kasegaon,India
2025,RSC,19.886321,74.4674,Approved,Kopargaon,West,Kopargaon,MAHARASHTRA,TRUE,423601,RSC/Kopargaon,India
655,SC,9.57192952,77.96068163,Approved,Virudhunagar,South-2,Virudhunagar,TAMIL NADU,TRUE,626101,VRR,India
2746,RSC,20.7634983,80.0394769,Approved,Arjunimorgaon,Central,Arjuni Morgaon,MAHARASHTRA,TRUE,441701,,India
2745,RSC,20.22770599,78.99784441,Approved,Warora,Central,WARORA,MAHARASHTRA,TRUE,442907,,India
2744,SC,23.04677833,72.513605,Approved,RVP/THL,West,Ahmedabad,GUJARAT,TRUE,380054,ASJ,India
2739,RSC,17.5229738,73.5138527,Approved,Chiplun1,West,Chiplun,MAHARASHTRA,TRUE,415605,CH1,India
2738,RSC,34.011356,74.8119772,Approved,Budgam1,North,BUDGAM,JAMMU AND KASHMIR,TRUE,191111,,India
2732,RSC,9.964632,77.7904413,Approved,Usilampatti1,South-2,Usilampatti,TAMIL NADU,TRUE,625532,,India
2725,RSC,8.1550682,77.2949117,Approved,Manavalakurichi,South-2,Nagercoil,TAMIL NADU,TRUE,629252,Manavalakurichi,India
2722,RSC,26.64838288,89.49018289,Approved,Kalchini,East,Kalchini,WEST BENGAL,TRUE,735217,,India
2719,RSC,14.1904283,74.4814717,Approved,Murdeshwar,South-2,MANKI,KARNATAKA,TRUE,581348,MKI/MB1,India
2711,RSC,19.428715,78.4476483,Approved,ICHODA,South-1,ICHODA,TELANGANA,TRUE,504307,,India
2710,RSC,20.388385,85.55278667,Approved,Banki,East,Banki,Odisha,TRUE,754008,,India
2708,RSC,22.82846844,87.87485639,Approved,PURSURAH,East,Pursurah,WEST BENGAL,TRUE,712401,,India
2716,RSC,18.27761,83.3365483,Approved,GAJAPATHINAGARAM,South-1,GAJAPATHINAGARAM,ANDHRA PRADESH,TRUE,535270,,India
2702,RSC,18.6059568,83.7569755,Approved,PALAKONDA,South-1,PALAKONDA,ANDHRA PRADESH,TRUE,532440,,India
2700,SC,28.5058911,77.0215351,Approved,DEL/MBR,North,Delhi NCR,DELHI,TRUE,122017,DEL/MBR,India
2697,RSC,13.198785,74.76884833,Approved,Katapadi,South-2,PETHRI,KARNATAKA,TRUE,576215,,India
2668,RSC,30.16147833,76.87658833,Approved,Shahabad,North,SHAHABAD,HARYANA,TRUE,136135,,India
2901,RSC,24.478635,75.13884,Approved,Manasa,Central,Manasa,MADHYA PRADESH,TRUE,458110,MMA,India
2667,RSC,25.43944333,81.83667667,Approved,Kydganj,North,KADGANJ,UTTAR PRADESH,TRUE,211003,,India
2665,RSC,15.23148333,78.30718667,Approved,KOILAKUNTLA,South-1,KOILAKUNTLA,ANDHRA PRADESH,TRUE,518134,,India
2655,RSC,18.19122833,79.70593667,Approved,PARKAL1,South-1,Parkal,TELANGANA,TRUE,506164,,India
2653,RSC,32.04950458,76.47682993,Approved,Paraur,North,PARAUR,HIMACHAL PRADESH,TRUE,176064,,India
2648,RSC,31.760854,76.3548515,Approved,Nadaun,North,Nadaun,HIMACHAL PRADESH,TRUE,177033,,India
2637,RSC,31.8577123,76.2225611,Approved,Dehra,North,Dehra,HIMACHAL PRADESH,TRUE,177104,,India
2633,RSC,17.26590833,78.39089333,Approved,KATTEDAN,South-1,KATTEDAN,TELANGANA,TRUE,501218,,India
2627,RSC,16.13183,73.7029497,Approved,Oras,West,Kudal,MAHARASHTRA,TRUE,416812,ORS,India
2626,RSC,18.263075,75.4614117,Approved,Donja,West,Paranda,MAHARASHTRA,TRUE,413502,DOA,India
2624,RSC,20.0588182,78.9512742,Approved,Wani,Central,Wani,MAHARASHTRA,TRUE,445304,,India
2619,SC,22.262271,73.2210027,Approved,Vadodara/WGD,West,VADODARA,GUJARAT,TRUE,390009,VAD,India
2602,RSC,31.6065273,75.517895,Approved,DHILWAN,North,dhilwan,PUNJAB,TRUE,144621,,India
2608,SC,13.708263,80.0136879,Approved,SULLURPETA,South-1,Sullurpeta,ANDHRA PRADESH,TRUE,524401,SULLURPETA,India
2603,RSC,24.6946689,83.0611983,Approved,ROBERTSGANJ,North,Robertsganj,UTTAR PRADESH,TRUE,231216,,India
2601,RSC,13.2769067,79.0415983,Approved,KANIPAKAM,South-1,KANIPAKAM,ANDHRA PRADESH,TRUE,517131,,India
2600,RSC,14.94679,77.59587833,Approved,PAMIDI,South-1,PAMIDI,ANDHRA PRADESH,TRUE,515775,,India
2596,RSC,19.84449,75.25398,Approved,Waluj,West,CHHATRAPATI SAMBHAJINAGAR,MAHARASHTRA,TRUE,431136,,India
2594,RSC,23.7857716,79.1473656,Approved,Garhakota,Central,Sagar,MADHYA PRADESH,TRUE,470229,,India
2581,RSC,20.47980667,86.20128,Approved,Nischintakoili,East,Cuttack,Odisha,TRUE,754207,,India
2579,RSC,18.7131835,76.069712,Approved,Kaij,West,Beed,MAHARASHTRA,TRUE,431123,,India
2578,RSC,24.01481513,76.37862071,Approved,Nalkheda,Central,Shajapur,MADHYA PRADESH,TRUE,465447,JRD,India
2577,RSC,21.3159006,83.010516,Approved,Basna,Central,Basna,CHHATTISGARH,TRUE,493554,,India
2576,RSC,21.807304,71.4963648,Approved,Chotila,West,Surendranagar,GUJARAT,TRUE,363520,CNR,India
2574,RSC,14.72987167,78.65792,Approved,CHAPADU,South-1,CHAPADU,ANDHRA PRADESH,TRUE,516356,,India
2575,RSC,22.0507665,73.1286154,Approved,Karjan,West,BHAVNAGAR,GUJARAT,TRUE,391240,,India
2572,RSC,21.55614833,74.02296,Approved,Akkalkuwa,West,Nandurbar,MAHARASHTRA,TRUE,425415,AKA,India
2567,RSC,18.51082483,76.87238557,Approved,Chakur,West,Chakur,MAHARASHTRA,TRUE,413513,Chakur,India
2569,RSC,16.6766895,81.6106433,Approved,ATTILI,South-1,ATTILI,ANDHRA PRADESH,TRUE,534134,,India
2565,RSC,15.3786633,73.924165,Approved,Cortalim Verna,West,Goa,GOA,TRUE,403710,CVA,India
2561,RSC,21.0237247,76.8372607,Approved,Telhara,Central,Telhara,MAHARASHTRA,TRUE,444108,,India
2558,RSC,16.5860993,81.3867512,Approved,AKIVIDU,South-1,AKIVIDU,ANDHRA PRADESH,TRUE,534235,,India
2560,RSC,20.71519667,76.56142167,Approved,Balapur,Central,Balapur,MAHARASHTRA,TRUE,444302,,India
2554,RSC,22.51885833,88.94457667,Approved,Bokchora,East,Bokchora,WEST BENGAL,TRUE,743456,,India
2552,RSC,23.06347833,88.74692667,Approved,Gopal Nagar,East,Gopalnagar,WEST BENGAL,TRUE,743262,,India
2544,SC,28.43365,77.03355667,Approved,RVP/GGN,North,Gurgaon,HARYANA,TRUE,122018,RVP/GGN,India
2543,SC,28.47888833,77.10078333,Approved,RVP/DLF,North,Delhi NCR,DELHI,TRUE,122002,RVP/DLF,India
2542,RSC,18.8738717,78.38529,Approved,DOODGAON,South-1,DOODGAON,TELANGANA,TRUE,503219,,India
2535,Transportation-H,11.09117031,77.34654999,Approved,TRP/HUB-TSP,South-2,Tirupur,TAMIL NADU,TRUE,641603,TRP/HUB-TSP,India
2534,SC,17.4447967,78.5152383,Approved,HYD/BWN,South-1,Hyderabad,TELANGANA,TRUE,500011,HYD/BWN,India
2533,SC,18.99984926,72.85126741,Approved,RVP/MAZ,West,Mumbai,MAHARASHTRA,TRUE,400015,SEE,India
2525,RSC,24.1945645,75.6431513,Approved,Shamgarh,Central,Mandsaur,MADHYA PRADESH,TRUE,458883,RCY,India
2522,RSC,22.0419617,82.238615,Approved,Sipta,Central,Bilaspur,CHHATTISGARH,TRUE,495555,,India
2521,RSC,21.5448117,81.8008276,Approved,Tilda,Central,Tilda,CHHATTISGARH,TRUE,493114,JCK,India
2516,RSC,23.0260817,76.7158707,Approved,Ashta,Central,Ashta,MADHYA PRADESH,TRUE,466116,,India
2515,RSC,8.204925,77.4495567,Approved,Kadukkarai,South-2,Nagercoil,TAMIL NADU,TRUE,629851,Kadukkarai,India
2513,RSC,13.0281264,77.0413095,Approved,Kunigal.,South-2,Nagasandra,KARNATAKA,TRUE,572130,,India
2512,RSC,25.4972037,80.3678582,Approved,Banda,North,Banda,UTTAR PRADESH,TRUE,210001,,India
2510,RSC,21.55045807,74.47213434,Approved,Borad,West,Shahada,MAHARASHTRA,TRUE,425409,,India
2501,RSC,15.2566189,74.1121431,Approved,Curchorem,West,Goa,GOA,TRUE,403706,CUM,India
2499,RSC,20.34050385,83.15475418,Approved,Titilagarh,East,Titlagarh,Odisha,TRUE,767033,,India
2494,RSC,31.6778128,76.7288086,Approved,Sarkaghat,North,Sarkaghat,HIMACHAL PRADESH,TRUE,175024,,India
2493,RSC,24.8186282,93.9265392,Approved,LAMPHEL,North East,Imphal,MANIPUR,TRUE,795004,,India
2490,RSC,28.897778,77.1306733,Approved,Kundli,North,Sonipat,HARYANA,TRUE,131023,,India
2488,RSC,20.4508181,85.107511,Approved,Narasinghpur,East,Narasinghpur,Odisha,TRUE,754032,,India
2486,RSC,25.1879167,86.1001781,Approved,Lakhisarai,East,Lakhisarai,BIHAR,TRUE,811311,,India
2484,RSC,18.5695083,83.3465717,Approved,BOBBILLI,South-1,BOBBILLI,ANDHRA PRADESH,TRUE,535558,,India
2479,Hub,19.2654113,73.0669329,Approved,BHIWANDI/LH1,West,Bhiwandi,MAHARASHTRA,TRUE,421302,TPA,India
2477,RSC,23.403282,79.0181118,Approved,Deori,Central,Deori,MADHYA PRADESH,TRUE,470226,,India
2470,RSC,13.95143358,79.57886059,Approved,VENKATAGIRI,South-1,VENKATAGIRI,ANDHRA PRADESH,TRUE,524132,,India
2464,RSC,23.9235809,91.8614086,Approved,AMBASA,North East,Ambasa,TRIPURA,TRUE,799204,,India
2460,RSC,12.96187667,77.23377833,Approved,Magadi,South-2,Magadi,KARNATAKA,TRUE,562120,,India
2462,RSC,18.5653159,78.9882043,Approved,GANGADHARA,South-1,GANGADHARA,TELANGANA,TRUE,505531,,India
2452,RSC,21.02531095,77.82317015,Approved,Nandgaonpeth,Central,Nandgaonpeth,MAHARASHTRA,TRUE,444901,,India
2450,RSC,8.22075,77.6133405,Approved,CHENBAGARAMANPUTHUR,South-2,Nagercoil,TAMIL NADU,TRUE,629304,CHENBAGARAMANPUTHUR,India
2449,RSC,15.6216808,80.0206161,Approved,MEDARAMETLA,South-1,Medarametla,ANDHRA PRADESH,TRUE,523211,,India
2443,RSC,10.3174523,76.1241753,Approved,Edamuttam,South-2,Edamuttam,KERALA,TRUE,680681,,India
2437,RSC,18.10493333,73.50126,Approved,Mahad,West,Mahad,MAHARASHTRA,TRUE,402302,,India
2440,RSC,11.8798967,75.3887133,Approved,Valiyannur,South-2,Valiyannur,KERALA,TRUE,670005,,India
2434,SC,28.67824833,77.422335,Approved,RVP/ANG,North,Delhi NCR,DELHI,TRUE,201001,RVP/ANG,India
2433,SC,28.50568,77.46669833,Approved,RVP/GNA,North,Delhi NCR,DELHI,TRUE,201308,RVP/GNA,India
2435,RSC,30.84049927,76.95725257,Approved,PARWANOO,North,Parwanoo,HIMACHAL PRADESH,TRUE,173220,,India
2427,RSC,19.7103405,74.4826226,Approved,Rahata,West,Rahata,MAHARASHTRA,TRUE,423107,,India
2425,RSC,13.24776,76.4832067,Approved,Turvekere,South-2,TURVEKERE,KARNATAKA,TRUE,572221,,India
2422,RSC,15.66734667,73.83937,Approved,Pernem,West,Pernem,GOA,TRUE,403513,PEM,India
2429,RSC,18.2873167,83.5442278,Approved,CHEEPURUPALLI,South-1,CHEEPURUPALLI,ANDHRA PRADESH,TRUE,532402,,India
2420,RSC,16.0142993,77.6641557,Approved,IEEJA,South-1,IEEJA,ANDHRA PRADESH,TRUE,509127,,India
2418,RSC,15.4556732,78.1498515,Approved,BETHAMCHERLA,South-1,BETHAMCHERLA,ANDHRA PRADESH,TRUE,518599,,India
2412,SC,26.8690558,80.9804468,Approved,LKO/IDR,North,Lucknow,UTTAR PRADESH,TRUE,226016,LKO/IDR,India
2409,RSC,18.9998794,79.1481894,Approved,DANDEPALLY,South-1,DANDEPALLY,TELANGANA,TRUE,504206,,India
2404,Hub,21.1363473,78.9039471,Approved,NGP/RTO,Central,Nagpur,MAHARASHTRA,TRUE,441108,GOI1,India
2402,RSC,19.2204318,77.673845,Approved,Bhokar,West,Bhokar,MAHARASHTRA,TRUE,431801,,India
2401,RSC,19.0398322,78.6508851,Approved,KHANAPPUR,South-1,NIRMAL,TELANGANA,TRUE,504203,,India
2398,RSC,21.1136355,73.3862656,Approved,Vyara,West,Vyara Guj,GUJARAT,TRUE,394650,PAI,India
2392,RSC,17.7139951,73.9839601,Approved,Saidapura Satara,West,Saidapura Satara,MAHARASHTRA,TRUE,415020,RSC/Saidapura Satara,India
2386,RSC,17.0534243,74.2643799,Approved,Kameri,West,Kameri,MAHARASHTRA,TRUE,415409,RSC/Kameri,India
2375,RSC,19.4352565,84.5844055,Approved,Digapahandi,East,Digapahandi,Odisha,TRUE,704008,RSC/Digapahandi,India
2374,RSC,26.4590266,89.8254946,Approved,Barobisha,East,Barobisha,WEST BENGAL,TRUE,736202,RSC/Barobisha,India
2371,RSC,21.9683994,71.5788861,Approved,Gathda,West,Gathda,GUJARAT,TRUE,364750,RSC/Gathda,India
2365,RSC,22.09119333,69.27116167,Approved,Bhatiya,West,Bhatiya,GUJARAT,TRUE,361315,BHA,India
2359,RSC,15.49887984,73.82332242,Approved,Dodamarg,West,Dodamarg,MAHARASHTRA,TRUE,416512,RSC/Dodamarg,India
2352,RSC,19.9185303,74.7258425,Approved,Vaijapur,West,Vaijapur,MAHARASHTRA,TRUE,423701,RSC/Vaijapur,India
2357,RSC,18.1214754,79.2080423,Approved,HUSNABAD,South-1,Siddipet,TELANGANA,TRUE,505467,RSC/HUSNABAD,India
2355,RSC,30.561109,77.287119,Approved,Sirmaur,North,Sirmaur,HIMACHAL PRADESH,TRUE,173001,RSC/Sirmaur,India
2350,RSC,20.8475468,83.8888896,Approved,Sonepur,East,Sonepur,Odisha,TRUE,767017,RSC/Sonepur,India
2346,RSC,20.3131398,77.3466492,Approved,Manglurpir,Central,Manglurpir,MAHARASHTRA,TRUE,444403,RSC/Manglurpir,India
2339,RSC,20.8322183,84.314905,Approved,Boudh,East,Boudh,Odisha,TRUE,762014,RSC/Boudh,India
2343,RSC,21.02998483,71.44285846,Approved,Jafrabad,West,Jafrabad,GUJARAT,TRUE,365540,RSC/Jafrabad,India
2335,SC,27.300181,95.6602625,Approved,DIGBOI,North East,DIGBOI,ASSAM,TRUE,786181,DIG,India
2331,RSC,26.9829187,94.1528416,Approved,Majuli,North East,Majuli,ASSAM,TRUE,785104,RSC/Majuli,India
2313,SC,19.933723,83.1602249,Approved,Bhawanipatna,East,Bhawanipatna,Odisha,TRUE,766001,RSC/Bhawanipatna,India
2314,RSC,23.79973333,86.71497167,Approved,Nirsa,East,Nirsa,JHARKHAND,TRUE,828205,RSC/Nirsa,India
2304,RSC,19.48582757,84.73953475,Approved,Hinjilicut,East,Hinjilicut,Odisha,TRUE,761102,RSC/Hinjilicut,India
2303,RSC,16.98095167,74.11773222,Approved,Battisshirala,West,Battisshirala,MAHARASHTRA,TRUE,415408,RSC/Battisshirala,India
2296,RSC,24.213115,86.344385,Approved,Bengabad,East,Bengabad,JHARKHAND,TRUE,815312,RSC/Bengabad,India
2297,SC,26.48305978,77.98126899,Approved,MORENA,Central,Morena,MADHYA PRADESH,TRUE,476001,DRD,India
2290,RSC,23.1686983,72.8099817,Approved,Dehgam,West,Dehgam,GUJARAT,TRUE,382305,RSC/Dehgam,India
2289,RSC,9.006824,76.9476455,Approved,PUNALUR,South-2,Punalur,KERALA,TRUE,691305,RSC/PUNALUR,India
2292,RSC,18.5387861,77.5657033,Approved,Degloor,West,Degloor,MAHARASHTRA,TRUE,431717,RSC/Degloor,India
2286,RSC,17.5560483,79.6911317,Approved,THORRUR,South-1,THORRUR,TELANGANA,TRUE,506163,RSC/THORRUR,India
2285,RSC,23.9890465,80.5918244,Approved,Barhi,Central,Barhi,MADHYA PRADESH,TRUE,483775,VIH,India
2282,RSC,21.6777027,75.0913969,Approved,Julwania,Central,Julwania,MADHYA PRADESH,TRUE,451449,GYR,India
2279,RSC,32.7949133,74.779,Approved,Marh,North,Marh,JAMMU AND KASHMIR,TRUE,181206,RSC/Marh,India
2266,RSC,21.63576201,87.44613106,Approved,Chandaneswar,East,Chandaneswar,Odisha,TRUE,756036,RSC/Chandaneswar,India
2263,RSC,23.53058,80.847475,Approved,Umaria,Central,Umaria,MADHYA PRADESH,TRUE,484661,RSC/Umaria,India
2260,RSC,21.0511954,70.5284381,Approved,Talala,West,Talala,GUJARAT,TRUE,362150,RSC/Talala,India
2258,RSC,31.6208998,76.3524609,Approved,Bangana,North,Bangana,HIMACHAL PRADESH,TRUE,174307,RSC/Bangana,India
2254,RSC,8.3630102,77.3043899,Approved,Kulasekaram,South-2,MARTHANDAM,TAMIL NADU,TRUE,629161,RSC/Kulasekaram,India
2891,RSC,29.4848807,76.5233315,Approved,Assandh,North,Assandh,HARYANA,TRUE,132039,,India
2249,RSC,9.0238242,76.6047369,Approved,SASTHAMCOTTA,South-2,sasthamkotta,KERALA,TRUE,690521,RSC/SASTHAMCOTTA,India
2247,RSC,18.19761,78.0133725,Approved,YELLAREDDY,South-1,Yellareddy,TELANGANA,TRUE,503122,RSC/YELLAREDDY,India
2877,RSC,23.84576,91.6218467,Approved,TELIAMURA,North East,TELIAMURA,TRIPURA,TRUE,799205,,India
2212,RSC,21.9008556,70.03683611,Approved,Jamjodhpur,West,Jamjodhpur,GUJARAT,TRUE,360530,JAR,India
2213,RSC,18.94466167,79.09048167,Approved,RSC/DHARMAPURI,South-1,Mancherial,TELANGANA,TRUE,505425,RSC/DHARMAPURI,India
2208,RSC,21.795195,88.3522383,Approved,Kakdweep,East,Kakdwip,WEST BENGAL,TRUE,743347,RSC/Kakdweep,India
2200,RSC,31.4398928,76.7034421,Approved,Ghumarwin,North,Ghumarwin,HIMACHAL PRADESH,TRUE,175042,RSC/Ghumarwin,India
2194,RSC,33.04681896,74.48982189,Approved,Sunderbani,North,Sunderbani,JAMMU AND KASHMIR,TRUE,185153,RSC/Sunderbani,India
2193,RSC,18.3927541,74.3882531,Approved,Warwand,West,Warwand,MAHARASHTRA,TRUE,412219,RSC/Warwand,India
2190,RSC,16.5396881,80.8018911,Approved,GANNAVARAM,South-1,Gannavaram,ANDHRA PRADESH,TRUE,521101,RSC/GANNAVARAM,India
2183,RSC,22.5942201,86.4561314,Approved,Ghatshila,East,Ghatshila,JHARKHAND,TRUE,892019,RSC/Ghatshila,India
2177,RSC,21.034724,75.7961922,Approved,RSC/Bhusawal,West,Bhusawal,MAHARASHTRA,TRUE,425201,RSC/Bhusawal,India
2176,RSC,32.2125403,76.18083,Approved,Shahpur,North,Shahpur,HIMACHAL PRADESH,TRUE,176206,RSC/Shahpur,India
2174,RSC,17.8066445,75.6421277,Approved,Mohol,West,Mohol,MAHARASHTRA,TRUE,413213,RSC/Mohol,India
2173,RSC,19.5327288,77.4178936,Approved,Akhadabalapur,West,Hingoli,MAHARASHTRA,TRUE,431701,RSC/Akhadabalapur,India
2166,RSC,16.726845,74.51382333,Approved,Nandani,West,Nandani,MAHARASHTRA,TRUE,416121,RSC/Nandani,India
2170,RSC,20.6831032,77.8320991,Approved,Nandgaon Khandeshwar,Central,Nandgaon khandeshwar,MAHARASHTRA,TRUE,444708,RSC/Nandgaon Khandeshwar,India
2168,RSC,21.0024483,78.22835,Approved,Arvi,Central,Arvi,MAHARASHTRA,TRUE,442201,SNR,India
2167,RSC,19.606143,77.6812832,Approved,Umarkhed,Central,Umarkhed,MAHARASHTRA,TRUE,445206,RSC/Umarkhed,India
2169,RSC,31.1135477,76.1246268,Approved,Nawanshahr,North,Nawansahar,PUNJAB,TRUE,144154,RSC/Nawanshahr,India
2162,RSC,20.76553167,79.52098167,Approved,Bhiwapur,Central,Bhiwapur,MAHARASHTRA,TRUE,441201,RSC/Bhiwapur,India
2155,RSC,17.1095248,80.6002529,Approved,TIRUVURU,South-1,TIRUVURU,ANDHRA PRADESH,TRUE,521235,RSC/TIRUVURU,India
2156,RSC,21.9685926,87.808018,Approved,Henria,East,CONTAI,WEST BENGAL,TRUE,721430,RSC/Henria,India
2150,RSC,17.792185,83.079645,Approved,SABBAVARAM,South-1,SABBAVARAM,ANDHRA PRADESH,TRUE,531035,RSC/SABBAVARAM,India
2134,SC,26.8063137,84.5120174,Approved,Bettiah,East,Bettiah,BIHAR,TRUE,845438,BTTH,India
2129,RSC,22.57307,71.8075633,Approved,Limdi,West,Limdi,GUJARAT,TRUE,363421,MML,India
2131,SC,26.2182428,84.3757055,Approved,Siwan,East,Siwan,BIHAR,TRUE,841226,SWN,India
2123,RSC,26.23092167,90.24229,Approved,Bilashipara,North East,Bilashipara,ASSAM,TRUE,783348,RSC/Bilashipara,India
2120,RSC,12.7607425,76.0622856,Approved,ARAKALGUD,South-2,Arakalgud,KARNATAKA,TRUE,573142,RSC/ARAKALGUD,India
2118,RSC,20.2949217,79.6585671,Approved,Sindewahi,Central,Sindewahi,MAHARASHTRA,TRUE,441222,RSC/Sindewahi,India
2113,RSC,19.5848537,76.2162258,Approved,Partur,West,Partur,MAHARASHTRA,TRUE,431501,RSC/Partur,India
2108,RSC,19.1804767,77.0374631,Approved,Purna,West,Purna,MAHARASHTRA,TRUE,431511,RSC/Purna,India
2112,RSC,19.2784057,76.7695397,Approved,Manwath,West,Manwath,MAHARASHTRA,TRUE,431505,RSC/Manwath,India
2855,RSC,22.448895,77.45564,Approved,Seonimalwa,Central,Seoni Malwa,MADHYA PRADESH,TRUE,461223,,India
2102,RSC,23.16952,88.10148,Approved,Memaari,East,Memari,WEST BENGAL,TRUE,735105,RSC/Memaari,India
2101,RSC,27.202435,92.39768333,Approved,Bomdila,North East,Bomdila,ARUNACHAL PRADESH,TRUE,790001,RSC/Bomdila,India
2097,RSC,18.57246167,76.02651333,Approved,Kallamb,West,Kallamb,MAHARASHTRA,TRUE,413507,RSC/Kallamb,India
2095,RSC,17.5593605,82.9630209,Approved,Atchuthapuram,South-1,ATCHUTHAPURAM,ANDHRA PRADESH,TRUE,531011,RSC/Atchuthapuram,India
2094,RSC,8.4223621,77.0795245,Approved,Amaravila,South-2,Neyyattinkara,KERALA,TRUE,695121,RSC/Amaravila,India
5293,SC,28.7026067,76.9172817,Approved,PCK/BAHADURGARH,North,Bahadurgarh,HARYANA,TRUE,124507,PCK/BAHADURGARH,India
2088,RSC,25.8876311,78.3422733,Approved,Dabra,Central,Dabra,MADHYA PRADESH,TRUE,475110,DAA,India
2087,RSC,26.1147129,86.59195968,Approved,Supaul,East,SUPAUL,BIHAR,TRUE,852131,RSC/Supaul,India
2078,RSC,17.93148667,80.81323833,Approved,Manuguru,South-1,MANUGURU,TELANGANA,TRUE,507117,RSC/Manuguru,India
2075,RSC,13.6621744,77.2054648,Approved,Madhugiri,South-2,Madhugiri,KARNATAKA,TRUE,572132,RSC/Madhugiri,India
2073,RSC,15.5832638,79.8743533,Approved,Chimakurthy,South-1,CHIMAKURTHY,ANDHRA PRADESH,TRUE,523326,RSC/Chimakurthy,India
4197,RSC,30.9016211,77.0233552,Approved,Dharampur Solan,North,Dharampur Solan,HIMACHAL PRADESH,TRUE,173209,,India
1938,RSC,21.08748854,71.76591508,Approved,Mahuva,West,Mahuva,GUJARAT,TRUE,364290,BGD,India
1668,SC,19.0601033,73.1161485,Approved,NBM/KHA,West,Mumbai,MAHARASHTRA,TRUE,410208,KHR,India
641,SC,17.5603533,80.631195,Approved,Kothagudem,South-1,Kothagudem,TELANGANA,TRUE,507101,HKGD,India
640,SC,17.410872,78.4115462,Approved,HYD/YOU,South-1,Hyderabad,TELANGANA,TRUE,500073,HYD/YOU,India
639,RSC,15.0477676,76.6081409,Approved,Sandur,South-2,Sandur,KARNATAKA,TRUE,583119,RSC/Sandur,India
1578,RSC,20.5578913,74.5106226,Approved,Malegaon,West,Malegaon,MAHARASHTRA,TRUE,423203,RSC/Malegaon,India
1577,RSC,21.24418333,75.29462833,Approved,Chopda,West,Chopda,MAHARASHTRA,TRUE,425107,RSC/Chopda,India
600,SC,26.220345,81.25970333,Approved,Raebareli,North,Raebareli,UTTAR PRADESH,TRUE,229001,RBL,India
629,SC,30.9221934,75.8328087,Approved,LUD/HV1,North,Ludhiana,PUNJAB,TRUE,140001,LUD/HV1,India
626,SC,17.367995,78.5180582,Approved,HYD/MLK,South-1,Hyderabad,TELANGANA,TRUE,500036,HYD/MLK,India
1576,RSC,20.939685,74.89779833,Approved,Amalner,West,Amalner,MAHARASHTRA,TRUE,425401,RSC/Amalner,India
623,SC,25.0077944,88.1577052,Approved,Malda,East,Malda,WEST BENGAL,TRUE,732142,TAA1,India
1342,RSC,21.74870581,70.28386948,Approved,Upleta,West,Upleta,GUJARAT,TRUE,360490,UPA,India
608,SC,14.7531183,78.5579224,Approved,Proddutur,South-1,Proddatur,ANDHRA PRADESH,TRUE,516360,PDT,India
615,Hub PC,12.9799618,77.6040739,Approved,BLR/Dummy,South-2,BANGALORE,KARNATAKA,TRUE,999004,BLR/Dummy,India
1302,RSC,20.91189333,70.36340833,Approved,Veraval,West,Veraval,GUJARAT,TRUE,362265,CAA,India
1227,RSC,21.9627433,70.7793317,Approved,Gondal,West,Gondal,GUJARAT,TRUE,360311,GOL,India
1225,RSC,21.7534618,70.6133968,Approved,Jetpur,West,Jetpur,GUJARAT,TRUE,360370,JER,India
598,RSC,32.7902337,74.9009544,Approved,Nagrota,North,Nagrota,JAMMU AND KASHMIR,TRUE,181221,RSC/Nagrota,India
1154,RSC,23.46279544,73.31493054,Approved,Modasa,West,Modasa,GUJARAT,TRUE,383305,RSC/Modasa,India
1075,RSC,22.8280779,69.3519113,Approved,Mandvi,West,Mandvi,GUJARAT,TRUE,394160,RSC/Mandvi,India
1060,RSC,19.5717816,74.1967426,Approved,Sangamner,West,Sangamner,MAHARASHTRA,TRUE,422605,RSC/Sangamner,India
588,SC,19.0785406,74.7297489,Approved,Ahmednagar,West,AHILYANAGAR,MAHARASHTRA,TRUE,414001,AMN,India
1057,RSC,19.60992448,74.66017453,Approved,Shrirampur,West,Shrirampur,MAHARASHTRA,TRUE,413709,RSC/Shrirampur,India
586,SC,17.4577932,78.6044929,Approved,Nagaram,South-1,Hyderabad,TELANGANA,TRUE,500083,HYD/NGR,India
585,SC,17.4916225,78.3530335,Approved,HYD/MYP,South-1,Hyderabad,TELANGANA,TRUE,500049,HYD/MYP,India
1003,SC,23.2467025,69.646663,Approved,Bhuj,West,BHUJ,GUJARAT,TRUE,370001,BHJ,India
581,SC,30.8644595,75.8511764,Approved,LUD/DGR,North,Ludhiana,PUNJAB,TRUE,141013,LUD/DGR,India
574,SC,30.6668183,76.286176,Approved,Mandigovindgarh,North,Mandigovindgarh,PUNJAB,TRUE,147301,MGG,India
4771,RSC,12.9742577,76.5515778,Approved,Hirisave,South-2,HIRISAVE,KARNATAKA,TRUE,573124,HIE/CB2,India
1688,RSC,23.659235,75.14888167,Approved,Jaora,Central,Jaora,MADHYA PRADESH,TRUE,458441,NBA,India
900,SC,22.73198071,71.63092322,Approved,Surendranagar,West,Surendranagar,GUJARAT,TRUE,363001,WAN,India
776,RSC,20.9505193,72.9353944,Approved,Navsari,West,Navsari,GUJARAT,TRUE,396445,VIL,India
767,SC,18.6208613,73.8425236,Approved,PNQ/BHO,West,PUNE,MAHARASHTRA,TRUE,411039,LAI1,India
562,SC,17.3414817,77.9014683,Approved,Vikarabad,South-1,Vikarabad,TELANGANA,TRUE,501101,VKB,India
765,SC,20.5519709,72.955468,Approved,Valsad,West,Valsad,GUJARAT,TRUE,396020,PAA,India
554,SC,23.19899,77.4590249,Approved,BHO/ASK,Central,Bhopal,MADHYA PRADESH,TRUE,462026,SNR1,India
605,SC,18.5264214,73.8527121,Approved,PNQ/JMR,West,PUNE,MAHARASHTRA,TRUE,411005,SNA2,India
541,RSC,20.11459833,77.12229667,Approved,Washim,Central,Washim,MAHARASHTRA,TRUE,444505,RSC/Washim,India
539,RSC,22.0352103,82.6464924,Approved,Champa,Central,Champa,CHHATTISGARH,TRUE,495671,RSC/Champa,India
4591,SC,26.7824239,83.4021925,Approved,GKP/MRD,North,Gorakhpur,UTTAR PRADESH,TRUE,273014,GKP/MRD,India
536,RSC,22.0794347,79.5445019,Approved,Seoni,Central,Seoni,MADHYA PRADESH,TRUE,480661,RSC/Seoni,India
4542,RSC,26.2216917,79.8370167,Approved,Pukhrayan,North,Pukhrayan,UTTAR PRADESH,TRUE,209111,,India
351,SC,19.2388966,72.9770279,Approved,THN/GHO,West,Mumbai,MAHARASHTRA,TRUE,400608,GHE1,India
528,RSC,15.8182337,80.3624947,Approved,Chirala,South-1,Chirala,ANDHRA PRADESH,TRUE,523155,RSC/Chirala,India
529,RSC,16.2332226,80.6495347,Approved,Tenali,South-1,Tenali,ANDHRA PRADESH,TRUE,522201,RSC/Tenali,India
6522,RSC,19.7636133,78.585065,Approved,BHAVANIGUDA,South-1,Adilabad,TELANGANA,TRUE,504309,,India
6545,RSC,22.8192937,86.0375433,Approved,Kharsawan1,East,SARAIKELAKHARSWAN,JHARKHAND,TRUE,251985,,India
505,RSC,13.8222246,77.5057756,Approved,Hindupur,South-2,ANANTAPUR,KARNATAKA,TRUE,515202,RSC/Hindupur,India
3653,RSC,24.6877492,78.4064632,Approved,Lalitpur1,North,Lalitpur,UTTAR PRADESH,TRUE,284403,,India
478,RSC,15.90106207,73.82650836,Approved,Sawantwadi,West,Sawantwadi,MAHARASHTRA,TRUE,416510,RSC/Sawantwadi,India
470,RSC,14.0466483,78.7434967,Approved,Rayachoty,South-1,Rayachoty,ANDHRA PRADESH,TRUE,516269,RSC/Rayachoty,India
471,SC,15.47176,74.9885223,Approved,Dharwad,South-2,Dharwad,KARNATAKA,TRUE,580008,DWD,India
467,RSC,18.3320776,78.343561,Approved,Kamareddy,South-1,Kamareddy,TELANGANA,TRUE,503111,RSC/Kamareddy,India
2657,SC,17.9620645,79.599802,Approved,WNG/WNG,South-1,Warangal,TELANGANA,TRUE,506002,WNG/WNG,India
6540,RSC,23.349255,69.2653902,Approved,Devpar,West,Nakhtrana,GUJARAT,TRUE,370615,DER,India
1719,Hub,19.1195484,72.859085,Approved,BOM/RVP,West,Mumbai,MAHARASHTRA,TRUE,400093,MCD,India
1704,SC,23.2525379,77.4668146,Approved,BHO/RSN,Central,Bhopal,MADHYA PRADESH,TRUE,462021,INI,India
2530,RSC,24.22071333,83.03579167,Approved,Renukoot,North,Renukoot,UTTAR PRADESH,TRUE,231217,,India
1494,Hub,18.9999679,72.8512797,Approved,RTO/MAZ,West,Mumbai,MAHARASHTRA,TRUE,400015,SEE,India
1211,Hub,20.3563899,72.9084884,Approved,VPI/HUB,West,Vapi,GUJARAT,TRUE,396195,VBK,India
2616,RSC,22.3931033,82.6796067,Approved,Kushmunda,Central,Korba,CHHATTISGARH,TRUE,495454,,India
452,SC,10.6041933,76.0478933,Approved,Guruvayur,South-2,Guruvayur,KERALA,TRUE,680103,GVR,India
1669,SC,25.2772067,82.9812217,Approved,VNS/BNP,North,VARANASI,UTTAR PRADESH,TRUE,221108,VNS/BNP,India
345,SC,21.7314916,73.0300704,Approved,BHARUCH,West,Bharuch,GUJARAT,TRUE,392001,BHR,India
442,RSC,20.38187753,78.1441718,Approved,Yavatmal,Central,Yavatmal,MAHARASHTRA,TRUE,445001,RSC/Yavatmal,India
347,SC,21.1194282,79.0371765,Approved,NGP/VKN,Central,Nagpur,MAHARASHTRA,TRUE,440022,AHR,India
420,Hub,27.2016478,78.0586729,Approved,PCK/AGR,North,Agra,UTTAR PRADESH,TRUE,282006,ETR1,India
421,SC,19.1519342,72.8399667,Approved,BOM/MLD,West,Mumbai,MAHARASHTRA,TRUE,400104,MAD4,India
6539,RSC,23.086495,69.46517167,Approved,Gadhsisa,West,Mandvi,GUJARAT,TRUE,370445,,India
417,RSC,15.8492065,78.2704228,Approved,Nandikotkur,South-1,NANDIKOTKUR,ANDHRA PRADESH,TRUE,518401,RSC/Nandikotkur,India
287,SC,21.1414677,79.08856,Approved,NGP/GHR,Central,Nagpur,MAHARASHTRA,TRUE,440018,NGP/GHR,India
412,RSC,28.3637617,75.593605,Approved,Pilani,North,Pilani,RAJASTHAN,TRUE,333031,RSC/Pilani,India
1464,RSC,27.38263208,80.1122582,Approved,Hardoi,North,Hardoi,UTTAR PRADESH,TRUE,241001,RSC/Hardoi,India
406,Hub,17.5812383,78.5141383,Approved,HYD/RTO,South-1,Hyderabad,TELANGANA,TRUE,510000,DEL,India
2583,RSC,10.8925821,76.1006509,Approved,VALANCHERY,South-2,valanchery,KERALA,TRUE,676552,,India
1128,RSC,25.2935769,79.894006,Approved,Mahoba,North,Mahoba,UTTAR PRADESH,TRUE,210427,RSC/Mahoba,India
389,RSC,16.26640833,73.70896667,Approved,Kankawali,West,Kankawali,MAHARASHTRA,TRUE,416602,RSC/Kankawali,India
387,RSC,18.2323578,75.6852387,Approved,Barshi,West,Barshi,MAHARASHTRA,TRUE,413401,RSC/Barshi,India
2573,RSC,9.8474366,78.0168687,Approved,Thirupparankundram,South-2,Thiruparankundram,TAMIL NADU,TRUE,625008,,India
209,SC,18.5102363,73.8058299,Approved,PNQ/KTD,West,PUNE,MAHARASHTRA,TRUE,411038,KOD1,India
2556,RSC,8.135411667,77.411435,Approved,Parakkai,South-2,KANYAKUMARI,TAMIL NADU,TRUE,629501,Parakkai,India
382,SC,12.1364594,78.1489542,Approved,Dharmapuri,South-2,Dharmapuri,TAMIL NADU,TRUE,636701,DPI,India
377,SC,22.6874721,75.8564819,Approved,IDR/RJN,Central,Indore,MADHYA PRADESH,TRUE,452014,BHA1,India
177,SC,19.235753,73.1475484,Approved,AMBARNATH/ULASHNAGAR,West,Mumbai,MAHARASHTRA,TRUE,421003,AMH,India
6533,RSC,32.23106167,77.196535,Approved,Manali1,North,MANALI,HIMACHAL PRADESH,TRUE,175131,,India
6339,RSC,26.9202969,80.9551149,Approved,LKO/PKM1,North,Lucknow,UTTAR PRADESH,TRUE,226021,,India
1326,RSC,8.532956667,78.10711167,Approved,Thiruchendur,South-2,Thiruchendur,TAMIL NADU,TRUE,628002,RSC/Thiruchendur,India
343,SC,17.3473183,78.56117,Approved,HYD/LBN,South-1,Hyderabad,TELANGANA,TRUE,500074,HYD/LBN,India
5344,SC,24.9330803,84.8484342,Approved,GYA/TKI,East,Tekari,BIHAR,TRUE,824236,GYA/TKI,India
339,SC,23.0134379,72.5586508,Approved,AMD/PLD,West,Ahmedabad,GUJARAT,TRUE,382405,ANR,India
6514,RSC,10.20462667,78.49408833,Approved,Thuvarankurichi,South-2,Pudukkottai,TAMIL NADU,TRUE,622407,,India
101,SC,26.7605479,83.3677703,Approved,GORAKHPUR,North,Gorakhpur,UTTAR PRADESH,TRUE,273001,GPK,India
335,Hub,28.5378803,77.1179548,Approved,HYD/APT,South-1,Hyderabad,TELANGANA,TRUE,501218,SHD,India
329,SC,17.3816683,78.4316139,Approved,HYD/MPT,South-1,Hyderabad,TELANGANA,TRUE,500006,HYD/MPT,India
6518,RSC,26.9693209,82.1157643,Approved,Wazirganj,North,Gonda,UTTAR PRADESH,TRUE,271124,,India
2537,RSC,24.700896,92.98662616,Approved,FULERTAL,North East,fulertal,ASSAM,TRUE,788106,,India
325,SC,9.58667383,76.53572205,Approved,KOTTAYAM,South-2,Kottayam,KERALA,TRUE,686002,KTN,India
324,SC,9.233535,76.4737867,Approved,MAVELIKERA,South-2,Mavelikera,KERALA,TRUE,690507,MVK,India
321,SC,9.461076667,76.33955667,Approved,ALLAPEY,South-2,Allapey,KERALA,TRUE,688003,APY,India
117,SC,18.6003189,73.7296423,Approved,PNQ/WKD,West,PUNE,MAHARASHTRA,TRUE,411057,MRI1,India
309,SC,23.022044,72.6401473,Approved,AMD/RKL,West,Ahmedabad,GUJARAT,TRUE,380021,AMD/RKL,India
307,Hub,13.0077928,77.5251128,Approved,RTO/MAT,South-2,BANGALORE,KARNATAKA,TRUE,560058,LAE,India
461,RSC,30.6696765,76.8467722,Approved,Panchkula,North,PANCHKULA,HARYANA,TRUE,134113,RSC/Panchkula,India
2506,RSC,30.768915,75.7673433,Approved,Dehlon,North,Dehlon,PUNJAB,TRUE,141419,,India
2502,RSC,18.4399665,73.8447029,Approved,Ambegaon,West,PUNE,MAHARASHTRA,TRUE,411046,AMN,India
2511,RSC,20.77503167,72.97357667,Approved,Bilimora,West,Bilimora,GUJARAT,TRUE,396321,VAI,India
299,SC,28.70294167,77.26693167,Approved,RVP/EDL,North,Delhi NCR,DELHI,TRUE,201013,RVP/EDL,India
298,Hub PC,28.565155,77.186055,Approved,RVP/RKP,North,New Delhi,DELHI,TRUE,110066,RVP/RKP,India
297,SC,28.59021667,77.32559333,Approved,RVP/NDA,North,Delhi NCR,DELHI,TRUE,201013,RVP/NDA,India
290,SC,8.8890301,76.5746238,Approved,Kollam,South-2,Kollam,KERALA,TRUE,691013,QLN,India
109,SC,22.5582378,72.9425782,Approved,ANAND,West,ANAND,GUJARAT,TRUE,387001,AND,India
2467,RSC,23.0648404,85.2754336,Approved,Khunti,East,Khunti,JHARKHAND,TRUE,835210,,India
273,SC,31.0914781,77.170581,Approved,SHIMLA,North,Shimla,HIMACHAL PRADESH,TRUE,171002,SML,India
278,SC,26.9086168,80.9383782,Approved,LKO/TPN,North,Lucknow,UTTAR PRADESH,TRUE,226020,LKO/TPN,India
277,SC,28.7149557,77.0905575,Approved,DEL/BDR,North,New Delhi,DELHI,TRUE,110086,DEL/BDR,India
275,SC,17.524565,78.45503,Approved,HYD/JDM,South-1,Hyderabad,TELANGANA,TRUE,500055,HYD/JDM,India
107,SC,19.99432554,73.8074244,Approved,NASHIK,West,Nashik,MAHARASHTRA,TRUE,422011,NSK,India
271,SC,12.8730617,80.2275279,Approved,MAA/KBM,South-2,Chennai,TAMIL NADU,TRUE,600119,MAA/KBM,India
259,SC,11.7453268,79.7495306,Approved,Cuddalore,South-2,Cuddalore,TAMIL NADU,TRUE,607002,CDL,India
2463,RSC,11.5008055,77.2776299,Approved,Sathyamangalam,South-2,sathyamangalam,TAMIL NADU,TRUE,638401,,India
6,SC,18.6058165,73.801384,Approved,PNQ/PCM,West,PUNE,MAHARASHTRA,TRUE,411005,RAI1,India
2442,RSC,10.4929519,76.1106569,Approved,Manalur,South-2,Manalur,KERALA,TRUE,680611,,India
6494,RSC,16.7419896,78.5418716,Approved,AMANGAL,South-1,KALWAKURTHY,TELANGANA,TRUE,509360,,India
1696,SC,18.87298,79.4613966,Approved,Mancherial,South-1,Mancherial,TELANGANA,TRUE,504208,MANC,India
1758,Transportation-M,13.13913,77.8334433,Approved,BLR/HUB-TSP,South-2,BANGALORE,KARNATAKA,TRUE,561000,TSPBLR/HUB,India
247,Hub,28.6251367,77.1253566,Approved,PCK/WDL,North,Delhi NCR,DELHI,TRUE,110064,MAI,India
130,Hub PC,13.063954,80.1005813,Approved,MAA/RTO,South-2,Chennai,TAMIL NADU,TRUE,600072,TAI,India
246,Hub,17.4402297,78.4710564,Approved,PCK/HYD,South-1,Hyderabad,TELANGANA,TRUE,500016,BET,India
883,RSC,26.4017566,90.2810186,Approved,Kokrajhar,North East,Kokrajhar,ASSAM,TRUE,783370,RSC/Kokrajhar,India
241,SC,27.4281936,94.9218556,Approved,Dibrugarh,North East,Dibrugarh,ASSAM,TRUE,786003,DIB,India
5079,RSC,16.736555,74.39366,Approved,Hatkanangale,West,Kolhapur,MAHARASHTRA,TRUE,416118,,India
6488,RSC,11.6189104,79.5586309,Approved,NEY/SA-NVL,South-2,Cuddalore,TAMIL NADU,TRUE,607801,,India
238,SC,22.7666874,88.3705456,Approved,Barrackpore,East,Barrackpore,WEST BENGAL,TRUE,700122,BKP,India
894,RSC,21.1207833,75.726625,Approved,Yawal,West,Yawal,MAHARASHTRA,TRUE,425301,RSC/Yawal,India
224,SC,28.5326992,77.0894934,Approved,DEL/BGN,North,New Delhi,DELHI,TRUE,110037,DEL/BGN,India
2399,RSC,21.20858,79.206,Approved,Kanhan,Central,Kanhan MH,MAHARASHTRA,TRUE,441404,,India
2391,RSC,21.67764667,75.09164667,Approved,Sendhwa,Central,Sendhwa,MADHYA PRADESH,TRUE,451666,JCK,India
223,SC,11.245435,75.80906833,Approved,CALICUT,South-2,Calicut,KERALA,TRUE,673002,CCJ,India
6500,SC,18.5793943,73.8982203,Approved,PNQ/HUB-EHV,West,PUNE,MAHARASHTRA,TRUE,411032,VII3,India
4986,Terminal,20.295985,85.82461,Approved,SBP/BRA-TML,East,Sambalpur,Odisha,TRUE,768006,SBP/BRA-TML,India
5464,RSC,24.1289191,85.6921185,Approved,Barkatha,East,Barakatha,JHARKHAND,TRUE,261807,,India
216,SC,13.9482267,75.5767683,Approved,SHIVAMOGGA,South-2,SHIVAMOGGA,KARNATAKA,TRUE,577204,SMG,India
2380,RSC,21.1220821,73.1065001,Approved,Bardoli,West,Bardoli,GUJARAT,TRUE,394601,RSC/Bardoli,India
3224,Hub,26.8656283,75.7377467,Approved,PCK/JA1,North,Jaipur,RAJASTHAN,TRUE,302020,KSS,India
4341,RSC,23.66871445,84.73879487,Approved,Chandwa,East,Chandwa JH,JHARKHAND,TRUE,829203,,India
1387,Hub,26.4485358,80.2436478,Approved,PCK/KNP,North,Kanpur,UTTAR PRADESH,TRUE,208022,PIA,India
204,SC,20.3597203,72.9247189,Approved,VAPI,West,Vapi,GUJARAT,TRUE,396195,TON,India
197,SC,13.3391026,74.789938,Approved,Manipal,South-2,Manipal,KARNATAKA,TRUE,574104,MPL,India
188,SC,32.0322188,75.4053788,Approved,Gurdaspur,North,Gurdaspur,PUNJAB,TRUE,143521,GDR,India
1729,RSC,19.34293743,79.49105103,Approved,Kagaznagar,South-1,KAGAZNAGAR,TELANGANA,TRUE,504926,RSC/Kagaznagar,India
5123,RSC,23.996407,86.014023,Approved,Dhawatand,East,Dhawatand,JHARKHAND,TRUE,825108,,India
123,SC,19.0472432,72.9093378,Approved,BOM/CHB,West,Mumbai,MAHARASHTRA,TRUE,400071,CHR2,India
372,RSC,18.7861997,78.2990448,Approved,Armoor,South-1,Armoor,TELANGANA,TRUE,503224,RSC/Armoor,India
913,RSC,16.5849356,74.3241038,Approved,Kagal,West,Kagal,MAHARASHTRA,TRUE,416216,RSC/Kagal,India
4096,RSC,24.0360035,84.0788513,Approved,Shahpur JH,East,Shahpur JH,JHARKHAND,TRUE,822110,,India
5845,RSC,17.98748289,83.33934028,Approved,PADMANABHAM,South-1,KOTHAVALASA,ANDHRA PRADESH,TRUE,531219,,India
2372,RSC,23.1630022,88.5607532,Approved,Ranaghat,East,Ranaghat,WEST BENGAL,TRUE,741201,RSC/Ranaghat,India
175,SC,22.0664483,82.1451867,Approved,bilaspur,Central,Bilaspur,CHHATTISGARH,TRUE,495001,VVD,India
2361,RSC,21.7711079,79.8082022,Approved,Katangi,Central,Katangi,MADHYA PRADESH,TRUE,481445,BRI,India
2354,RSC,21.33889,71.30776333,Approved,Savarkundla,West,Savarkundla,GUJARAT,TRUE,364515,RSC/Savarkundla,India
170,SC,22.5547602,88.3705664,Approved,CCU/CTL,East,Kolkata,WEST BENGAL,TRUE,700001,CCU/CTL,India
2311,RSC,24.0856838,87.7326873,Approved,Tarapith,East,Rampurhat,WEST BENGAL,TRUE,731216,RSC/Tarapith,India
3308,RSC,31.40264,76.01868,Approved,Mahilpur,North,MAHALPUR,PUNJAB,TRUE,146101,,India
6473,SC,23.24171167,88.44635167,Approved,STB/PCK,East,Santipur,WEST BENGAL,TRUE,741404,APA,India
165,SC,17.645271,75.9147874,Approved,Solapur,West,Solapur,MAHARASHTRA,TRUE,413004,SLP,India
371,RSC,16.4018831,74.3810234,Approved,NIPPANI,South-2,Nipani,KARNATAKA,TRUE,591237,RSC/NIPPANI,India
164,SC,16.5465651,81.5307983,Approved,Bhimavaram,South-1,Bhimavaram,ANDHRA PRADESH,TRUE,534201,BMV,India
2294,RSC,21.678648,87.5805571,Approved,Digha,East,Digha,WEST BENGAL,TRUE,721423,RSC/Digha,India
332,SC,16.8250322,81.5324789,Approved,TadepalliGudem,South-1,Tadepalligudem,ANDHRA PRADESH,TRUE,534101,TPG,India
2293,RSC,16.3758091,73.4013862,Approved,Devgad,West,Devgad,MAHARASHTRA,TRUE,416112,RSC/Devgad,India
2291,RSC,23.19141318,82.35224067,Approved,Chirimiri,Central,Chirimiri,MADHYA PRADESH,TRUE,497451,RSC/Chirimiri,India
2287,RSC,25.216325,88.77958333,Approved,Beltala,East,Balurghat,WEST BENGAL,TRUE,733103,RSC/Beltala,India
4869,SC,25.4917288,85.3853837,Approved,Khusrupur,East,Khusrupur,BIHAR,TRUE,803202,KHSR,India
147,SC,17.2429862,80.1495664,Approved,Khammam,South-1,Khammam,TELANGANA,TRUE,507003,KMM,India
189,SC,31.553318,75.9005048,Approved,Hoshiarpur,North,Hoshiarpur,PUNJAB,TRUE,146001,HPR,India
151,SC,27.2035817,77.9641857,Approved,Agra,North,Agra,UTTAR PRADESH,TRUE,282006,AGR,India
2283,RSC,16.4134903,74.1392688,Approved,Mudhal,West,Mudhal,MAHARASHTRA,TRUE,416209,RSC/Mudhal,India
6560,RSC,16.543745,74.93354667,Approved,Kudachi,South-2,KUDCHI,KARNATAKA,TRUE,591311,,India
5028,RSC,20.9518117,81.8862583,Approved,Rajim,Central,ABHANPUR,CHHATTISGARH,TRUE,493885,BSM,India
133,SC,23.1588081,79.9281476,Approved,Jabalpur,Central,Jabalpur,MADHYA PRADESH,TRUE,482001,CIY,India
131,SC,18.7245916,73.6862923,Approved,PNQ/TLG,West,Telegaon,MAHARASHTRA,TRUE,410506,TAN,India
6571,RSC,18.3199153,72.9618035,Approved,MurudJanjira,West,Murud Janjira,MAHARASHTRA,TRUE,402401,MJA,India
93,SC,28.5903194,77.3256417,Approved,NOIDA,North,Delhi NCR,DELHI,TRUE,201301,NDA,India
4472,SC,13.5672919,78.508587,Approved,MADANPALLI,South-1,Madanapalli,ANDHRA PRADESH,TRUE,517325,MDPL,India
5539,RSC,22.0477985,80.69610041,Approved,Ukwa,Central,Ukwa,MADHYA PRADESH,TRUE,481111,BAR,India
2267,SC,13.048316,74.8255114,Approved,SURATKAL,South-2,HALEYANGADI,KARNATAKA,TRUE,574146,SKL,India
128,SC,21.2385318,81.6765692,Approved,Raipur,Central,Raipur,CHHATTISGARH,TRUE,492004,PAI,India
678,SC,18.7803109,78.9050146,Approved,Jagtial,South-1,Jagtial,TELANGANA,TRUE,505327,JTL,India
121,SC,28.4336716,77.0334967,Approved,DEL/GGN,North,Gurgaon,DELHI,TRUE,122001,DEL/GGN,India
2259,RSC,26.49277973,89.52639067,Approved,Alipurduar Court,East,Alipurduar,WEST BENGAL,TRUE,736122,RSC/Alipurduar Court,India
118,SC,15.5188877,80.0408773,Approved,Ongole,South-1,Ongole,ANDHRA PRADESH,TRUE,523001,VCY1,India
2252,RSC,8.2848734,77.1396573,Approved,Kaliakkavilai,South-2,MARTHANDAM,TAMIL NADU,TRUE,629153,RSC/Kaliakkavilai,India
2250,RSC,21.66195013,87.24916491,Approved,Baliapal,East,Baliapal,Odisha,TRUE,756026,RSC/Baliapal,India
2185,RSC,32.1305087,75.6732174,Approved,Indora,North,Indora,HIMACHAL PRADESH,TRUE,176402,RSC/Indora,India
115,SC,28.7486881,77.1146568,Approved,DEL/NDL,North,New Delhi,DELHI,TRUE,110042,DEL/NDL,India
111,SC,26.2250536,78.1810313,Approved,Gwalior,Central,Gwalior,MADHYA PRADESH,TRUE,474002,TRD,India
2163,SC,21.94518172,86.74461143,Approved,Baripada,East,BARIPADA,Odisha,TRUE,757002,BPD,India
2158,RSC,22.65723833,75.803095,Approved,Limbodi,Central,LIMBODI,MADHYA PRADESH,TRUE,452020,RSC/Limbodi,India
114,SC,23.8233022,91.3158499,Approved,Agartala,North East,AGARTALA,TRIPURA,TRUE,143321,IXA,India
2151,RSC,17.6974894,74.1584764,Approved,Koregaon,West,Koregaon,MAHARASHTRA,TRUE,415501,RSC/Koregaon,India
2146,RSC,18.13724833,73.98630667,Approved,Shirwal,West,Shirwal,MAHARASHTRA,TRUE,412801,RSC/Shirwal,India
2145,RSC,23.91746078,76.91659846,Approved,Biaora1,Central,Biaora,MADHYA PRADESH,TRUE,465674,RRD,India
4414,RSC,16.855615,74.87309333,Approved,Kavathe Mahankal,West,KAVATHEMAHANKAL,MAHARASHTRA,TRUE,416405,KML,India
6486,RSC,30.2373942,75.8302264,Approved,Sangrur1,North,Sangrur,PUNJAB,TRUE,148001,,India
99,SC,28.4463884,77.3249969,Approved,FARIDABAD,North,Delhi NCR,DELHI,TRUE,122002,KBH1,India
475,RSC,27.3412703,95.3175636,Approved,Duliajan,North East,Duliajan,ASSAM,TRUE,786602,RSC/Duliajan,India
2139,SC,26.5218404,88.7241581,Approved,Jalpaiguri,East,Jalpaiguri,WEST BENGAL,TRUE,735101,JPG,India
2136,SC,25.5297072,87.5616305,Approved,Katihar,East,Katihar,BIHAR,TRUE,854105,KTH,India
2135,SC,25.4314187,86.1235297,Approved,Begusarai,East,Begusarai,BIHAR,TRUE,851134,BGS,India
2132,SC,25.87777671,86.6032833,Approved,Saharsa,East,Saharsa,BIHAR,TRUE,852201,SHC,India
2121,RSC,26.3252098,94.5200643,Approved,Mokokchung,North East,Mokokchung,NAGALAND,TRUE,798601,RSC/Mokokchung,India
94,SC,17.39336,78.3656033,Approved,HYD/SPT,South-1,Hyderabad,TELANGANA,TRUE,500089,HYD/SPT,India
85,SC,12.0008473,79.7691145,Approved,Pondichery,South-2,KURUCHIKUPPAM,TAMIL NADU,TRUE,605013,PDY,India
2084,RSC,23.7376233,84.502455,Approved,Latehar,East,LATEHAR,JHARKHAND,TRUE,829206,RSC/Latehar,India
72,Hub PC,19.11968333,72.85880167,Approved,BOM/HUB,West,Mumbai,MAHARASHTRA,TRUE,400093,MCD3,India
4579,SC,26.0352797,83.151362,Approved,AZG/Sidhari,North,Azamgarh,UTTAR PRADESH,TRUE,276001,AZG/Sidhari,India
2057,RSC,23.19753649,88.41885571,Approved,GUPTIPARA,East,GUPTIPARA,WEST BENGAL,TRUE,712512,RSC/GUPTIPARA,India
70,SC,12.3476084,76.5966766,Approved,Mysore,South-2,Mysore,KARNATAKA,TRUE,570018,MYS,India
6396,RSC,28.03795167,81.37658167,Approved,Motipur UP,North,Behraich,UTTAR PRADESH,TRUE,271855,,India
6564,RSC,22.7411122,72.4369592,Approved,Dholka,West,Bavala,GUJARAT,TRUE,382225,,India
3945,SC,11.9269671,76.9369053,Approved,CHAMARAJANAGAR1,South-2,Chamarajanagar,KARNATAKA,TRUE,571313,CGRA,India
6485,SC,30.4518765,77.6288573,Approved,Ponta Sahib SVC,North,Paonta Sahib,HIMACHAL PRADESH,TRUE,173025,,India
60,SC,23.3488912,85.3184057,Approved,RNC/KDR,East,Ranchi,JHARKHAND,TRUE,834001,RAN,India
5040,SC,17.3649804,78.4168033,Approved,HYD/ATP,South-1,Hyderabad,TELANGANA,TRUE,500048,HYD/ATP,India
2568,RSC,15.0108358,74.0738994,Approved,Canacona,West,Goa,GOA,TRUE,403702,CAA,India
51,SC,22.7323533,75.8926639,Approved,IDR/IDR,Central,Indore,MADHYA PRADESH,TRUE,452001,LIG,India
48,SC,26.411588,80.3308386,Approved,KANPUR,North,Kanpur,UTTAR PRADESH,TRUE,208011,KNP,India
205,SC,26.1151156,91.7052621,Approved,GAU/JLK,North East,Guwahati,ASSAM,TRUE,781035,GAU/JLK,India
45,SC,17.4392479,78.5568991,Approved,HYD/SEC,South-1,Hyderabad,TELANGANA,TRUE,500003,HYD/SEC,India
39,SC,28.7028922,77.2671148,Approved,DEL/EDL,North,Delhi NCR,DELHI,TRUE,201013,DEL/EDL,India
2008,RSC,25.7598833,82.710964,Approved,Jaunpur1,North,Jaunpur,UTTAR PRADESH,TRUE,222001,RSC/Jaunpur1,India
2007,RSC,23.8271758,86.3452383,Approved,Chirkunda,East,Dhanbad,JHARKHAND,TRUE,828202,RSC/Chirkunda,India
33,SC,26.7770863,80.9119596,Approved,LKO/LKO,North,Lucknow,UTTAR PRADESH,TRUE,226012,LKO/LKO,India
29,SC,16.5158648,80.7045761,Approved,VIJ/VIJ,South-1,Vijayawada,ANDHRA PRADESH,TRUE,521108,VIJ,India
3517,SC,22.7255583,88.4696167,Approved,Barasat1,East,Barasat,WEST BENGAL,TRUE,700124,BSE1,India
1987,SC,12.2898317,76.6037805,Approved,MYS/RRN,South-2,Mysore,KARNATAKA,TRUE,570022,MYS/RRN,India
1986,SC,12.2978024,76.6552455,Approved,MYS/CTY,South-2,Mysore,KARNATAKA,TRUE,570004,MYS/CTY,India
1985,SC,23.0491836,88.8312359,Approved,BONGAON,East,BONGAON,WEST BENGAL,TRUE,743235,BGNA,India
1980,RSC,17.0420425,74.6055356,Approved,Tasgaon,West,Tasgaon,MAHARASHTRA,TRUE,416312,RSC/Tasgaon,India
1968,RSC,25.7619464,93.164435,Approved,Lumding,North East,Lumding,ASSAM,TRUE,782447,RSC/Lumding,India
1955,SC,26.4707535,84.4529586,Approved,Gopalganj,East,Gopalganj,BIHAR,TRUE,841428,GPG,India
1940,RSC,22.2152877,74.7563642,Approved,Kukshi,Central,Kukshi,MADHYA PRADESH,TRUE,454331,KRI,India
1936,RSC,22.4163355,69.0143831,Approved,Dawrka,West,Dwarka,GUJARAT,TRUE,361335,DAA,India
1934,RSC,20.08198173,73.91105276,Approved,Ozhar MIG,West,Ozhar,MAHARASHTRA,TRUE,422207,OMG,India
1929,SC,19.3607661,84.9830666,Approved,CHHATRAPUR,East,CHHATRAPUR,Odisha,TRUE,761020,CHPP,India
1926,RSC,20.7167322,70.8773459,Approved,Una-GJ,West,UNAGJ,GUJARAT,TRUE,362560,UNJ,India
1911,SC,21.05867167,86.479285,Approved,BHADRAK,East,BHADRAK,Odisha,TRUE,756100,BDK,India
1899,RSC,17.5236967,74.4406433,Approved,Vaduj,West,Vaduj,MAHARASHTRA,TRUE,415506,RSC/Vaduj,India
1890,SC,25.792195,84.7600367,Approved,Chhapra,East,Chhapra,BIHAR,TRUE,841301,CPR,India
1889,SC,24.0988024,88.2624573,Approved,BAHARAMPORE,East,Murshidabad,WEST BENGAL,TRUE,742101,BPC,India
1888,SC,17.3623376,76.8236145,Approved,Kalburagi,South-2,Kalaburagi,KARNATAKA,TRUE,585103,KBU,India
1834,RSC,19.32180333,77.16550167,Approved,Basmath,West,Basmath,MAHARASHTRA,TRUE,431512,RSC/Basmath,India
1831,RSC,17.9482377,73.8905507,Approved,Wai1,West,Wai,MAHARASHTRA,TRUE,412803,WA1,India
1819,SC,9.746358333,77.28856667,Approved,CUMBAM,South-2,CUMBAM,TAMIL NADU,TRUE,625516,CBAM,India
1815,SC,10.9321741,79.8299253,Approved,KARAIKAL,South-2,KARAIKAL,TAMIL NADU,TRUE,609605,KAR1,India
1814,SC,22.4303929,87.3098974,Approved,Midnapore,East,MIDNAPORE,WEST BENGAL,TRUE,721101,MPOR,India
1808,SC,19.8273118,85.8305955,Approved,PURI1,East,Puri,Odisha,TRUE,752002,PUR1,India
1807,SC,22.0734676,88.1404343,Approved,HALDIA,East,Haldia,WEST BENGAL,TRUE,721602,HALD,India
1781,SC,12.6541073,79.2944158,Approved,ARANI,South-2,Arani,TAMIL NADU,TRUE,632301,ARNI,India
5583,Hub,26.8477705,75.6364746,Approved,RTO/SNG,North,Jaipur,RAJASTHAN,TRUE,302000,SAA,India
1708,SC,11.76897852,75.48772677,Approved,THALASSERY,South-2,Kannur,KERALA,TRUE,670102,TSY,India
1694,SC,23.8436033,91.296735,Approved,IXA/BJL,North East,AGARTALA,TRIPURA,TRUE,799002,IXA/BJL,India
5315,RSC,22.3010812,74.005038,Approved,Chhota Udepur,West,ChhotaUdepur,GUJARAT,TRUE,391165,,India
6417,RSC,23.92138667,87.515435,Approved,Suri1,East,Suri,WEST BENGAL,TRUE,971696,,India
1674,RSC,23.2859953,81.370754,Approved,Shahdol,Central,Shahdol,MADHYA PRADESH,TRUE,484001,RSC/Shahdol,India
1661,RSC,19.9036034,73.8301654,Approved,Deolali Camp1,West,Deolali Camp,MAHARASHTRA,TRUE,422401,DC1,India
1652,RSC,26.57225833,78.78465667,Approved,Bhind,Central,BHIND,MADHYA PRADESH,TRUE,777001,RSC/Bhind,India
1637,RSC,21.7889583,87.7431833,Approved,Contai,East,CONTAI,WEST BENGAL,TRUE,721401,RSC/Contai,India
1626,SC,31.38749598,75.38954442,Approved,Kapurthala,North,KAPURTHALA,PUNJAB,TRUE,144601,KXH,India
1618,RSC,18.00689343,76.06770339,Approved,Tuljapur,West,Tuljapur,MAHARASHTRA,TRUE,413601,RSC/Tuljapur,India
1613,RSC,14.613867,74.8447381,Approved,Sirsi1,South-2,Sirsi,KARNATAKA,TRUE,581402,RSC/Sirsi1,India
1606,SC,16.86227032,79.54882858,Approved,Miryalaguda,South-1,Miryalaguda,TELANGANA,TRUE,508207,MLG,India
1597,RSC,20.92272,79.005285,Approved,Buttibori,Central,Buttibori,MAHARASHTRA,TRUE,441108,RSC/Buttibori,India
1378,RSC,27.5766517,81.5782033,Approved,Behraich,North,Behraich,UTTAR PRADESH,TRUE,271801,RSC/Behraich,India
1570,RSC,25.24335203,87.63063368,Approved,Sahibganj,East,SAHIBGANJ,JHARKHAND,TRUE,816109,RSC/Sahibganj,India
1544,RSC,20.8860195,76.1984784,Approved,Malkapur,Central,Malkapur,MAHARASHTRA,TRUE,443101,RSC/Malkapur,India
1505,RSC,26.44918,91.3011267,Approved,Barama,North East,Barama,ASSAM,TRUE,781346,RSC/Barama,India
1493,SC,11.2347229,78.8643271,Approved,Perambalur,South-2,Perambalur,TAMIL NADU,TRUE,621212,PBL,India
1484,RSC,13.9979316,74.5384745,Approved,Bhatkal,South-2,Bhatkal,KARNATAKA,TRUE,581320,RSC/Bhatkal,India
1475,RSC,18.45778809,74.58733455,Approved,Daund,West,Yawat,MAHARASHTRA,TRUE,412214,DAD,India
1444,SC,13.072495,78.1515135,Approved,Kolar1,South-2,Kolar,KARNATAKA,TRUE,563103,KOL1,India
1433,RSC,24.57791,77.72501167,Approved,AshokNagar,Central,Ashoknagar,MADHYA PRADESH,TRUE,473331,RSC/AshokNagar,India
6574,RSC,26.97361667,88.27412667,Approved,Sonada,East,Darjeeling,WEST BENGAL,TRUE,248797,,India
1429,RSC,15.4138917,75.6271383,Approved,Gadag1,South-2,Gadag,KARNATAKA,TRUE,582101,RSC/Gadag1,India
310,Hub,29.354737,77.0064839,Approved,PNP/RTO,North,Panipat,HARYANA,TRUE,132103,CHR,India
1410,SC,18.4781076,73.8128868,Approved,PNQ/SGR,West,PUNE,MAHARASHTRA,TRUE,411051,ANK,India
1402,SC,25.6793651,85.2127333,Approved,HajipurTown,East,Hajipur Town,BIHAR,TRUE,844101,HJT1,India
1401,RSC,17.2484421,78.9064966,Approved,Choutuppal1,South-1,Choutuppal,TELANGANA,TRUE,508252,RSC/Choutuppal1,India
1385,SC,8.776645,76.7727317,Approved,Edava,South-2,Edava,KERALA,TRUE,695603,EDAV,India
6465,RSC,23.4759517,93.3295933,Approved,CHAMPHAI,North East,Champhai,MIZORAM,TRUE,795327,,India
6480,RSC,11.5979983,78.006765,Approved,Perumagoundampatti,South-2,ELAMPILLAI,TAMIL NADU,TRUE,637502,Santhil Complex,India
1627,SC,11.1455993,75.879118,Approved,Calicut2,South-2,Calicut,KERALA,TRUE,673634,RMK,India
1347,RSC,24.1944228,78.19669636,Approved,Bina,Central,Bina,MADHYA PRADESH,TRUE,470113,RSC/Bina,India
1346,RSC,18.7340003,75.3092486,Approved,Jamkhed,West,Jamkhed,MAHARASHTRA,TRUE,413201,RSC/Jamkhed,India
1340,RSC,16.8339824,74.6362444,Approved,Miraj,West,Miraj,MAHARASHTRA,TRUE,416410,RSC/Miraj,India
1339,RSC,24.6545967,77.2996467,Approved,Guna1,Central,Guna,MADHYA PRADESH,TRUE,473001,GU1,India
1328,SC,10.9834887,76.2412193,Approved,Perinthalmanna,South-2,Malappuram,KERALA,TRUE,679322,PNM,India
1324,RSC,24.0752128,75.0620272,Approved,Mandsaur,Central,Mandsaur,MADHYA PRADESH,TRUE,458001,NRR,India
1305,RSC,17.645592,76.30834126,Approved,Akkalkot,West,Akkalkot,MAHARASHTRA,TRUE,413216,RSC/Akkalkot,India
1304,RSC,21.3099778,76.2279422,Approved,Burhanpur,Central,Burhanpur,MADHYA PRADESH,TRUE,450331,FCK,India
1261,RSC,22.752125,77.75111333,Approved,Hosnagabad,Central,Hoshangabad,MADHYA PRADESH,TRUE,461001,IRD,India
1258,RSC,16.9948767,73.3173151,Approved,Ratnagiri1,West,Ratnagiri,MAHARASHTRA,TRUE,415612,RA1,India
1236,RSC,24.7047483,93.8158083,Approved,Moirang,North East,Moirang,MANIPUR,TRUE,795133,RSC/Moirang,India
1235,RSC,24.5211766,93.9398853,Approved,Kakching,North East,Kakching,MANIPUR,TRUE,795103,RSC/Kakching,India
1209,RSC,23.297694,70.3433228,Approved,Bhachau,West,Bhachau,GUJARAT,TRUE,370140,RSC/Bhachau,India
1198,RSC,22.9723613,86.8491369,Approved,Khatra,East,KHATRA,WEST BENGAL,TRUE,722140,RSC/Khatra,India
1196,RSC,23.0584801,87.3042391,Approved,Bishnupur,East,BISHNUPUR,WEST BENGAL,TRUE,722122,RSC/Bishnupur,India
1195,RSC,23.3442689,86.3584442,Approved,Purulia,East,PURULIA,WEST BENGAL,TRUE,722101,RSC/Purulia,India
2597,RSC,31.1071133,76.1095,Approved,GarhShankar,North,Garhshankar,PUNJAB,TRUE,144527,,India
1182,RSC,22.122288,78.1028075,Approved,Betul,Central,Betul,MADHYA PRADESH,TRUE,460001,KGE,India
6464,RSC,27.1791117,94.9193991,Approved,DEMOW,North East,SIVSAGAR,ASSAM,TRUE,785673,,India
1122,RSC,25.5306829,88.3636021,Approved,Kaliaganj,East,KALIAGANJ,WEST BENGAL,TRUE,733129,RSC/Kaliaganj,India
1121,RSC,25.3717717,88.2743467,Approved,Itahar,East,ITAHAR,WEST BENGAL,TRUE,733128,RSC/Itahar,India
1120,RSC,25.38911339,88.00940047,Approved,Chachal,East,CHACHAL,WEST BENGAL,TRUE,732123,RSC/Chachal,India
1109,RSC,23.1207777,70.0296628,Approved,Anjar,West,Anjar,GUJARAT,TRUE,370110,RSC/Anjar,India
28,SC,17.73769,83.32511167,Approved,VPT/MVP,South-1,Visakhapatnam,ANDHRA PRADESH,TRUE,530017,VPT,India
1103,RSC,20.7160332,81.5346459,Approved,Dhamtari,Central,Dhamtari,CHHATTISGARH,TRUE,493773,RSC/Dhamtari,India
6550,SC,17.20272,80.8286567,Approved,Sathupally,South-1,MANDALAPALLY,TELANGANA,TRUE,507303,STLY,India
1082,SC,24.5075017,86.6948181,Approved,Deoghar,East,Deoghar,JHARKHAND,TRUE,814112,DGH,India
1062,RSC,25.539014,84.6644151,Approved,Arrah,East,Arrah,BIHAR,TRUE,802312,RSC/Arrah,India
3674,SC,19.15502825,72.83965005,Approved,RVP/MLD,West,Mumbai,MAHARASHTRA,TRUE,400064,MAD,India
1055,RSC,24.9204383,79.5849379,Approved,Chatarpur,Central,Chatarpur,MADHYA PRADESH,TRUE,471201,CHR,India
1054,RSC,22.59894833,77.77871,Approved,Itarsi,Central,Itarsi,MADHYA PRADESH,TRUE,461111,RCY,India
1044,RSC,23.45906,75.4066267,Approved,Nagda,Central,Nagda,MADHYA PRADESH,TRUE,456335,CBY,India
1043,SC,22.5707814,75.7395568,Approved,Pithampur,Central,Pithampur,MADHYA PRADESH,TRUE,453441,CPR,India
1024,SC,22.417835,87.858915,Approved,Mecheda,East,Mecheda,WEST BENGAL,TRUE,721137,MHD,India
5729,Terminal,11.0970791,77.1819495,Approved,TRPSNR/SOUTH-TML,South-2,Tirupur,TAMIL NADU,TRUE,641668,TRPSNR/SOUTH-TML,India
972,RSC,21.5504273,74.472226,Approved,Shahada,West,Shahada,MAHARASHTRA,TRUE,425422,RSC/Shahada,India
6372,RSC,11.642675,75.5664017,Approved,KAINATTY,South-2,Calicut,KERALA,TRUE,673106,,India
6359,Terminal,13.005405,77.78391,Approved,BLR/SKY-TML,South-2,BANGALORE,KARNATAKA,TRUE,560067,BLR/SKY-TML,India
3465,RSC,26.4207883,82.5219633,Approved,Akbarpur1,North,Akbarpur,UTTAR PRADESH,TRUE,224122,,India
6335,SC,19.2070819,81.9343623,Approved,Bastar,Central,Bastar,CHHATTISGARH,TRUE,494223,NAA,India
6338,RSC,27.1506088,78.0395616,Approved,AGR/TJN1,North,Agra,UTTAR PRADESH,TRUE,282009,,India
6337,RSC,30.0033995,77.0475471,Approved,Babain,North,Babain,HARYANA,TRUE,136132,,India
6327,RSC,13.3670783,78.5725883,Approved,PUNGANUR,South-1,Madanapalli,ANDHRA PRADESH,TRUE,517247,,India
6325,RSC,11.95923667,79.82912,Approved,PDY/SA-ECR,South-2,PONDICHERRY,TAMIL NADU,TRUE,605104,,India
6324,RSC,19.743602,78.9884415,Approved,Korpana,Central,Gadchandur,MAHARASHTRA,TRUE,442916,,India
6315,RSC,31.11772667,77.52913,Approved,Kotkhai,North,Shimla,HIMACHAL PRADESH,TRUE,171202,,India
6314,Terminal,17.477057,78.2983383,Approved,HYD/NAL-TML,South-1,Hyderabad,TELANGANA,TRUE,502032,HYD/NAL-TML,India
6313,RSC,22.27194167,81.68640333,Approved,Lormi,Central,Lormi,CHHATTISGARH,TRUE,495115,,India
6310,RSC,21.92405333,83.35853833,Approved,Kirodimalnagar,Central,Raigarh,CHHATTISGARH,TRUE,496001,KIR,India
6306,RSC,20.58785667,72.971985,Approved,Dungri,West,Valsad,GUJARAT,TRUE,396035,,India
6290,RSC,20.1552033,72.7885533,Approved,Sanjan,West,UMBERGAON,GUJARAT,TRUE,396150,,India
6287,RSC,18.6807388,72.8897452,Approved,Talkarnagar,West,Alibaug,MAHARASHTRA,TRUE,402201,,India
6275,RSC,26.0878917,87.2440683,Approved,Raniganj BH,East,Araria,BIHAR,TRUE,815003,,India
6274,RSC,25.6633183,86.959435,Approved,Udakishanganj,East,Madhepura,BIHAR,TRUE,926148,,India
6267,RSC,20.0255813,85.3547339,Approved,Gopalpur,East,NAYAGARH,Odisha,TRUE,752025,,India
6266,RSC,23.61608333,87.168315,Approved,Sripur Bazar,East,Asansol,WEST BENGAL,TRUE,124244,,India
6265,RSC,23.2393617,85.29361,Approved,Hardag,East,Hardag,JHARKHAND,TRUE,373226,,India
6258,RSC,16.57794833,75.96382833,Approved,Basavana Bagewadi,South-2,BASAVANA BAGEWADI,KARNATAKA,TRUE,586203,BVI/BB4,India
6250,RSC,21.0081463,76.3722297,Approved,Ichhapur,West,Muktainagar,MAHARASHTRA,TRUE,425306,ICR,India
6244,RSC,22.0393108,71.2196699,Approved,Sardhar,West,Rajkot,GUJARAT,TRUE,360050,SAR,India
6226,RSC,17.0797137,80.3688754,Approved,THANIKELLA,South-1,Khammam,TELANGANA,TRUE,507305,,India
6224,Terminal,13.08814882,77.58233802,Approved,RVP/BLRYLK-TML,South-2,BANGALORE,KARNATAKA,TRUE,560065,RVP/BLRYLK-TML,India
6217,RSC,14.7479645,74.2406236,Approved,MUDAGA,South-2,Karwar,KARNATAKA,TRUE,581324,,India
6208,RSC,10.6814978,79.4824765,Approved,Kudavasal,South-2,Thanjavur,TAMIL NADU,TRUE,610104,,India
6201,RSC,16.9310656,81.7959814,Approved,VEMAGIRI AP,South-1,VEMAGIRI,ANDHRA PRADESH,TRUE,533125,VEMAGIRI AP,India
6200,RSC,17.078805,79.07647333,Approved,MUNUGODE,South-1,Nalgonda,TELANGANA,TRUE,508244,,India
6198,Terminal,15.8279003,74.5193798,Approved,IXG/STH-TML,South-2,Belgaum,KARNATAKA,TRUE,590006,IXG/STH-TML,India
6196,RSC,13.52683333,75.36494833,Approved,N R Pura,South-2,KOPPA,KARNATAKA,TRUE,577126,,India
6195,RSC,25.0297443,87.3158446,Approved,Mahagama,East,Mahagama,JHARKHAND,TRUE,169168,,India
6191,RSC,22.9417375,85.0866987,Approved,Torpa,East,Torpa,JHARKHAND,TRUE,676867,,India
6182,RSC,11.9396252,79.8144812,Approved,PDY/SA-WTT,South-2,PONDICHERRY,TAMIL NADU,TRUE,605013,,India
6174,RSC,21.54909821,74.47948278,Approved,Mhasavad,West,Borad,MAHARASHTRA,TRUE,425409,,India
6171,RSC,11.3787912,76.7457545,Approved,Conoor,South-2,Coonoor,TAMIL NADU,TRUE,643102,,India
6165,RSC,22.0284216,82.9630541,Approved,Adbhar,Central,Sakti,CHHATTISGARH,TRUE,495695,ADR,India
6160,RSC,21.8327237,82.9677621,Approved,Malkharoda,Central,Sakti,CHHATTISGARH,TRUE,495691,MAA,India
6151,RSC,19.059115,75.425115,Approved,Shirurkasar,West,Shirurkasar,MAHARASHTRA,TRUE,413249,,India
6150,SC,28.50586667,77.021555,Approved,RVP/DLMBR,North,Gurugram,HARYANA,TRUE,122017,RVP/DLMBR,India
6148,RSC,17.3258117,79.6939866,Approved,NUTHANKAL,South-1,Suryapet,TELANGANA,TRUE,508221,,India
6131,RSC,32.44523667,75.40476833,Approved,Raj Bagh,North,Kathua,JAMMU AND KASHMIR,TRUE,184143,,India
6128,RSC,20.072538,77.9585312,Approved,Jawala Arni,Central,Arni,MAHARASHTRA,TRUE,445105,,India
6119,RSC,20.2904854,82.2153694,Approved,Mainpur,Central,Mainpur,CHHATTISGARH,TRUE,493888,,India
6116,RSC,12.97764667,79.138105,Approved,VLR/SA-KPD,South-2,Vellore,TAMIL NADU,TRUE,632006,,India
6112,RSC,34.3754833,74.3042767,Approved,Langate,North,Kupwara,JAMMU AND KASHMIR,TRUE,193302,,India
6111,RSC,31.3141633,77.4514233,Approved,Kumarsain,North,KUMARSAIN,HIMACHAL PRADESH,TRUE,172029,,India
6110,RSC,31.34984,76.38882833,Approved,Nangal Pb,North,UNA,PUNJAB,TRUE,140124,Roopnagar,India
6108,RSC,17.56856024,80.10101393,Approved,BAYYARAM,South-1,Mahabubabad,TELANGANA,TRUE,507211,,India
6094,RSC,23.6514767,87.70345,Approved,Santiniketan 1,East,BOLPUR,WEST BENGAL,TRUE,501128,,India
6092,RSC,17.27646242,74.52504203,Approved,KhanapurMH,West,Khanapur,MAHARASHTRA,TRUE,415307,KHH,India
6085,SC,23.8479934,80.3784404,Approved,KTN/Katni,Central,Katni,MADHYA PRADESH,TRUE,483501,SNR,India
6078,RSC,24.9810759,81.6969427,Approved,Sohagi,Central,Sohagi,MADHYA PRADESH,TRUE,486226,,India
6073,RSC,11.2832953,76.9348225,Approved,Karamadai,South-2,ANNUR,TAMIL NADU,TRUE,641301,,India
6076,RSC,10.9024749,78.6049309,Approved,Ponnanagar,South-2,Trichy,TAMIL NADU,TRUE,621216,,India
6048,SC,12.9226615,80.0976971,Approved,MAA/TMB-EHV,South-2,Chennai,TAMIL NADU,TRUE,600063,MAA/TMB-EHV,India
6047,SC,26.2954821,84.9239814,Approved,Sahabganj,East,Sahebganj,BIHAR,TRUE,843125,SAHX,India
6044,RSC,8.7744678,76.8594038,Approved,KILIMANOOR,South-2,Trivandrum,KERALA,TRUE,695601,,India
6043,Terminal,12.8715187,77.5688659,Approved,BLR/AVA-TML,South-2,BANGALORE,KARNATAKA,TRUE,560062,BLR/AVA-TML,India
6032,RSC,25.9350619,80.7930947,Approved,Fatehpur KNP,North,Fatehpur,UTTAR PRADESH,TRUE,212601,,India
6038,RSC,22.6093305,88.2576788,Approved,Domjur,East,HOWRAH,WEST BENGAL,TRUE,313121,,India
3447,RSC,14.40805242,78.99827916,Approved,VONITIMITTA,South-1,VONITIMITTA,ANDHRA PRADESH,TRUE,516213,,India
6029,RSC,23.85873167,85.02505833,Approved,Tandwa,East,Tandwa,JHARKHAND,TRUE,521353,,India
6028,RSC,23.80332098,85.59831373,Approved,Kedla,East,Ghatotand,JHARKHAND,TRUE,415020,,India
6026,RSC,22.8232844,86.0920949,Approved,Gamharia,East,GamhariaJH,JHARKHAND,TRUE,403907,Jharkhand,India
6017,RSC,16.3453099,75.6211477,Approved,Bilagi,South-2,BILAGI,KARNATAKA,TRUE,587116,Bagalkot Building2,India
6016,RSC,21.782145,83.07633833,Approved,ChandrapurCG,Central,DABHARA,CHHATTISGARH,TRUE,495690,CHG,India
6012,RSC,8.4692863,76.9735271,Approved,VAZHUTHAKKAD,South-2,Trivandrum,KERALA,TRUE,695121,,India
6008,RSC,18.6642556,77.5999776,Approved,Atkali,West,Bhiloli,MAHARASHTRA,TRUE,431710,ATI,India
6007,RSC,21.1980283,81.9718483,Approved,Arang,Central,MAHASAMUND,CHHATTISGARH,TRUE,493225,,India
6002,RSC,12.0500422,78.9669909,Approved,moongilthuraipattu,South-2,KALLAKURUCHI,TAMIL NADU,TRUE,605702,Kalai Main Road,India
5994,Terminal,17.4582079,78.3501732,Approved,HYD/KDP-TML,South-1,Hyderabad,TELANGANA,TRUE,500084,HYD/KDP-TML,India
5993,Terminal,12.9708078,80.2530149,Approved,MAA/ADY-TML,South-2,Chennai,TAMIL NADU,TRUE,600041,MAA/ADY-TML,India
5991,RSC,18.72929487,76.39041136,Approved,Ashti AHN,West,KADA,MAHARASHTRA,TRUE,414203,AAN,India
5990,RSC,24.82590833,79.14777667,Approved,Khargapur,Central,Tikamgarh,MADHYA PRADESH,TRUE,472115,,India
5978,RSC,15.6424883,74.5118467,Approved,Khanapur KA,South-2,BELAGAVI,KARNATAKA,TRUE,591302,LAG/BB4,India
5951,RSC,26.7595194,80.8583073,Approved,Ain,North,Lucknow,UTTAR PRADESH,TRUE,226401,,India
5910,RSC,21.2291694,81.7797386,Approved,Mandir Hasaud,Central,Raipur,CHHATTISGARH,TRUE,492101,MHD,India
5912,RSC,17.4318595,74.6457157,Approved,Kaledhon,West,Mayani,MAHARASHTRA,TRUE,415312,KAN,India
5911,RSC,16.004227,73.6882009,Approved,Mhapan MH,West,Kudal,MAHARASHTRA,TRUE,516522,MMH,India
5905,RSC,12.6670478,79.5352309,Approved,KCP/SA-CHR,South-2,KANCHIPURAM,TAMIL NADU,TRUE,604407,,India
5904,RSC,12.8897067,80.0116717,Approved,UPM/SA-PDP,South-2,Chengalpet,TAMIL NADU,TRUE,601301,,India
5891,RSC,8.42029838,77.07660358,Approved,nemom,South-2,Trivandrum,KERALA,TRUE,695126,,India
5882,SC,19.0881694,72.9152247,Approved,BOM/CHB-VEHV,West,Mumbai,MAHARASHTRA,TRUE,400071,CHR4,India
5873,RSC,22.1678683,85.58094,Approved,Danguaposi,East,Danguaposi,JHARKHAND,TRUE,573098,,India
5872,RSC,24.1773983,87.7939383,Approved,Hansan,East,Rampurhat,WEST BENGAL,TRUE,844242,,India
5866,Terminal,12.93305667,77.700765,Approved,RVP/BLRBEL-TML,South-2,BANGALORE,KARNATAKA,TRUE,560103,RVP/BLRBEL-TML,India
5862,Terminal,12.942065,77.524905,Approved,RVP/BLRRRN-TML,South-2,BANGALORE,KARNATAKA,TRUE,560039,RVP/BLRRRN-TML,India
5860,Terminal,12.8835047,77.613312,Approved,RVP/BLRHUL-TML,South-2,BANGALORE,KARNATAKA,TRUE,560076,RVP/BLRHUL-TML,India
5858,Terminal,12.90764833,77.68334833,Approved,RVP/BLRCRM-TML,South-2,BANGALORE,KARNATAKA,TRUE,560035,RVP/BLRCRM-TML,India
5855,Terminal,12.89677269,77.56159759,Approved,RVP/BLRCCH-TML,South-2,BANGALORE,KARNATAKA,TRUE,560078,RVP/BLRCCH-TML,India
5853,SC,12.84210333,77.580175,Approved,RVP/BLRJGI-TML,South-2,BANGALORE,KARNATAKA,TRUE,560105,RVP/BLRJGI-TML,India
5852,Terminal,13.03155333,77.741705,Approved,RVP/BLRRMN-TML,South-2,BANGALORE,KARNATAKA,TRUE,560016,RVP/BLRRMN-TML,India
5851,Terminal,12.88268221,77.73861743,Approved,RVP/BLRSPR-TML,South-2,BANGALORE,KARNATAKA,TRUE,562125,RVP/BLRSPR-TML,India
5850,Terminal,12.97457041,77.5240386,Approved,RVP/BLRGOTT-TML,South-2,BANGALORE,KARNATAKA,TRUE,560083,RVP/BLRGOTT-TML,India
5847,RSC,15.9408744,77.4272923,Approved,MANTRALAYAM,South-1,MANTRALAYAM,ANDHRA PRADESH,TRUE,518345,MANTRALAYAM,India
5844,RSC,18.32166999,79.64140095,Approved,CHITYAL,South-1,Parkal,TELANGANA,TRUE,506356,,India
5841,RSC,22.57999667,88.23575,Approved,Andul,East,HOWRAH,WEST BENGAL,TRUE,736664,,India
5836,Terminal,13.0979283,77.567765,Approved,BLR/YLK-TML,South-2,BANGALORE,KARNATAKA,TRUE,560065,BLR/YLK-TML,India
5835,RSC,25.284795,91.72065,Approved,CHERRAPUNJI,North East,Cherrapunji,MEGHALAYA,TRUE,793108,,India
5833,RSC,13.63918667,78.62961833,Approved,VAYALPADU,South-1,VALAPARLA,ANDHRA PRADESH,TRUE,517299,ARL/VAA1,India
5832,RSC,19.1745728,79.5972078,Approved,MALLIDI,South-1,BELLAMPALLI,TELANGANA,TRUE,504273,,India
5818,RSC,21.89444312,73.67412748,Approved,Kevadia,West,Kevadia,GUJARAT,TRUE,393151,,India
5814,RSC,21.3165688,83.0070995,Approved,Saraipali,Central,Basna,CHHATTISGARH,TRUE,493558,JRI,India
5808,RSC,20.9404217,81.2947833,Approved,Gunderdehi,Central,Balod,CHHATTISGARH,TRUE,491226,KVY,India
5805,RSC,25.0791333,80.1980633,Approved,Chandla,Central,Chandla,MADHYA PRADESH,TRUE,471525,,India
5804,RSC,24.41348,80.0357767,Approved,Amanganj,Central,Panna,MADHYA PRADESH,TRUE,488441,AMJ,India
5799,RSC,25.51641,94.133883,Approved,MAOGATE,North East,Senapati,MANIPUR,TRUE,795150,,India
5795,SC,19.1221578,72.8402074,Approved,BOM/RO-VEHV,West,Mumbai,MAHARASHTRA,TRUE,400093,ANI4,India
5794,SC,18.9723033,72.8302433,Approved,BOM/SRE-VEHV,West,Mumbai,MAHARASHTRA,TRUE,400015,SEE4,India
3414,RSC,23.70512709,87.32152553,Approved,Pandaveswar,East,PANDAVESWAR  WB,WEST BENGAL,TRUE,713381,,India
5781,SC,17.31379125,78.51064718,Approved,RVP/HYDRCI,South-1,Hyderabad,TELANGANA,TRUE,500058,RVP/HYDRCI,India
5779,SC,17.43270237,78.43616007,Approved,RVP/HYDYOU,South-1,Hyderabad,TELANGANA,TRUE,500073,RVP/HYDYOU,India
5776,RSC,26.1139348,82.2548324,Approved,Bahrauli,North,Sultanpur,UTTAR PRADESH,TRUE,222302,,India
5767,RSC,26.87468,78.8893167,Approved,Jaswant Nagar,North,Etawah,UTTAR PRADESH,TRUE,206245,,India
5764,RSC,25.27585833,83.108475,Approved,Ramnagar UP,North,VARANASI,UTTAR PRADESH,TRUE,221008,,India
5751,RSC,23.9495435,88.4670939,Approved,Hariharpara,East,Hariharpara,WEST BENGAL,TRUE,174444,,India
5747,RSC,25.291935,82.9246967,Approved,Lohta,North,VARANASI,UTTAR PRADESH,TRUE,221108,,India
5720,RSC,11.9719105,75.3379315,Approved,PAPPINISSERI,South-2,Kannur,KERALA,TRUE,670561,,India
5707,RSC,19.6987483,84.81808,Approved,Buguda OR,East,Buguda,Odisha,TRUE,653823,,India
5709,RSC,19.9220817,85.385725,Approved,Tangi,East,CHANDPUR ORISSA,Odisha,TRUE,273715,,India
5699,RSC,27.3570285,92.2466597,Approved,DIRANG,North East,DIRANG,ARUNACHAL PRADESH,TRUE,790101,,India
5695,SC,28.43366167,77.03354667,Approved,RVP/DLBHN,North,Delhi NCR,DELHI,TRUE,122102,RVP/DLBHN,India
5693,SC,28.736415,77.16538167,Approved,RVP/DLJPR,North,New Delhi,DELHI,TRUE,110033,RVP/DLJPR,India
5691,SC,28.50094333,77.181605,Approved,RVP/DLLDS,North,New Delhi,DELHI,TRUE,110074,RVP/DLLDS,India
5690,SC,28.6738738,77.36337345,Approved,RVP/DLJWN,North,New Delhi,DELHI,TRUE,110005,RVP/DLJWN,India
5688,SC,28.66752806,77.37302087,Approved,RVP/GZB,North,New Delhi,DELHI,TRUE,201012,RVP/GZB,India
5680,RSC,28.676007,77.1668606,Approved,DEL/ASV1,North,New Delhi,DELHI,TRUE,110035,,India
5672,RSC,14.9658364,74.7099267,Approved,Yellapura,South-2,KUMTA,KARNATAKA,TRUE,581359,,India
5668,RSC,11.608205,78.1462267,Approved,Seelanaikenpatti,South-2,Salem,TAMIL NADU,TRUE,636201,,India
5667,SC,17.5471233,78.21116,Approved,ISNAPUR,South-1,ISNAPUR,TELANGANA,TRUE,502307,ISNZ,India
5663,RSC,12.0515717,75.3418951,Approved,Ezhome,South-2,Kannur,KERALA,TRUE,670142,,India
5661,RSC,10.0839117,77.9733296,Approved,Sholavandan,South-2,Madurai,TAMIL NADU,TRUE,625215,,India
5657,RSC,28.7098884,77.1013949,Approved,DEL/RHN1,North,New Delhi,DELHI,TRUE,110085,,India
5655,RSC,33.7907757,75.1081031,Approved,Bijbehara,North,Awantipur,JAMMU AND KASHMIR,TRUE,192124,,India
5637,RSC,26.4262445,80.3025219,Approved,KNP/BRR1,North,Kanpur,UTTAR PRADESH,TRUE,208027,,India
5621,Terminal,12.9075827,77.6833446,Approved,BLR/CRM-TML,South-2,BANGALORE,KARNATAKA,TRUE,560035,BLR/CRM-TML,India
5618,RSC,10.9899483,78.324105,Approved,Thottiyam,South-2,KULITHALAI,TAMIL NADU,TRUE,639105,Thottiyam,India
5608,RSC,24.4954162,92.7609167,Approved,VAIRENGTE,North East,Kolasib,MIZORAM,TRUE,796101,,India
5605,SC,12.7977469,80.0300064,Approved,CGL/MM-Nagar,South-2,Chengalpet,TAMIL NADU,TRUE,603209,CGL/MM-Nagar,India
5598,RSC,20.30754263,86.34284276,Approved,Amberi,East,Amberi,Odisha,TRUE,754137,,India
5584,RSC,25.776775,84.03491,Approved,Chitbaragaon,North,Ballia,UTTAR PRADESH,TRUE,221713,,India
5585,RSC,31.10654333,77.67631667,Approved,Jubbal,North,Shimla,HIMACHAL PRADESH,TRUE,171205,,India
5579,RSC,25.8924266,84.2415448,Approved,Kewara,North,Ballia,UTTAR PRADESH,TRUE,277210,,India
5578,RSC,26.4054417,80.3274034,Approved,KNP/NBS1,North,Kanpur,UTTAR PRADESH,TRUE,208021,,India
5575,RSC,26.40130669,80.3699508,Approved,KNP/HJN,North,Kanpur,UTTAR PRADESH,TRUE,208007,,India
5574,RSC,25.926825,83.73803667,Approved,Ratanpura,North,Mau,UTTAR PRADESH,TRUE,221706,,India
5576,RSC,26.89000667,81.55745167,Approved,Dariyabad,North,Barabanki,UTTAR PRADESH,TRUE,225403,,India
5568,RSC,22.66067833,73.164765,Approved,Umreth,West,Umreth,GUJARAT,TRUE,388220,UMH,India
5563,RSC,11.45759007,78.19211724,Approved,Rasipuram,South-2,Namakkal,TAMIL NADU,TRUE,637408,,India
5560,RSC,11.72264704,79.17957725,Approved,Elavanasur,South-2,ELAVANASUR,TAMIL NADU,TRUE,607202,Elavanasur Main Road,India
5558,SC,28.3502498,77.0659797,Approved,DEL/BHN,North,Delhi NCR,DELHI,TRUE,122102,DEL/BHN,India
5554,RSC,25.5768697,88.1364693,Approved,Rupahar,East,Rupahar,WEST BENGAL,TRUE,278247,,India
5550,SC,26.2558637,91.6914453,Approved,CHANGSARI,North East,baihata,ASSAM,TRUE,781101,CHNG,India
5548,RSC,18.1601543,76.0596014,Approved,Lohara,West,Lohara,MAHARASHTRA,TRUE,413506,,India
5545,RSC,28.82871833,76.36503167,Approved,Kalanour HR,North,Kalanour,HARYANA,TRUE,124113,,India
5543,SC,28.3853067,76.9093667,Approved,DEL/IMT,North,Delhi NCR,DELHI,TRUE,122052,DEL/IMT,India
5541,SC,16.7850999,80.8496101,Approved,NUZVIDU,South-1,Nuzvid,ANDHRA PRADESH,TRUE,521201,NUZI,India
5530,SC,24.7426696,84.3923217,Approved,Aurangabad1 BH,East,Aurangabad BH,BIHAR,TRUE,824101,AURZ,India
5518,RSC,26.9400793,83.3043151,Approved,PIPIGANJ,North,Gorakhpur,UTTAR PRADESH,TRUE,273158,,India
5523,RSC,24.9996804,93.9045253,Approved,MOTBUNG,North East,Kangpopki,MANIPUR,TRUE,795107,,India
5520,RSC,24.86212051,93.9204436,Approved,NILAKUTHI,North East,Imphal,MANIPUR,TRUE,795002,,India
5516,RSC,21.9307459,82.3457968,Approved,Masturi,Central,MASTURI,CHHATTISGARH,TRUE,495551,MASTURI,India
5515,RSC,22.2945767,73.3886,Approved,Waghodia,West,VADODARA,GUJARAT,TRUE,391760,,India
5514,RSC,16.99624167,73.450835,Approved,PaliMH,West,LANJA,MAHARASHTRA,TRUE,415619,PAH,India
5512,RSC,18.3308467,74.104245,Approved,SaswadMH,West,Saswad,MAHARASHTRA,TRUE,412301,SAH,India
5511,RSC,21.2547928,69.9808225,Approved,Madhavpur,West,Mangrol,GUJARAT,TRUE,362230,,India
5508,RSC,17.0956898,78.4980832,Approved,MAHESWARAM TG,South-1,MAHESWARAM,TELANGANA,TRUE,501359,,India
5503,Hub TSP,13.07574667,77.45149333,Approved,BLR/KMP-ICT,South-2,BANGALORE,KARNATAKA,TRUE,560058,BLR/KMP-ICT,India
5489,RSC,26.4908675,94.8052522,Approved,LONGLENG,North East,LONGLENG,NAGALAND,TRUE,798625,,India
5488,RSC,26.8873833,95.081515,Approved,TIZIT,North East,TIZIT,NAGALAND,TRUE,798602,,India
5480,RSC,12.658949,76.2559923,Approved,Hallymysuru,South-2,HALLYMYSURU,KARNATAKA,TRUE,573210,HUU/HAU,India
5474,RSC,22.34878598,87.97645041,Approved,SHYAMPUR,East,Shyampur,WEST BENGAL,TRUE,409014,,India
5469,RSC,23.84948089,85.44165305,Approved,Charhi,East,Charhi,JHARKHAND,TRUE,914439,,India
5461,RSC,24.3927738,87.0819027,Approved,Jarmundi,East,Jarmundi,JHARKHAND,TRUE,824985,,India
5465,RSC,22.2104467,88.7550333,Approved,BASANTI,East,Basanti,WEST BENGAL,TRUE,486502,,India
5456,RSC,18.7412167,82.842385,Approved,Sunabeda1,East,Sunabeda,Odisha,TRUE,325858,,India
5453,RSC,26.3749935,88.07341,Approved,Thakurganj,East,Thakurganj,BIHAR,TRUE,855116,,India
5451,RSC,23.3350272,87.6846072,Approved,Galsi,East,Purba Bardhaman,WEST BENGAL,TRUE,713406,,India
5449,RSC,31.0361471,76.6961703,Approved,Nalagarh,North,Baddi,HIMACHAL PRADESH,TRUE,174101,,India
5446,RSC,31.8296419,76.0788942,Approved,Chintpurni Devi,North,UNA,HIMACHAL PRADESH,TRUE,177110,,India
5445,RSC,31.5580017,76.953305,Approved,Baggi,North,Mandi,HIMACHAL PRADESH,TRUE,175027,,India
5435,RSC,26.3458001,81.5767333,Approved,Jais,North,Amethi,UTTAR PRADESH,TRUE,229304,,India
5432,RSC,34.0379083,74.810225,Approved,Chanapora,North,Srinagar,JAMMU AND KASHMIR,TRUE,190015,,India
5431,RSC,33.6011958,75.2845993,Approved,Kokernag,North,Anantnag,JAMMU AND KASHMIR,TRUE,192202,,India
3402,RSC,11.7795083,76.0039982,Approved,Mananthavady,South-2,MANANTHAVADY,KERALA,TRUE,670645,,India
5414,RSC,18.2924283,79.277991,Approved,KESHAVAPATNAM,South-1,JAMMIKUNTA,TELANGANA,TRUE,505474,,India
3387,RSC,26.101946,83.5393833,Approved,Ghosi,North,Ghosi,UTTAR PRADESH,TRUE,275304,,India
3393,RSC,21.2445181,82.5167638,Approved,Pithora,Central,PITHORA,CHHATTISGARH,TRUE,493551,,India
5392,Terminal,18.513706,73.7704165,Approved,PNQ/BVN-TML,West,PUNE,MAHARASHTRA,TRUE,411021,BAN,India
5383,RSC,27.3138244,83.7283651,Approved,Nichlaul UP,North,Nichlaul,UTTAR PRADESH,TRUE,273304,,India
5382,RSC,27.8756137,81.5051496,Approved,Nanpara,North,Behraich,UTTAR PRADESH,TRUE,271865,,India
5370,RSC,19.7081399,74.4802471,Approved,Shirdi,West,Rahata,MAHARASHTRA,TRUE,423109,SHI,India
5369,RSC,19.92645667,84.58569333,Approved,Bagdevi Road,East,Bhanjanagar,Odisha,TRUE,761133,,India
5358,RSC,12.72579,75.2166567,Approved,Bettampadi,South-2,Mangalore,KARNATAKA,TRUE,574259,,India
5356,RSC,21.1032517,78.9766017,Approved,Hingna,Central,Nagpur,MAHARASHTRA,TRUE,441110,,India
5355,RSC,20.0550195,73.7876821,Approved,Vani,West,Dindori,MAHARASHTRA,TRUE,422205,VAI,India
5345,Terminal,12.8973134,77.641471,Approved,BLR/HSR-TML,South-2,BANGALORE,KARNATAKA,TRUE,560068,BLR/HSR-TML,India
7282,SC,12.9409054,80.1823874,Approved,MAA/KKT,South-2,Chennai,TAMIL NADU,TRUE,600100,MAA/KKT,India
7281,SC,27.2211937,79.0075055,Approved,Mainpuri UP,North,Mainpuri,UTTAR PRADESH,TRUE,205001,MARP,India
7279,SC,21.1821433,81.26692,Approved,Durg/GP,Central,DURG,CHHATTISGARH,TRUE,491001,NRA,India
7276,RSC,14.8209429,78.8797659,Approved,BRAHMAMGARI MATHAM,South-1,BRAHMAMGARI MATHAM,ANDHRA PRADESH,TRUE,516503,matham,India
7275,SC,22.58961833,88.36305167,Approved,CCU/GPK,East,Kolkata,WEST BENGAL,TRUE,700024,CCU/GPK,India
7274,SC,26.5396999,86.1014805,Approved,Jaynagar2,East,Jaynagar BH,BIHAR,TRUE,847226,JAAR,India
7273,SC,26.4277599,85.8766178,Approved,Benipatti1,East,BENIPATTI,BIHAR,TRUE,847223,BNPI,India
7272,SC,26.398521,85.5109979,Approved,Runnisaidpur1,East,Runni Saidpur,BIHAR,TRUE,843326,RNSP,India
7271,SC,12.9383937,77.5827502,Approved,BLR/JBB-SVC,South-2,BANGALORE,KARNATAKA,TRUE,560011,BLR/JBB-SVC,India
7268,RSC,10.9309554,76.4948391,Approved,KARAKURISSI,South-2,PALAKKAD,KERALA,TRUE,678595,,India
7263,RSC,18.47819,77.3717467,Approved,Mukramabad,West,dharmabad,MAHARASHTRA,TRUE,431719,,India
7262,RSC,17.9752164,74.4289554,Approved,Pandharewadi,West,DIGANJI,MAHARASHTRA,TRUE,415315,PAI,India
7256,SC,13.0194292,77.606318,Approved,BLR/NKD,South-2,BANGALORE,KARNATAKA,TRUE,560043,BLR/NKD,India
7253,SC,24.871292,92.3655812,Approved,KXJ/KXJ,North East,Karimganj,ASSAM,TRUE,788710,KXJ/KXJ,India
7252,SC,26.9579949,93.8611677,Approved,IXI/NPR,North East,Narayanpur,ASSAM,TRUE,784164,IXI/NPR,India
7246,SC,18.4930803,73.9765919,Approved,PNQ/MNJ,West,PUNE,MAHARASHTRA,TRUE,412307,SHI,India
7245,SC,13.0574338,80.217511,Approved,MAA/KDM,South-2,Chennai,TAMIL NADU,TRUE,600024,MAA/KDM,India
7239,SC,24.3642471,92.1604528,Approved,TRP/DMR,North East,Dharmanagar,TRIPURA,TRUE,799254,TRP/DMR,India
7230,SC,14.87956,79.98856,Approved,KAVALI SVC,South-1,KAVALI,ANDHRA PRADESH,TRUE,524201,KVLC,India
7229,SC,14.532755,79.8766465,Approved,BUCHIREDDYPALEM SVC,South-1,BUCHIREDDYPALEM,ANDHRA PRADESH,TRUE,524305,BHPM,India
7225,SC,19.8174202,75.8751112,Approved,Jalna1,West,Jalna,MAHARASHTRA,TRUE,431203,JA1,India
7224,SC,19.2733196,76.7649534,Approved,Parbhani1,West,Parbhani,MAHARASHTRA,TRUE,431401,PA1,India
7223,Hub PC,19.1851468,72.8570105,Approved,BOM/MLD-East,West,Mumbai,MAHARASHTRA,TRUE,400097,MAD6,India
7219,RSC,10.7573482,76.5554067,Approved,KUZHALMANNAM,South-2,PALAKKAD,KERALA,TRUE,678594,,India
7216,RSC,14.23312558,75.99444028,Approved,BADA,South-2,SHIVAMOGGA,KARNATAKA,TRUE,577544,SMG/BB1,India
7213,SC,16.21193088,77.35559026,Approved,Raichur SVC,South-2,Raichur,KARNATAKA,TRUE,584101,RCRV,India
7203,RSC,26.95615074,84.53890198,Approved,Chanpatia,East,Chanpatia,BIHAR,TRUE,845449,,India
7200,Terminal,10.96527667,78.074275,Approved,KARUR_TM-TML,South-2,Karur,TAMIL NADU,TRUE,639001,,India
7195,RSC,10.2497833,77.1719633,Approved,Marayoor,South-2,Kattapana,KERALA,TRUE,685620,,India
7171,SC,12.9631387,80.1369149,Approved,MAA/CRM,South-2,Chennai,TAMIL NADU,TRUE,600044,MAA/CRM,India
7170,SC,23.032932,72.5617958,Approved,AMD/NRP1,West,Ahmedabad,GUJARAT,TRUE,380009,SAR,India
7169,RSC,11.3543483,77.714955,Approved,Veerappanchatram,South-2,Erode,TAMIL NADU,TRUE,638004,,India
7168,RSC,26.4885096,81.9172603,Approved,Dehli Bazar,North,Sultanpur,UTTAR PRADESH,TRUE,227814,,India
7165,RSC,11.90859169,75.350441,Approved,ALAVIL,South-2,Kannur,KERALA,TRUE,670008,,India
7138,SC,22.50129,88.3093258,Approved,Garden Reach,East,Kolkata,WEST BENGAL,TRUE,700024,RDCH,India
7136,SC,13.1277826,80.2199442,Approved,MAA/PER,South-2,Chennai,TAMIL NADU,TRUE,600099,MAA/PER,India
7135,RSC,22.70802405,77.92976605,Approved,Babai,Central,BABAI,MADHYA PRADESH,TRUE,461001,babai,India
7125,RSC,26.63013333,82.24567333,Approved,Khajuri Chauraha,North,Khajuri Chauraha,UTTAR PRADESH,TRUE,224132,,India
7121,SC,28.3119633,76.8193917,Approved,DEL/PATAUDI,North,Delhi NCR,DELHI,TRUE,122503,DEL/PATAUDI,India
7119,RSC,10.5598128,76.2352109,Approved,RAMAVARMAPURAM,South-2,KOZHIKODE,KERALA,TRUE,680631,,India
7118,RSC,17.1477114,80.0662586,Approved,MUDIGONDA,South-1,Khammam,TELANGANA,TRUE,507158,,India
7117,RSC,18.738861,79.1911849,Approved,DHARMARAM,South-1,Peddapalli,TELANGANA,TRUE,505416,,India
7114,SC,12.9599703,77.6383501,Approved,BLR/IND-SVC,South-2,BANGALORE,KARNATAKA,TRUE,560071,BLR/IND-SVC,India
7112,RSC,28.5029321,77.2246668,Approved,DEL/RJR,North,Delhi NCR,DELHI,TRUE,201005,,India
7111,RSC,9.808108333,77.325615,Approved,Chinnamanur,South-2,CUMBAM,TAMIL NADU,TRUE,625515,Chinnamanur,India
7110,RSC,10.0377903,77.484807,Approved,Theni Unjampatti,South-2,Theni,TAMIL NADU,TRUE,625531,,India
7109,RSC,22.73934167,88.510855,Approved,Duttapukur,East,Barasat,WEST BENGAL,TRUE,743248,,India
7102,RSC,21.5628658,74.2193746,Approved,Taloda,West,Nandurbar,MAHARASHTRA,TRUE,425413,,India
7099,SC,13.0419835,77.5469541,Approved,BLR/JAL,South-2,BANGALORE,KARNATAKA,TRUE,560013,BLR/JAL,India
7085,RSC,11.7567429,75.6543203,Approved,THUVAKUNNU,South-2,Kannur,KERALA,TRUE,670693,,India
7082,RSC,26.1493068,85.4028025,Approved,Meenapur,East,Meenapur,BIHAR,TRUE,842004,,India
7081,RSC,22.8233472,88.6847985,Approved,Habra1,East,Habra,WEST BENGAL,TRUE,743271,,India
7079,SC,26.4540893,92.4388691,Approved,MRG/MRB,North East,Morigaon,ASSAM,TRUE,782126,MRG/MRB,India
7075,RSC,17.04246346,76.92621767,Approved,WADI SHAHABAD,South-2,Kalaburagi,KARNATAKA,TRUE,585225,,India
7072,SC,17.4004026,78.4067333,Approved,HYD/TCK,South-1,Hyderabad,TELANGANA,TRUE,500008,HYD/TCK,India
7071,Hub,22.6772833,88.4535183,Approved,CCU/FM2,East,Kolkata,WEST BENGAL,TRUE,700132,DOA2,India
7069,Hub,22.7624719,88.3050869,Approved,HWH/FM2,East,Kolkata,WEST BENGAL,TRUE,711205,JAR,India
7064,SC,10.9964,77.0019417,Approved,CJB/NORTH-EHV,South-2,Coimbatore,TAMIL NADU,TRUE,641027,CJB/NORTH-EHV,India
7062,RSC,20.60933167,78.18239,Approved,Babulgaon,Central,Yavatmal,MAHARASHTRA,TRUE,445101,,India
7057,RSC,30.71668833,76.73812167,Approved,CAR/KJR,North,Chandigarh,CHANDIGARH,TRUE,160036,,India
7054,RSC,22.72320167,75.910095,Approved,Index,Central,Indore,MADHYA PRADESH,TRUE,452020,KBA,India
7051,RSC,26.587035,88.27455,Approved,Bidhannagar1,East,Bidhannagar,WEST BENGAL,TRUE,688249,,India
7045,RSC,11.5422676,78.3525836,Approved,Mangalapuram,South-2,Namakkal,TAMIL NADU,TRUE,636202,,India
7038,RSC,30.7999747,75.9553257,Approved,Sanhewal,North,Dehlon,PUNJAB,TRUE,141120,,India
7033,Hub,25.56295,85.185525,Approved,PAT/FM1,East,Patna,BIHAR,TRUE,800007,BAA1,India
7030,RSC,30.304085,77.40786,Approved,Chhachhrauli,North,chhachhrauli,HARYANA,TRUE,135102,,India
7022,SC,18.6072987,73.7660743,Approved,PNQ/DNG SVC,West,PUNE,MAHARASHTRA,TRUE,411033,DMD,India
7011,RSC,20.15740167,74.00061333,Approved,Pimpalgaon,West,Ozhar,MAHARASHTRA,TRUE,422209,,India
7008,RSC,24.0350063,84.2137998,Approved,Leshliganj,East,Leshliganj,JHARKHAND,TRUE,822118,,India
7000,RSC,26.72173333,80.84463333,Approved,Banthra,North,Sarijani Nagar,UTTAR PRADESH,TRUE,227111,,India
6999,SC,17.5105709,78.4968903,Approved,HYD/AWL,South-1,Hyderabad,TELANGANA,TRUE,500010,HYD/AWL,India
6990,SC,13.0389843,77.59779,Approved,BLR/RTN,South-2,BANGALORE,KARNATAKA,TRUE,560032,BLR/RTN,India
6988,RSC,21.15045,73.8626267,Approved,Visarwadi,West,Navapur,MAHARASHTRA,TRUE,425426,VII,India
6981,RSC,20.64451667,82.07981667,Approved,Chhura,Central,Gariyabandh,CHHATTISGARH,TRUE,493996,,India
6980,RSC,16.3424139,81.7624997,Approved,SAKHINETIPALLI,South-1,Palakol,ANDHRA PRADESH,TRUE,533251,,India
6978,RSC,17.47649167,79.43558667,Approved,TIRUMALAGIRI,South-1,Suryapet,TELANGANA,TRUE,508223,,India
6975,SC,18.6141042,78.1981449,Approved,Dichpally,South-1,Nizamabad,TELANGANA,TRUE,503175,DCHP,India
6972,RSC,22.1320826,82.4734024,Approved,Baloda,Central,Champa,CHHATTISGARH,TRUE,495559,MBA,India
6970,SC,19.0605214,72.8721764,Approved,BOM/KRL,West,Mumbai,MAHARASHTRA,TRUE,400070,KUA2,India
6968,RSC,19.09671167,82.03474167,Approved,Aasana,Central,Bastar,CHHATTISGARH,TRUE,494221,AAA,India
6967,RSC,11.4135767,77.5675483,Approved,Kavandapadi,South-2,Gopichettipalyam,TAMIL NADU,TRUE,638455,Kavandapadi,India
6964,SC,21.2049512,81.6729731,Approved,RPR/DPR,Central,Raipur,CHHATTISGARH,TRUE,492015,DUI,India
6959,RSC,11.11638833,76.93786833,Approved,Narasimhanaickenpalayam,South-2,PERIYAPALAYAM,TAMIL NADU,TRUE,641020,Narasimhanaickenpalayam,India
6957,SC,18.60741667,73.76612333,Approved,RVP/WKD,West,PUNE,MAHARASHTRA,TRUE,411057,MRI,India
6956,RSC,17.32792605,74.35202854,Approved,Kadegaon,West,Bhavaninagar,MAHARASHTRA,TRUE,415304,KAN,India
6951,SC,19.1861698,72.9534331,Approved,THN/WGH,West,Thane,MAHARASHTRA,TRUE,400604,THE4,India
6950,RSC,11.68343942,78.10482845,Approved,chinnathirupathi,South-2,Salem,TAMIL NADU,TRUE,636008,,India
6941,RSC,23.0734769,88.5369946,Approved,Chakdah,East,Chakdah,WEST BENGAL,TRUE,538219,,India
6937,RSC,31.0933756,77.2067625,Approved,Kufri,North,Sanjauli,HIMACHAL PRADESH,TRUE,171006,,India
6933,SC,17.7608367,83.2203217,Approved,VPT/SCLM,South-1,Visakhapatnam,ANDHRA PRADESH,TRUE,530028,VPT/SCLM,India
6923,Hub,26.8481684,75.6373145,Approved,JAI/DMG,North,Jaipur,RAJASTHAN,TRUE,302026,SAA1,India
6918,SC,10.0363455,76.648401,Approved,THP/KTP,South-2,Thodupuzha,KERALA,TRUE,686671,THP/KTP,India
6912,RSC,19.2309069,73.1320057,Approved,KalyanEast,West,Mumbai,MAHARASHTRA,TRUE,421306,KAT1,India
6905,SC,28.4990573,77.2319432,Approved,DEL/SANGAMVIHAR,North,New Delhi,DELHI,TRUE,110080,DEL/SANGAMVIHAR,India
6904,Hub,17.5812606,78.5137921,Approved,HYD/DTO,South-1,Hyderabad,TELANGANA,TRUE,500078,DEL1,India
6901,RSC,23.9099557,80.816166,Approved,Khitoli,Central,Barhi,MADHYA PRADESH,TRUE,483770,KHI,India
6897,RSC,28.17574167,94.80584167,Approved,AALO,North East,Khonsa,ARUNACHAL PRADESH,TRUE,791001,,India
6892,RSC,12.89997337,74.89208372,Approved,MLR/SKT,South-2,Mangalore,KARNATAKA,TRUE,575028,,India
6881,SC,17.5321049,78.3964474,Approved,HYD/NZP,South-1,Hyderabad,TELANGANA,TRUE,500090,HYD/NZP,India
6879,RSC,22.85510167,87.35000667,Approved,Hoomgarh,East,Chandrakona,WEST BENGAL,TRUE,721157,,India
6876,Hub,28.9783033,77.0507033,Approved,PCK/SONIPAT,North,Sonipat,HARYANA,TRUE,131001,SCY,India
6874,Hub,21.1530936,72.8423832,Approved,SRT/DMG,West,Surat,GUJARAT,TRUE,395023,HAA2,India
6870,RSC,15.0206279,75.934396,Approved,Huvinahadagali,South-2,HUVINAHADAGALI,KARNATAKA,TRUE,583219,Huvinahadagali,India
6869,SC,23.1142995,72.5846788,Approved,AMD/CDK,West,Ahmedabad,GUJARAT,TRUE,382424,CHA,India
6865,SC,26.3581361,86.0578244,Approved,Madhubani2,East,MADHUBANI,BIHAR,TRUE,847214,MDBI,India
6864,SC,17.4569685,78.4057291,Approved,HYD/BRB,South-1,Hyderabad,TELANGANA,TRUE,500018,HYD/BRB,India
6862,RSC,22.0489914,73.7367087,Approved,Nasvadi,West,Nasvadi,GUJARAT,TRUE,391150,,India
6859,SC,31.63659823,74.84122932,Approved,ATQ/CHT,North,AMRITSAR,PUNJAB,TRUE,143002,ATQ/CHT,India
6857,RSC,11.25899167,75.79330252,Approved,OTTUPARA,South-2,TRICHUR,KERALA,TRUE,680589,,India
6856,RSC,10.0731024,76.309396,Approved,Muppathadam1,South-2,Aluva,KERALA,TRUE,683110,,India
6855,SC,27.53942806,93.82096246,Approved,SBN/ZRO,North East,ZIRO,ARUNACHAL PRADESH,TRUE,791120,SBN/ZRO,India
6849,RSC,10.75875475,79.64344944,Approved,Thiruvarur1,South-2,Tiruvarur,TAMIL NADU,TRUE,610004,,India
6842,RSC,25.6829985,94.6271537,Approved,MELURI,North East,Phek,NAGALAND,TRUE,797114,,India
6841,RSC,25.64749,93.670915,Approved,JALUKIE,North East,Chumukidima,NAGALAND,TRUE,797115,,India
6835,RSC,17.09486392,73.38736668,Approved,Chafe,West,Chafe,MAHARASHTRA,TRUE,415639,,India
6831,SC,10.0087704,76.3450632,Approved,COK/EKC,South-2,Cochin,KERALA,TRUE,682021,COK/EKC,India
6829,RSC,20.67257374,81.48279214,Approved,Purur,Central,Dhamtari,CHHATTISGARH,TRUE,491227,PUR,India
6824,SC,25.5826094,85.2261759,Approved,PAT/CITY,East,Patna,BIHAR,TRUE,800009,PAT/CITY,India
6823,SC,26.6234167,91.571535,Approved,BKS/TMP,North East,Tamulpur,ASSAM,TRUE,781367,BKS/TMP,India
6822,SC,26.1118274,93.0354796,Approved,KLG/HWG,North East,Howraghat,ASSAM,TRUE,782481,KLG/HWG,India
6820,RSC,11.5656967,76.1432217,Approved,Meppadi,South-2,KALPETTA,KERALA,TRUE,673577,,India
6819,SC,17.5321803,78.3963796,Approved,HYD/NZP-EHV,South-1,Hyderabad,TELANGANA,TRUE,500090,HYD/NZP-EHV,India
6814,Hub,25.2498976,82.9276746,Approved,PCK/VNS,North,VARANASI,UTTAR PRADESH,TRUE,221011,BAN1,India
6813,SC,27.56525498,95.5485816,Approved,TSK/DDM,North East,Doomdooma,ASSAM,TRUE,786190,TSK/DDM,India
6812,SC,28.6859201,77.0265617,Approved,DEL/MKA,North,Delhi NCR,DELHI,TRUE,110041,DEL/MKA,India
6810,RSC,28.5540487,77.3515016,Approved,Noida/SPR,North,Delhi NCR,DELHI,TRUE,201301,,India
6809,RSC,28.5856626,77.4506466,Approved,Noida/GRC,North,Delhi NCR,DELHI,TRUE,201306,,India
6807,RSC,20.49796009,77.85797143,Approved,Nerparsopant,Central,DARWAH,MAHARASHTRA,TRUE,445102,,India
6801,RSC,27.2964016,83.2407421,Approved,Lotan Bazar,North,Naugarh,UTTAR PRADESH,TRUE,272206,,India
6799,RSC,16.4951871,74.7759403,Approved,Raibag1,South-2,RAIBAG,KARNATAKA,TRUE,591317,RBG/BB3,India
6791,RSC,30.9684712,77.1985452,Approved,Chail,North,Solan,HIMACHAL PRADESH,TRUE,173217,,India
6788,RSC,18.48181352,73.9553616,Approved,Phursungi,West,MANJARI,MAHARASHTRA,TRUE,412308,PHI,India
6784,RSC,17.50390058,78.41755785,Approved,RVP/HYDKUK-TML,South-1,Hyderabad,TELANGANA,TRUE,500072,RVP/HYDKUK-TML,India
6782,RSC,28.4324533,80.5768517,Approved,Sampurna Nagar,North,Khiri,UTTAR PRADESH,TRUE,262904,,India
6781,RSC,27.28739167,80.832875,Approved,Fatehpur Barabanki,North,Barabanki,UTTAR PRADESH,TRUE,225305,,India
6778,RSC,25.40418333,88.52502333,Approved,Gangarampur,East,GANGARAMPUR,WEST BENGAL,TRUE,733124,,India
6775,RSC,19.25940667,76.43297333,Approved,Pathri,West,Manwath,MAHARASHTRA,TRUE,431506,,India
6774,RSC,16.82499,74.6904816,Approved,Takali,West,Mahishal,MAHARASHTRA,TRUE,416410,TAI,India
6772,RSC,13.6715027,79.0485305,Approved,BHAKARAPET,South-1,BHAKARAPET,ANDHRA PRADESH,TRUE,517172,BHAKARAPET,India
6755,RSC,31.679185,76.7141,Approved,Kuthera,North,Kuthera,HIMACHAL PRADESH,TRUE,174026,,India
6752,RSC,26.1236097,89.4430658,Approved,Bhetaguri,East,Dinhata,WEST BENGAL,TRUE,736134,,India
6751,RSC,11.93746589,75.40853517,Approved,Mayyil,South-2,Taliparamba,KERALA,TRUE,670602,,India
6744,RSC,26.5109464,83.4182586,Approved,Kauriram,North,Kauriram,UTTAR PRADESH,TRUE,273413,,India
6737,RSC,16.46282082,80.45880704,Approved,MOTHADAKA,South-1,MOTHADAKA,ANDHRA PRADESH,TRUE,522236,MOTHADAKA,India
6732,Terminal,12.9330304,77.7008276,Approved,BLR/BLD-TML,South-2,BANGALORE,KARNATAKA,TRUE,560103,BLR/BLD-TML,India
6730,RSC,15.6673676,73.8396618,Approved,Tivim,West,Goa,GOA,TRUE,403504,TIM,India
6727,RSC,16.9079116,74.6014285,Approved,Budhgaon,West,Sangali,MAHARASHTRA,TRUE,416304,BUN,India
6726,RSC,17.9850878,74.4264441,Approved,Bavada,West,Indapur,MAHARASHTRA,TRUE,413101,BAA,India
6724,RSC,11.70031,92.71155,Approved,Bambooflat,East,Port Blair,ANDAMAN AND NICOBAR,TRUE,744107,,India
6720,SC,26.1230625,85.9119593,Approved,Laheriyasarai,East,Darbhanga,BIHAR,TRUE,846001,LRIS,India
6714,RSC,18.56415833,72.926865,Approved,Revdanda,West,Alibaug,MAHARASHTRA,TRUE,402203,REA,India
6713,RSC,31.24633542,77.1206,Approved,Sunni,North,Shimla,HIMACHAL PRADESH,TRUE,171301,,India
6711,RSC,31.3298686,77.140451,Approved,Karsog,North,Mandi,HIMACHAL PRADESH,TRUE,175011,,India
6709,RSC,12.9118994,79.0749923,Approved,VELLORE TN,South-2,Vellore,TAMIL NADU,TRUE,632010,,India
6707,RSC,18.87976816,78.15033044,Approved,NANDIPET,South-1,Nizamabad,TELANGANA,TRUE,503212,,India
6691,RSC,31.4946769,76.8737175,Approved,Kangoo,North,Bilaspur HP,HIMACHAL PRADESH,TRUE,175030,,India
6687,RSC,15.8240917,80.3564142,Approved,KOVUR AP,South-1,BUCHIREDDYPALEM,ANDHRA PRADESH,TRUE,524137,,India
6685,RSC,26.2062383,92.7199217,Approved,KATHIATOLI,North East,Nagaon,ASSAM,TRUE,782427,,India
6684,RSC,25.5782775,94.2985774,Approved,PFUTSERO,North East,Phek,NAGALAND,TRUE,797107,,India
6610,RSC,27.40030167,95.30825333,Approved,DEOHAL,North East,Tinsukia,ASSAM,TRUE,786601,,India
6609,RSC,23.3087182,92.8546078,Approved,SERCHHIP,North East,Serchip,MIZORAM,TRUE,796181,,India
6593,SC,17.2651404,78.5848952,Approved,Turkayamjal1,South-1,Hyderabad,TELANGANA,TRUE,501510,TKJM,India
6596,RSC,11.02617167,78.38592667,Approved,PAVITHRAM,South-2,Trichy,TAMIL NADU,TRUE,621208,,India
6592,RSC,11.1641186,76.9361182,Approved,PeriyanaickenPalayam,South-2,PERIYAPALAYAM,TAMIL NADU,TRUE,641047,,India
6590,RSC,20.7948904,81.8474393,Approved,Fingeshwar,Central,MAHASAMUND,CHHATTISGARH,TRUE,493992,,India
6591,RSC,10.64472291,75.98325793,Approved,AKALD,South-2,THRISSUR,KERALA,TRUE,680518,,India
6660,RSC,15.5823639,73.7983817,Approved,Calangute,West,Goa,GOA,TRUE,403510,CAE,India
6659,RSC,25.27579,79.341417,Approved,Harpalpur,Central,Harpalpur,MADHYA PRADESH,TRUE,471111,,India
6650,RSC,22.8757222,92.7515377,Approved,LUNGLEI,North East,Lunglei,MIZORAM,TRUE,796701,,India
6646,RSC,31.40198667,77.38501833,Approved,Anni,North,Anni,HIMACHAL PRADESH,TRUE,172026,,India
6657,SC,21.21741833,72.83347,Approved,RVP/KTG,West,Surat,GUJARAT,TRUE,395004,KAM,India
6653,SC,18.4552723,73.9022118,Approved,Pisoli-EHV,West,PUNE,MAHARASHTRA,TRUE,411060,PII,India
6642,RSC,19.99986508,85.53018284,Approved,Nirakarpur1,East,Nirakarpur,Odisha,TRUE,820478,,India
6620,RSC,26.3886048,83.4583856,Approved,Hata Bazar,North,Gorakhpur,UTTAR PRADESH,TRUE,273411,,India
6637,RSC,26.64683,82.3294767,Approved,Purabazar,North,Ayodhya,UTTAR PRADESH,TRUE,224172,,India
6255,RSC,11.073518,79.564734,Approved,Kadalangudi,South-2,Thanjavur,TAMIL NADU,TRUE,609807,,India
6164,RSC,13.588395,79.3258533,Approved,CHANDRAGIRI AP,South-1,Chandragiri,ANDHRA PRADESH,TRUE,517101,,India
6133,Hub,19.19801667,73.09298833,Approved,RTO/MIR,West,Mumbai,MAHARASHTRA,TRUE,401107,MID1,India
6093,RSC,22.9227803,88.7827953,Approved,Thakurnagar,East,Thakurnagar,WEST BENGAL,TRUE,798797,,India
5861,Terminal,12.93856167,77.629095,Approved,RVP/BLRKRG-TML,South-2,BANGALORE,KARNATAKA,TRUE,560030,RVP/BLRKRG-TML,India
5652,RSC,32.0273317,76.644425,Approved,Lad Bharol_,North,Baijnath,HIMACHAL PRADESH,TRUE,176125,,India
5592,RSC,15.37655027,79.83403552,Approved,KONDEPI,South-1,KONDEPI,ANDHRA PRADESH,TRUE,523270,KONDEPI,India
5413,SC,30.8935821,75.9199609,Approved,LUD/FPT,North,Ludhiana,PUNJAB,TRUE,141010,LUD/FPT,India
5377,SC,24.8112445,84.6329486,Approved,Rafiganj,East,Rafiganj,BIHAR,TRUE,824125,RAFI,India
5330,RSC,30.3629967,76.1554117,Approved,Nabha,North,Patiala,PUNJAB,TRUE,147201,,India
5317,RSC,22.412045,72.898915,Approved,Borsad,West,ANAND,GUJARAT,TRUE,388540,BOD,India
5305,RSC,31.7491626,75.7496726,Approved,Gardhiwala,North,Hoshiarpur,PUNJAB,TRUE,144207,,India
5255,RSC,25.1189126,86.5665573,Approved,Kharagpur BH,East,Kharagpur BH,BIHAR,TRUE,811213,,India
5230,RSC,26.243753,91.9594902,Approved,CHANDRAPUR GHY,North East,Mayong,ASSAM,TRUE,781150,Kolong Bridge,India
5172,RSC,15.9513208,73.7400434,Approved,Zarap,West,Kudal,MAHARASHTRA,TRUE,416519,,India
5161,RSC,18.1770933,73.9572717,Approved,Khed Shivapur,West,Khandala,MAHARASHTRA,TRUE,412205,KSR,India
5113,SC,26.24117066,78.14773456,Approved,GWL/ANR,Central,Gwalior,MADHYA PRADESH,TRUE,474009,VNR,India
5065,RSC,19.5524433,74.9283433,Approved,Newasa Phata,West,NEWASA,MAHARASHTRA,TRUE,414603,NPA,India
5018,SC,17.45951512,78.4782901,Approved,RVP/HYDBWN,South-1,Hyderabad,TELANGANA,TRUE,500011,RVP/HYWBWN,India
4888,RSC,14.8848329,74.3290501,Approved,Mallapur,South-2,Karwar,KARNATAKA,TRUE,581400,,India
4784,Hub,13.052,77.4589394,Approved,RTO/MKH,South-2,Nelamangala,KARNATAKA,TRUE,562123,MAI,India
4749,RSC,21.9298172,69.7835196,Approved,Bhanvad,West,Bhanvad,GUJARAT,TRUE,360510,BHD,India
4666,RSC,20.9029483,74.7653667,Approved,Kusumba,West,Dhule,MAHARASHTRA,TRUE,424001,KUA,India
4456,Hub,21.215123,72.8318571,Approved,RTO/KTG,West,Surat,GUJARAT,TRUE,395004,PPA1,India
4233,RSC,26.534695,94.6785432,Approved,CHANGTONGYA,North East,Changtongya,NAGALAND,TRUE,798613,,India
4207,RSC,8.5535633,77.9692283,Approved,Nazareth,South-2,Thiruchendur,TAMIL NADU,TRUE,628617,Nazareth,India
4109,RSC,14.17132,76.00392,Approved,Santhebennur,South-2,Santhebennur,KARNATAKA,TRUE,577552,,India
4061,SC,17.353335,78.4588651,Approved,HYD/OLD,South-1,Hyderabad,TELANGANA,TRUE,500064,HYD/OLD,India
4025,RSC,27.20798167,78.01464333,Approved,AGR/KML,North,Agra,UTTAR PRADESH,TRUE,282002,,India
3951,RSC,25.53553,86.138855,Approved,Bakhri,East,Bakhri,BIHAR,TRUE,848201,,India
3822,RSC,30.5575819,76.9410305,Approved,Raipur Rani,North,Raipur Rani,HARYANA,TRUE,134118,,India
3763,RSC,23.6783916,86.9765978,Approved,Asansol1,East,Asansol,WEST BENGAL,TRUE,713302,,India
3678,RSC,23.6464492,85.2850506,Approved,Patratu,East,Patratu,JHARKHAND,TRUE,829143,,India
3665,RSC,26.2258523,82.0603892,Approved,Sultanpur,North,Sultanpur,UTTAR PRADESH,TRUE,228001,,India
3545,SC,28.5147312,77.2957736,Approved,DEL/SDL-EHV,North,New Delhi,DELHI,TRUE,110044,OKA,India
3532,RSC,8.56294282,76.95696151,Approved,KALLAYAM,South-2,kallayam,KERALA,TRUE,695043,,India
3511,RSC,11.29438333,75.77454667,Approved,ELATHUR,South-2,ELATHUR,KERALA,TRUE,673005,,India
3396,RSC,24.0982524,77.6826988,Approved,Sironj,Central,SIRONJ,MADHYA PRADESH,TRUE,464228,,India
3341,RSC,28.6124781,77.1136741,Approved,DEL/KMP1,North,New Delhi,DELHI,TRUE,110027,,India
3309,RSC,24.1825655,92.0977498,Approved,PECHARTHAL,North East,Pencharthal,TRIPURA,TRUE,799263,,India
3134,RSC,26.35759333,88.904395,Approved,Mekhliganj,East,MEKHLIGANJ,WEST BENGAL,TRUE,548546,,India
3123,RSC,23.76326333,75.54979833,Approved,Alot,Central,Alot,MADHYA PRADESH,TRUE,457114,BST,India
3100,RSC,23.3862236,88.1239223,Approved,Kusumgram,East,MANTESWAR,WEST BENGAL,TRUE,713422,,India
3015,RSC,26.8409394,80.0559953,Approved,Bilhaur,North,BILHAUR,UTTAR PRADESH,TRUE,209202,,India
2966,RSC,20.3089616,84.8509732,Approved,Daspalla,East,DASPALLA,Odisha,TRUE,752084,,India
2945,RSC,31.85966333,76.50075333,Approved,Sujanpur Tira,North,SUJANPUR TIRA,HIMACHAL PRADESH,TRUE,176107,,India
2920,RSC,21.6360901,73.026983,Approved,Ankleshwar,West,ANKLESHWAR,GUJARAT,TRUE,393002,,India
2874,RSC,25.4285367,83.61872,Approved,Zamaniya,North,Zamaniya,UTTAR PRADESH,TRUE,232340,,India
2828,RSC,15.39912,74.01760333,Approved,Ponda,West,Goa,GOA,TRUE,403401,POA,India
2794,RSC,10.214835,76.2616817,Approved,KODUNGALLUR,South-2,Kodungallur,KERALA,TRUE,680685,,India
2771,RSC,27.0580667,78.6773717,Approved,Shikohabad,North,SHIKOHABAD,UTTAR PRADESH,TRUE,283135,,India
2726,RSC,16.3050895,80.4325043,Approved,VETAPALEM,South-1,VETAPALEM,ANDHRA PRADESH,TRUE,523187,,India
2628,RSC,19.941404,73.5342594,Approved,NewTrambak,West,Trambakeshwar,MAHARASHTRA,TRUE,422213,NEK,India
2617,RSC,22.7511639,81.9011258,Approved,Pendra,Central,Pendra,CHHATTISGARH,TRUE,495117,PEA,India
2551,RSC,22.35439,85.2132883,Approved,Manoharpur,East,Manoharpur,JHARKHAND,TRUE,833104,,India
2495,RSC,31.6828972,76.1267093,Approved,Amb,North,Amb,HIMACHAL PRADESH,TRUE,177203,,India
2483,RSC,26.55251833,91.18910333,Approved,PATHSALA,North East,BARPETA,ASSAM,TRUE,781325,,India
2461,RSC,25.338511,82.9772002,Approved,VRS/NSR,North,VARANASI,UTTAR PRADESH,TRUE,221003,,India
2451,RSC,20.85650833,75.50043333,Approved,Erandol,West,Erandol,MAHARASHTRA,TRUE,425109,,India
2390,RSC,22.4192366,74.5663482,Approved,Jobat,Central,Jobat,MADHYA PRADESH,TRUE,457990,KRD,India
2376,RSC,19.39733667,74.82245667,Approved,Sonai,West,Sonai,MAHARASHTRA,TRUE,414105,RSC/Sonai,India
2309,RSC,17.5488665,82.2322316,Approved,KOYYURU,South-1,KOYYURU,ANDHRA PRADESH,TRUE,531087,RSC/KOYYURU,India
2277,RSC,25.5713197,78.8170451,Approved,Chirgaon,North,Chirgaon,UTTAR PRADESH,TRUE,284301,RSC/Chirgaon,India
2253,RSC,16.0042293,73.6881945,Approved,Vengurla,West,Vengurla,MAHARASHTRA,TRUE,416520,RSC/Vengurla,India
2242,RSC,32.568812,75.0241711,Approved,Vijaypur,North,Vijaypur,JAMMU AND KASHMIR,TRUE,184120,RSC/Vijaypur,India
2182,RSC,19.1825168,74.0927749,Approved,Alephata,West,Alephata,MAHARASHTRA,TRUE,412411,RSC/Alephata,India
2148,RSC,25.8069837,93.779935,Approved,Chumukedima,North East,Chumukidima,NAGALAND,TRUE,797103,RSC/Chumukedima,India
2127,RSC,19.4503101,76.4392282,Approved,Selu,West,Selu,MAHARASHTRA,TRUE,431503,RSC/Selu,India
2109,RSC,24.6872322,87.9521733,Approved,Dhulian,East,Dhulian,WEST BENGAL,TRUE,742202,RSC/Dhulian,India
1979,RSC,18.4014302,76.2494938,Approved,Murud1,West,Murud,MAHARASHTRA,TRUE,413510,RSC/Murud1,India
1862,SC,16.4491247,80.5658744,Approved,Mangalagiri,South-1,Mangalagiri,ANDHRA PRADESH,TRUE,522503,MGIR,India
1809,SC,21.4686148,86.8828748,Approved,Balasore,East,Balasore,Odisha,TRUE,756000,BAA1,India
1786,SC,21.1899327,72.8737758,Approved,RVP/SRT,West,Surat,GUJARAT,TRUE,395010,PPA2,India
1775,SC,22.3698837,88.4202057,Approved,Baruipur,East,Baruipur,WEST BENGAL,TRUE,743610,BUIR,India
1705,SC,26.7300437,83.3650983,Approved,GKP/NSD,North,Gorakhpur,UTTAR PRADESH,TRUE,273016,GKP/NSD,India
1683,RSC,19.07111833,79.48811,Approved,Bellampalli,South-1,BELLAMPALLI,TELANGANA,TRUE,504251,RSC/Bellampalli,India
1660,RSC,22.03492167,74.90272,Approved,Barwani,Central,Barwani,MADHYA PRADESH,TRUE,451551,RSC/Barwani,India
1605,SC,25.335773,86.490124,Approved,Munger,East,Munger,BIHAR,TRUE,811201,MUNG,India
1562,RSC,14.1646332,77.8140847,Approved,Puttaparthi,South-1,PUTTAPARTHI,ANDHRA PRADESH,TRUE,515134,RSC/Puttaparthi,India
1551,RSC,22.0487904,71.2053141,Approved,Jasdan,West,Jasdan,GUJARAT,TRUE,360050,JAN,India
1478,RSC,21.6419729,78.2670989,Approved,Multai,Central,Multai,MADHYA PRADESH,TRUE,460661,NBD,India
1431,RSC,19.29364833,73.20586167,Approved,Titwala1,West,Titwala,MAHARASHTRA,TRUE,421605,TIA,India
1384,RSC,17.865253,76.9450413,Approved,Basavaklyan1,South-2,Basavakalyan,KARNATAKA,TRUE,585327,RSC/Basavaklyan1,India
1352,RSC,15.81583,80.1097983,Approved,Inkollu,South-1,INKOLLU,ANDHRA PRADESH,TRUE,523167,RSC/Inkollu,India
4665,RSC,26.502295,80.2370223,Approved,KNP IIT,North,Kanpur,UTTAR PRADESH,TRUE,208016,,India
1238,RSC,32.56183067,76.11455473,Approved,Chamba,North,CHAMBA,HIMACHAL PRADESH,TRUE,176310,RSC/Chamba,India
838,RSC,14.3293599,76.6510549,Approved,Challakere,South-2,Challakere,KARNATAKA,TRUE,577537,RSC/Challakere,India
813,SC,28.6115139,77.3288492,Approved,DEL/GDC,North,New Delhi,DELHI,TRUE,110096,DEL/GDC,India
504,RSC,13.2696999,76.4750353,Approved,Tiptur,South-2,Tiptur,KARNATAKA,TRUE,572201,RSC/Tiptur,India
456,RSC,26.0877208,83.2868852,Approved,Azamgarh,North,Azamgarh,UTTAR PRADESH,TRUE,276404,RSC/Azamgarh,India
366,SC,16.5375007,80.6032315,Approved,VIJ/BPM,South-1,Vijayawada,ANDHRA PRADESH,TRUE,520012,VIJ/BPM,India
340,SC,16.7387675,78.0160304,Approved,MAHABUBNAGAR,South-1,Mahabubnagar,TELANGANA,TRUE,509001,MBN,India
328,SC,30.959965,76.5147717,Approved,RPN,North,Roopnagar,PUNJAB,TRUE,140001,RPN,India
296,SC,28.6572206,77.1437805,Approved,RVP/KMP,North,New Delhi,DELHI,TRUE,110015,RVP/KMP,India
295,SC,28.44760043,77.02081157,Approved,RVP/ISR,North,Delhi NCR,DELHI,TRUE,122001,RVP/ISR,India
280,SC,28.4474889,77.0207655,Approved,DEL/ISR,North,Delhi NCR,DELHI,TRUE,122001,DEL/ISR,India
258,SC,15.4709485,78.4830192,Approved,Nandyal,South-1,Nandyal,ANDHRA PRADESH,TRUE,518501,NDY,India
237,SC,18.2938513,83.8616984,Approved,Srikakulam,South-1,Srikakulam,ANDHRA PRADESH,TRUE,532001,SKM,India
214,SC,17.5976183,78.07655,Approved,PATANCHERU,South-1,Patancheru,TELANGANA,TRUE,502295,PTC,India
180,SC,13.32796,77.1069233,Approved,Tumkur,South-2,Tumkur,KARNATAKA,TRUE,572102,TMK,India
145,SC,18.6933254,78.1148109,Approved,Nizamabad,South-1,Nizamabad,TELANGANA,TRUE,503001,VNR1,India
104,SC,16.98904119,82.24394143,Approved,KAKINADA,South-1,kakinada,ANDHRA PRADESH,TRUE,533005,KKD,India
80,SC,31.3218167,75.55752,Approved,Jalandhar,North,Jalandhar,PUNJAB,TRUE,144002,JRD,India
69,SC,19.2023507,72.8561429,Approved,BOM/KND,West,Mumbai,MAHARASHTRA,TRUE,400101,KHI1,India
58,SC,30.9158347,75.8786255,Approved,LUD/LUD,North,Ludhiana,PUNJAB,TRUE,141008,LUD,India
46,SC,26.18583833,91.78060167,Approved,GAU/BGH,North East,Guwahati,ASSAM,TRUE,781007,GAU/BGH,India
5,SC,18.5588037,73.7926758,Approved,PNQ/BAN,West,PUNE,MAHARASHTRA,TRUE,411045,IAR1,India
5735,SC,22.7756967,75.8990865,Approved,IDR/MSR,Central,Indore,MADHYA PRADESH,TRUE,452001,LRD,India
5700,SC,24.5511785,81.3119182,Approved,Rewa MP,Central,Rewa,MADHYA PRADESH,TRUE,486001,BNR,India
5717,RSC,8.19368,77.44176167,Approved,Nagercoil1,South-2,Nagercoil,TAMIL NADU,TRUE,629001,,India
5696,SC,31.11185,77.1025967,Approved,Totu,North,Shimla,HIMACHAL PRADESH,TRUE,171011,TTUU,India
5677,Terminal,12.7345379,77.833038,Approved,BLR/HOS-TML,South-2,HOSUR,KARNATAKA,TRUE,635109,BLR/HOS-TML,India
5613,RSC,9.5172317,78.0977267,Approved,Aruppukottai,South-2,Virudhunagar,TAMIL NADU,TRUE,626101,,India
5571,SC,11.9213058,79.5833456,Approved,PDY/AGARAM,South-2,VILLUPURAM,TAMIL NADU,TRUE,605108,PDY/AGARAM,India
5529,SC,24.5781652,84.8071852,Approved,Sherghati1,East,Sherghati,BIHAR,TRUE,824211,SHEZ,India
5494,SC,26.9740131,75.7748986,Approved,PCK/VKI,North,Jaipur,RAJASTHAN,TRUE,302013,VKI1,India
5367,RSC,21.86066228,87.75609824,Approved,Marishda,East,CONTAI,WEST BENGAL,TRUE,721449,,India
5308,SC,16.480727,79.8768286,Approved,PDG/PDG,South-1,PIDUGURALLA,ANDHRA PRADESH,TRUE,522413,PDG/PDG,India
5292,SC,25.3493388,74.6201935,Approved,PCK/Bhilwara,North,Bhilwara,RAJASTHAN,TRUE,311001,PCK/Bhilwara,India
5281,RSC,11.3655097,77.8566886,Approved,Tiruchengode North,South-2,Sankagiri,TAMIL NADU,TRUE,637209,Tiruchengode North,India
5164,RSC,18.3813931,77.1254218,Approved,Udgir MIDC,West,Udgir,MAHARASHTRA,TRUE,413517,UMC,India
5267,RSC,21.74199667,70.805935,Approved,Vadiya,West,Amreli,GUJARAT,TRUE,365480,CAA,India
5268,RSC,20.5386954,73.1443794,Approved,DharampurGJ,West,Valsad,GUJARAT,TRUE,396050,,India
5243,Terminal,10.3809633,77.9920577,Approved,DINDIGUL/EAST-TML,South-2,Dindigul,TAMIL NADU,TRUE,624005,DINDIGUL/EAST-TML,India
5141,RSC,12.827955,79.7032643,Approved,KCP/SA-ORK,South-2,KANCHIPURAM,TAMIL NADU,TRUE,631502,,India
5087,RSC,8.983786727,77.42262152,Approved,Surandai,South-2,Tenkasi,TAMIL NADU,TRUE,627851,Surandai,India
5076,RSC,22.79971667,73.21125667,Approved,Thasra,West,Thasra,GUJARAT,TRUE,388250,THA,India
5059,RSC,24.86832833,88.02571333,Approved,Kaliachak,East,Kaliachak,WEST BENGAL,TRUE,732201,,India
5056,RSC,23.49377,88.450153,Approved,Dhubulia2,East,Dhubulia,WEST BENGAL,TRUE,741139,,India
4938,SC,26.1575761,91.7517586,Approved,GAU/KYQ,North East,Guwahati,ASSAM,TRUE,781033,GAU/KYQ,India
4931,RSC,26.1200772,91.9792823,Approved,SONAPUR,North East,Sonapur,ASSAM,TRUE,782402,,India
4926,Hub,17.4392767,78.5567333,Approved,PCK/SEC,South-1,Hyderabad,TELANGANA,TRUE,500076,NAM,India
4913,RSC,27.1244217,88.2633333,Approved,Jorethang,East,Jorethang,SIKKIM,TRUE,737121,,India
4908,RSC,20.23445501,85.87796761,Approved,Nakhara,East,Cuttack,Odisha,TRUE,752100,,India
4882,RSC,26.3000908,83.9213924,Approved,Salempur1,North,SALEMPUR,UTTAR PRADESH,TRUE,274509,,India
4867,SC,26.1948451,85.316035,Approved,Kanti,East,Kanti,BIHAR,TRUE,843109,MKNT,India
4844,RSC,17.9755068,74.4287068,Approved,Someshwar Nagar,West,Baramati,MAHARASHTRA,TRUE,412306,SNR,India
4829,Terminal,12.3318387,76.6735447,Approved,MYS/NRM-TML,South-2,Mysore,KARNATAKA,TRUE,570007,MYS/NRM-TML,India
4826,Terminal,10.4579421,76.2308954,Approved,POOCHETTY-TML,South-2,THRISSUR,KERALA,TRUE,680751,POOC,India
4810,RSC,23.4723917,87.0652567,Approved,Saltora,East,Bankura,WEST BENGAL,TRUE,722158,,India
4800,SC,17.7561534,83.3303646,Approved,VPT/SVP,South-1,Visakhapatnam,ANDHRA PRADESH,TRUE,530017,VPT/SVP,India
4774,RSC,11.0262717,76.121305,Approved,Makkaraparamba,South-2,Malappuram,KERALA,TRUE,676507,,India
4772,RSC,11.2714172,77.3988525,Approved,Kunnathur,South-2,Erode,TAMIL NADU,TRUE,638103,,India
4758,Terminal,12.5234326,76.8925079,Approved,MANDYA-TML,South-2,Mandya,KARNATAKA,TRUE,571402,MDYA,India
4725,RSC,22.0147365,82.4395098,Approved,Akaltara CG,Central,AKALTARA,CHHATTISGARH,TRUE,495552,MMK,India
4704,SC,26.4931671,83.7600835,Approved,DRA/Deoria,North,Deoria,UTTAR PRADESH,TRUE,274001,DRA/Deoria,India
4715,RSC,21.7489517,82.7801667,Approved,Jaijaipur,Central,DABHARA,CHHATTISGARH,TRUE,495690,,India
4675,RSC,10.6990924,76.4271838,Approved,Puthucode,South-2,ALATHUR,KERALA,TRUE,680587,,India
4705,Terminal,18.4649215,73.8560784,Approved,PNQ/DNK-TML,West,PUNE,MAHARASHTRA,TRUE,411043,PNQ/DNK-TML,India
4659,RSC,11.52661189,79.32712382,Approved,VIRUDHACHALAM/SA,South-2,VIRUDHACHALAM,TAMIL NADU,TRUE,606001,,India
4653,RSC,20.50974167,86.10420667,Approved,Salepur OR,East,Salepur OR,Odisha,TRUE,754200,,India
4647,Terminal,23.4308491,85.3340336,Approved,RNC/MBD-TML,East,Ranchi,JHARKHAND,TRUE,834008,RNC/MBD-TML,India
4571,RSC,30.2994771,76.9707248,Approved,Dhakola,North,Dhakola,HARYANA,TRUE,133101,,India
4593,SC,20.4869735,85.8077543,Approved,CTK/JGP,East,Cuttack,Odisha,TRUE,754021,CTK/JGP,India
4581,SC,16.3048217,80.4324117,Approved,GTR/LPM,South-1,Guntur,ANDHRA PRADESH,TRUE,522007,GTR/LPM,India
4586,Terminal,23.3231993,85.3733541,Approved,RNC/NKM-TML,East,Ranchi,JHARKHAND,TRUE,834010,RNC/NKM-TML,India
4585,Terminal,23.3316263,85.2861402,Approved,RNC/DRW-TML,East,Ranchi,JHARKHAND,TRUE,834004,RNC/DRW-TML,India
4562,RSC,17.9753891,74.4290397,Approved,Piliv,West,Piliv,MAHARASHTRA,TRUE,413310,,India
4558,RSC,21.3421405,86.7601672,Approved,Bahanga,East,Bahanaga,Odisha,TRUE,756043,,India
4530,RSC,10.01003967,77.36127991,Approved,Bodinayakanur,South-2,Theni,TAMIL NADU,TRUE,625513,Bodinayakanur,India
4520,SC,24.8958583,84.1719817,Approved,ROH/Dehri,East,ROHTAS,BIHAR,TRUE,821307,ROH/Dehri,India
4490,RSC,23.11747607,73.60335697,Approved,Lunavada,West,Lunavada,GUJARAT,TRUE,389230,,India
4486,RSC,22.94932,73.3319333,Approved,Balasinor,West,Balasinor,GUJARAT,TRUE,388255,,India
4482,RSC,20.92684333,75.32439667,Approved,Bhadgaon,West,Bhadgaon,MAHARASHTRA,TRUE,425109,,India
4477,RSC,19.612335,84.65386833,Approved,Aska,East,Aska,Odisha,TRUE,761110,,India
4465,RSC,23.5441611,86.6741672,Approved,Raghunathpur,East,Raghunathpur,WEST BENGAL,TRUE,723133,,India
4440,SC,17.6957175,83.2684965,Approved,VPT/GWK-1,South-1,Visakhapatnam,ANDHRA PRADESH,TRUE,530026,VPT/GWK-1,India
4400,RSC,22.76499025,88.77247929,Approved,Berachampa,East,Berachampa,WEST BENGAL,TRUE,743424,,India
4399,RSC,23.233525,88.60395,Approved,Hanskhali,East,Hanskhali,WEST BENGAL,TRUE,741505,,India
4398,RSC,11.47707,77.87606667,Approved,Sankagiri,South-2,Sankagiri,TAMIL NADU,TRUE,637301,,India
4391,RSC,23.67638,87.192483,Approved,Haripur,East,Haripur,WEST BENGAL,TRUE,713378,,India
4388,RSC,25.7303695,78.7337786,Approved,Bhander,Central,Bhander,MADHYA PRADESH,TRUE,475335,BHR,India
4374,RSC,22.21275833,87.81684667,Approved,Shrirampur WB,East,Shrirampur WB,WEST BENGAL,TRUE,124366,,India
4354,RSC,11.1455797,78.5946918,Approved,Thuraiyur,South-2,THURAIYUR,TAMIL NADU,TRUE,621010,,India
4380,RSC,23.4508299,88.3129292,Approved,Parulia WB,East,PARULIA WB,WEST BENGAL,TRUE,713513,,India
4334,SC,22.8405799,86.2220381,Approved,JMD/MNG,East,Jamshedpur,JHARKHAND,TRUE,831012,JMD/MNG,India
4342,RSC,22.4457118,87.0000264,Approved,Binpur,East,Binpur,WEST BENGAL,TRUE,721502,,India
4333,RSC,21.04666,76.06093,Approved,Muktainagar,West,Muktainagar,MAHARASHTRA,TRUE,425306,,India
4325,RSC,16.6466949,74.38267,Approved,Hupari,West,Hupari,MAHARASHTRA,TRUE,416202,,India
4324,RSC,10.0132208,77.4802759,Approved,Periyakulam,South-2,Theni,TAMIL NADU,TRUE,625531,Periyakulam,India
4300,RSC,24.7209583,93.8591928,Approved,LANGJING,North East,LANGJING,MANIPUR,TRUE,795113,,India
4220,RSC,22.4420413,88.2858872,Approved,Amtala1,East,Amtala,WEST BENGAL,TRUE,700104,,India
4288,RSC,8.3362333,77.8556383,Approved,Thisaiyanvillai,South-2,Thisayanvilai,TAMIL NADU,TRUE,627657,,India
4262,RSC,12.48984,78.57292,Approved,Natrampalli,South-2,Natrampalli,TAMIL NADU,TRUE,635852,,India
4238,RSC,23.84849,77.94077,Approved,Ganj Basoda,Central,Ganj Basoda,MADHYA PRADESH,TRUE,464221,,India
4222,RSC,10.5126617,77.27537,Approved,Pallivasal,South-2,PALLIVASAL,TAMIL NADU,TRUE,642126,,India
4219,RSC,22.5856767,88.9206667,Approved,Hasnabad,East,Hasnabad,WEST BENGAL,TRUE,743426,,India
4214,SC,23.3841496,85.2878518,Approved,RNC/KNK,East,Ranchi,JHARKHAND,TRUE,834005,RCHI,India
4141,RSC,25.1237763,82.8803797,Approved,Chunar,North,Chunar,UTTAR PRADESH,TRUE,231304,,India
4193,RSC,23.684675,86.9554367,Approved,Asansol2,East,Asansol,WEST BENGAL,TRUE,101105,,India
4192,SC,18.8601853,82.5791562,Approved,JEYPORE OD,East,Jeypore,Odisha,TRUE,764005,JYP1,India
4183,RSC,25.7867484,83.6723983,Approved,Kasimabad,North,Kasimabad,UTTAR PRADESH,TRUE,233230,,India
4151,RSC,23.405839,87.5370443,Approved,Budbud1,East,Budbud,WEST BENGAL,TRUE,713403,,India
4202,Hub PC,19.9942552,73.8073418,Approved,NSK/HUB,West,Nashik,MAHARASHTRA,TRUE,422011,SNA1,India
4122,RSC,11.44982833,77.68543833,Approved,Lakshminagar,South-2,Lakshminagar,TAMIL NADU,TRUE,638455,,India
4082,SC,22.4680383,88.0680468,Approved,Uluberia,East,Uluberia,WEST BENGAL,TRUE,711316,ULUB,India
4055,RSC,10.64146367,76.0516174,Approved,KUNNAMKULAM1,South-2,KUNNAMKULAM,KERALA,TRUE,680503,,India
4040,RSC,26.2948895,90.813176,Approved,KALGACHIA,North East,BARPETA,ASSAM,TRUE,781319,,India
3998,RSC,21.6507529,69.6390033,Approved,Porbandar1,West,PORBANDAR,GUJARAT,TRUE,360575,BCA,India
4029,RSC,21.3558985,72.040292,Approved,Talaja,West,TALAJA,GUJARAT,TRUE,364140,GRD,India
3981,RSC,23.8299251,86.8994043,Approved,Rupnarayanpur,East,Rupnarayanpur,WEST BENGAL,TRUE,356601,,India
3963,RSC,32.9045742,74.9658368,Approved,Jhajjar kotli,North,Jhajjar Kotli,JAMMU AND KASHMIR,TRUE,181221,,India
3962,RSC,10.1715298,77.7688801,Approved,AYYAMPALAYAM,South-2,ayyampalyam,TAMIL NADU,TRUE,624202,,India
3952,RSC,23.9412233,88.22013,Approved,Beldanga,East,Beldanga,WEST BENGAL,TRUE,742189,,India
3826,RSC,9.8409067,77.978555,Approved,THIRUMANGALAM,South-2,Thiruparankundram,TAMIL NADU,TRUE,625701,,India
3820,RSC,32.432178,76.00904,Approved,Chowari,North,Chowari,HIMACHAL PRADESH,TRUE,176302,,India
3786,RSC,26.73049667,84.21933,Approved,Sewrahi,North,Sewrahi,UTTAR PRADESH,TRUE,274406,,India
3805,RSC,10.4077279,79.330971,Approved,Adirampattinam,South-2,ADIRAMAPATTINAM,TAMIL NADU,TRUE,614601,,India
3782,RSC,22.7532667,88.0295917,Approved,Haripal,East,Haripal,WEST BENGAL,TRUE,712403,,India
3778,RSC,24.00703264,87.76261842,Approved,Mohammad Bazar,East,Mohammad Bazar,WEST BENGAL,TRUE,731132,,India
3736,RSC,11.5179619,77.3963617,Approved,Kondayampalyam,South-2,Gopichettipalyam,TAMIL NADU,TRUE,638505,Kondayampalyam,India
3731,RSC,9.3643608,77.9089398,Approved,SATTUR,South-2,SIVAKASI,TAMIL NADU,TRUE,626203,SATTUR,India
3679,RSC,25.135427,88.3950226,Approved,Pakuahat,East,Pakuahat,WEST BENGAL,TRUE,732138,,India
3669,RSC,21.81873081,80.17750877,Approved,Budbuda,Central,BUDBUDA,MADHYA PRADESH,TRUE,481001,BUA,India
3662,RSC,17.37135749,73.89644541,Approved,Patan MH,West,Patan MH,MAHARASHTRA,TRUE,415206,PAN,India
3625,RSC,30.27783167,76.98172667,Approved,Dosarka,North,Dosarka,HARYANA,TRUE,133205,,India
3651,RSC,22.724345,87.90566,Approved,Khanakul,East,Khanakul,WEST BENGAL,TRUE,712406,,India
3626,RSC,12.07203,78.47705,Approved,Uthangarai,South-2,UTHANGARAI,TAMIL NADU,TRUE,635207,,India
3623,RSC,26.11772,79.7459039,Approved,Kalpi,North,Kalpi,UTTAR PRADESH,TRUE,285204,,India
3610,RSC,16.4967774,74.1237161,Approved,Arjunwad,West,Arjunwad,MAHARASHTRA,TRUE,416208,,India
3603,RSC,21.3204646,70.4433935,Approved,Mendarda,West,Mendrada,GUJARAT,TRUE,362260,CAA,India
3602,RSC,23.638982,88.1163144,Approved,Bhatar,East,Bhatar,WEST BENGAL,TRUE,713125,,India
3598,RSC,22.9850196,87.3519763,Approved,Bankadaha,East,Bankadaha,WEST BENGAL,TRUE,722164,,India
3597,RSC,22.05185833,87.77861167,Approved,Bhagabanpur,East,Bhagabanpur,WEST BENGAL,TRUE,721601,,India
3596,RSC,21.3558183,70.904955,Approved,Vishavadar,West,Vishavadar,GUJARAT,TRUE,362130,CRD,India
3546,SC,26.09907502,87.96438893,Approved,Kishanganj BH,East,KISHANGANJ,WEST BENGAL,TRUE,855108,KSGJ,India
3531,RSC,22.5302231,88.1476929,Approved,Fuleswar,East,Fuleswar,WEST BENGAL,TRUE,711322,,India
3494,SC,17.7317767,83.3074142,Approved,VPT/AKP,South-1,Visakhapatnam,ANDHRA PRADESH,TRUE,530016,VPT/AKP,India
3508,SC,26.3478736,92.6996481,Approved,NGN1,North East,Nagaon,ASSAM,TRUE,782001,Nag2,India
3505,SC,27.020455,88.25300333,Approved,DarjeelingA,East,Darjeeling,WEST BENGAL,TRUE,734101,DARJ,India
3486,SC,27.1003774,93.685332,Approved,NHLN,North East,Naharlagun,ARUNACHAL PRADESH,TRUE,791110,NHLN,India
6431,RSC,13.6343513,79.4961609,Approved,RENIGUNTA,South-1,RENIGUNTA,ANDHRA PRADESH,TRUE,517520,RENIGUNTA,India
3482,RSC,27.29479333,95.330865,Approved,NAHARKATIA,North East,NAHARKATIA,ASSAM,TRUE,786610,,India
6427,RSC,23.52506,77.81081,Approved,Gyaraspur,Central,Gyaraspur,MADHYA PRADESH,TRUE,464331,,India
6420,RSC,23.2586407,88.4398641,Approved,Santipur1,East,Santipur,WEST BENGAL,TRUE,122567,,India
6391,RSC,16.3050556,80.4325858,Approved,VALAPARLA,South-1,VALAPARLA,ANDHRA PRADESH,TRUE,523260,VALAPARLA,India
5337,RSC,17.4023733,74.1209065,Approved,Umbraj,West,Karad,MAHARASHTRA,TRUE,415109,UMJ,India
5327,RSC,26.8876215,83.6460717,Approved,Kaptanganj,North,Kaptanganj,UTTAR PRADESH,TRUE,274149,,India
5318,RSC,15.5330258,74.1361282,Approved,Valpoi,West,Goa,GOA,TRUE,403506,VAI,India
5307,RSC,33.7112816,75.2373475,Approved,Achabal,North,Anantnag,JAMMU AND KASHMIR,TRUE,192201,,India
5304,RSC,34.1771356,74.4593403,Approved,Kreeri,North,Baramulla,JAMMU AND KASHMIR,TRUE,193198,,India
5298,SC,23.013545,72.558785,Approved,RVP/ISP,West,Ahmedabad,GUJARAT,TRUE,382405,SCE1,India
5295,RSC,34.2254133,74.6505733,Approved,Sumbal,North,Baramulla,JAMMU AND KASHMIR,TRUE,193501,,India
5289,RSC,13.44408946,76.96539258,Approved,Chelur,South-2,Tumkur,KARNATAKA,TRUE,572117,,India
5288,RSC,13.4515873,77.1186503,Approved,KORA,South-2,Tumkur,KARNATAKA,TRUE,572138,,India
5286,RSC,25.523543,91.2754128,Approved,NONGSTOIN,North East,NONGSTOIN,MEGHALAYA,TRUE,793119,,India
5282,RSC,11.560435,78.4859633,Approved,Malliakkarai,South-2,ATTUR,TAMIL NADU,TRUE,636108,Rajaji Street,India
5279,RSC,26.98833952,95.50783823,Approved,KHONSA,North East,Khonsa,ARUNACHAL PRADESH,TRUE,792130,,India
5276,RSC,19.37378667,76.21825833,Approved,Ashti JLN,West,Basmath,MAHARASHTRA,TRUE,431501,AJN,India
5271,RSC,11.82831,78.0731156,Approved,Omalur1,South-2,Omalur,TAMIL NADU,TRUE,636305,,India
5270,RSC,12.67528167,75.46707,Approved,Kaniyoor,South-2,Mangalore,KARNATAKA,TRUE,574328,,India
5269,RSC,9.7497862,76.3534275,Approved,Pallipuram,South-2,Allapey,KERALA,TRUE,688541,,India
5264,RSC,33.6580689,75.0129052,Approved,Kulgam,North,Anantnag,JAMMU AND KASHMIR,TRUE,192231,,India
5251,SC,17.9135646,77.5054652,Approved,Bidar3,South-2,Bidar,KARNATAKA,TRUE,585401,BDAR,India
5249,RSC,34.5213876,74.1802112,Approved,Kupwara1,North,Kupwara,JAMMU AND KASHMIR,TRUE,193222,,India
5248,RSC,33.6564699,75.1707538,Approved,Doru Anantnag,North,Anantnag,JAMMU AND KASHMIR,TRUE,192210,,India
5247,RSC,33.7247264,74.8302867,Approved,Shopian,North,Pulwama,JAMMU AND KASHMIR,TRUE,192303,,India
5245,Terminal,17.34855102,78.57428781,Approved,HYD/NGL-TML,South-1,Hyderabad,TELANGANA,TRUE,500074,HYD/NGL-TML,India
5224,RSC,26.834592,80.9095579,Approved,Aishbagh,North,Lucknow,UTTAR PRADESH,TRUE,226004,,India
5212,RSC,22.68373767,88.28808203,Approved,Dankuni,East,Dankuni,WEST BENGAL,TRUE,712311,,India
5208,RSC,18.35527317,79.41628369,Approved,VEENAVANKA,South-1,JAMMIKUNTA,TELANGANA,TRUE,505502,,India
5201,RSC,30.9855108,76.980664,Approved,Subathu,North,Solan,HIMACHAL PRADESH,TRUE,173206,,India
5200,RSC,31.60514,76.82468,Approved,Riwalsar,North,Mandi,HIMACHAL PRADESH,TRUE,175023,,India
5199,RSC,28.6426317,77.283665,Approved,DEL/GTN,North,Delhi NCR,DELHI,TRUE,110031,,India
5189,RSC,26.278886,92.4601708,Approved,MIKIRBHETA,North East,Morigaon,ASSAM,TRUE,782106,,India
5184,SC,17.3302487,78.6141881,Approved,HYD/HAT,South-1,Hyderabad,TELANGANA,TRUE,501505,HYD/HAT,India
5175,RSC,22.3601377,73.2044541,Approved,Ranoli,West,VADODARA,GUJARAT,TRUE,380013,RAI,India
5167,RSC,25.4779483,84.7287067,Approved,Sakadi,East,Arrah,BIHAR,TRUE,802161,,India
5173,RSC,14.73601,79.04928333,Approved,BADVEL,South-1,BADVEL,ANDHRA PRADESH,TRUE,516227,Badvel,India
5168,RSC,23.78031833,88.33324167,Approved,Plassey,East,Plassey,WEST BENGAL,TRUE,741156,,India
5165,RSC,16.9910763,77.718526,Approved,KOSIGI,South-1,KODANGAL,TELANGANA,TRUE,509339,,India
5157,RSC,14.50597667,75.80898333,Approved,HARIHARA,South-2,Harihar,KARNATAKA,TRUE,577601,,India
5150,RSC,9.30739201,76.55839266,Approved,Mannar,South-2,Allapey,KERALA,TRUE,689622,,India
5149,RSC,17.1959467,77.161325,Approved,MALKHED,South-2,SEDAM,KARNATAKA,TRUE,585317,,India
5147,RSC,22.02299833,82.94769,Approved,Baradwar,Central,Sakti,CHHATTISGARH,TRUE,495687,BAR,India
5145,RSC,8.7168345,77.6461392,Approved,Pudhupettai,South-2,TIRUNELVELI,TAMIL NADU,TRUE,627006,,India
5140,RSC,18.4378048,79.016795,Approved,BAVPET,South-1,Sircilla,TELANGANA,TRUE,505401,,India
3262,RSC,20.2984994,81.9943333,Approved,Nagari,Central,NAGARI,CHHATTISGARH,TRUE,493778,,India
5134,RSC,33.6021667,74.144015,Approved,Mandher,North,POONCH,JAMMU AND KASHMIR,TRUE,185111,,India
5133,RSC,26.7810419,80.9744985,Approved,Vrinadavan Lko,North,Lucknow,UTTAR PRADESH,TRUE,226002,,India
5127,RSC,24.6510819,93.8995289,Approved,WANGOI,North East,Imphal,MANIPUR,TRUE,795009,,India
5119,RSC,33.305788,75.7732217,Approved,Kishtwar,North,Kishtwar,JAMMU AND KASHMIR,TRUE,182204,,India
5117,RSC,21.3512679,80.2070547,Approved,Goregaon,Central,Gondia,MAHARASHTRA,TRUE,441801,,India
5103,RSC,22.24762949,73.08415641,Approved,Padra,West,VADODARA,GUJARAT,TRUE,391440,,India
5109,RSC,31.8541226,76.652609,Approved,Sandhol,North,Sandhole,HIMACHAL PRADESH,TRUE,176090,,India
5100,RSC,18.43817333,73.13073,Approved,Roha,West,Nagothana,MAHARASHTRA,TRUE,402109,ROA,India
5096,SC,17.3934726,78.365688,Approved,HYD/SPT-EHV,South-1,Hyderabad,TELANGANA,TRUE,500089,HYD/SPT-EHV,India
5086,RSC,10.7571284,79.8240764,Approved,Nagapattinam,South-2,Thanjavur,TAMIL NADU,TRUE,611001,,India
5082,SC,17.511225,78.5559367,Approved,HYD/YAP,South-1,Hyderabad,TELANGANA,TRUE,500094,HYD/YAP,India
5081,SC,17.43924,78.5568817,Approved,HYD/NAC-EHV,South-1,Hyderabad,TELANGANA,TRUE,500076,HYD/NAC-EHV,India
5070,SC,17.36939,78.4613,Approved,HYD/ABS,South-1,Hyderabad,TELANGANA,TRUE,500095,HYD/ABS,India
5073,RSC,11.62096,92.7324033,Approved,Garacharama,East,Port Blair,ANDAMAN AND NICOBAR,TRUE,744105,,India
5069,RSC,25.08017,86.65771,Approved,Tarapur BH,East,Sultanganj,BIHAR,TRUE,813221,,India
5051,SC,17.3259175,78.271007,Approved,MOINABAD,South-1,CHEVELLA,TELANGANA,TRUE,501504,Moinabad,India
5049,RSC,12.7531054,78.3444981,Approved,KUPPAM1,South-1,KUPPAM,ANDHRA PRADESH,TRUE,517425,,India
5044,SC,13.0225252,80.223099,Approved,MAA/NAM-EHV,South-2,Chennai,TAMIL NADU,TRUE,600015,MAA/NAM-EHV,India
5041,RSC,21.1886936,72.658754,Approved,Hazira,West,Surat,GUJARAT,TRUE,394510,har,India
5048,RSC,12.95093181,78.88842404,Approved,AMB/SA-GDM,South-2,AMBUR,TAMIL NADU,TRUE,210712,,India
5033,RSC,19.0564368,72.8414567,Approved,BOM/SA-BND,West,Mumbai,MAHARASHTRA,TRUE,400055,BAA1,India
5031,RSC,21.21144333,81.40070167,Approved,Bhilai 3,Central,Bhilai,CHHATTISGARH,TRUE,490042,,India
5029,RSC,23.7564983,81.1299533,Approved,Manpur,Central,ManpurMP,MADHYA PRADESH,TRUE,484665,,India
5025,RSC,13.48452284,74.71195914,Approved,MABUKALA,South-2,SASTHANA,KARNATAKA,TRUE,576226,Mangalore Building10,India
5009,RSC,26.13593,79.33612,Approved,Jalaun,North,ORAI,UTTAR PRADESH,TRUE,285123,,India
4998,SC,28.4463959,77.3250159,Approved,FBD/EHV,North,Delhi NCR,DELHI,TRUE,121001,FBD/EHV,India
3238,RSC,25.6707163,94.1035564,Approved,ZIENUOBADZE,North East,Kohima,NAGALAND,TRUE,797001,,India
4997,RSC,13.0024678,78.4747022,Approved,VKOTA,South-1,VKOTA,ANDHRA PRADESH,TRUE,517424,VKOTA,India
4991,RSC,21.79065833,69.58694167,Approved,Bagvadar,West,Barwada,GUJARAT,TRUE,360590,,India
4989,Terminal,12.992845,77.55721167,Approved,RVP/BLRMAT,South-2,BANGALORE,KARNATAKA,TRUE,560013,RVP/BLRMAT,India
4984,Terminal,11.0294963,76.9958388,Approved,CJB/WEST-TML,South-2,Coimbatore,TAMIL NADU,TRUE,641004,CJB/WEST-TML,India
4974,RSC,22.0359801,88.4276167,Approved,Raidighi 1,East,Raidighi,WEST BENGAL,TRUE,821563,,India
4969,RSC,22.0524509,84.2910734,Approved,Bamra,East,Bamra,Odisha,TRUE,768221,,India
4961,RSC,22.8182179,73.9111853,Approved,Piplod,West,Piplod,GUJARAT,TRUE,389130,PID,India
4954,RSC,17.8068459,75.6419811,Approved,Kumbhej,West,Mohol,MAHARASHTRA,TRUE,413410,KUJ,India
4953,RSC,16.8643828,74.568677,Approved,Sangli,West,Shirol,MAHARASHTRA,TRUE,416416,SAI,India
4951,RSC,22.84241428,74.24829026,Approved,Dahod,West,VADODARA,GUJARAT,TRUE,389151,,India
4949,SC,23.2002502,79.9491734,Approved,JBL/ADL,Central,Jabalpur,MADHYA PRADESH,TRUE,482004,ADL,India
4933,RSC,25.6595888,91.8619245,Approved,UMIAM,North East,Shillong,MEGHALAYA,TRUE,793103,,India
4927,RSC,29.794195,76.60639,Approved,Pundri,North,Pundri,HARYANA,TRUE,136026,,India
4924,RSC,13.56512,75.193486,Approved,Kammardi,South-2,Thirthahalli,KARNATAKA,TRUE,562114,,India
4915,RSC,27.22821,88.493225,Approved,Singtam,East,Singtam,SIKKIM,TRUE,519466,,India
4909,RSC,21.53081615,86.65093519,Approved,Sajanagarh,East,Sajanagarh,Odisha,TRUE,756041,,India
4904,SC,28.32835677,77.33383026,Approved,RVP/DLBLB,North,Delhi NCR,DELHI,TRUE,121004,RVP/DLBLB,India
4903,SC,28.40617833,76.97932333,Approved,RVP/DLMNS,North,Manesar,HARYANA,TRUE,122004,RVP/DLMNS,India
4901,SC,17.32626671,78.58622526,Approved,RVP/HYDLBN,South-1,Hyderabad,TELANGANA,TRUE,500074,RVP/HYDLBN,India
4891,Terminal,22.86507833,88.39628833,Approved,Kakinara-TML,East,KALYANI,WEST BENGAL,TRUE,743126,KKNA,India
4883,RSC,26.28203887,83.71802037,Approved,Barhaj1,North,Barhaj UP,UTTAR PRADESH,TRUE,274509,,India
4879,RSC,15.906835,79.09517333,Approved,DORNALA,South-1,DORNALA,ANDHRA PRADESH,TRUE,523331,Dornala,India
4880,RSC,19.7508733,79.9083817,Approved,Ashti,Central,Gondpipari,MAHARASHTRA,TRUE,442707,,India
4877,SC,17.4187965,78.2189339,Approved,SHANKARPALLI,South-1,SHANKARPALLI,TELANGANA,TRUE,501203,,India
4866,SC,24.90763667,85.53217833,Approved,Nawada1,East,NAWADA,BIHAR,TRUE,805110,NWDA,India
4865,SC,25.7623972,84.1316856,Approved,BLI/Ballia,North,Ballia,UTTAR PRADESH,TRUE,277001,BLI/Ballia,India
4862,RSC,17.4083257,73.5444853,Approved,Sawarde,West,Chiplun,MAHARASHTRA,TRUE,415606,SAE,India
3205,RSC,25.3743144,82.9897084,Approved,Sarnath,North,VARANASI,UTTAR PRADESH,TRUE,221007,,India
4856,Terminal,13.1170819,80.2895828,Approved,MAA/Tiruvottiyur-TML,South-2,Chennai,TAMIL NADU,TRUE,600019,MAA/Tiruvottiyur-TML,India
4852,Terminal,18.4511053,73.8299669,Approved,PNQ/NHR-TML,West,PUNE,MAHARASHTRA,TRUE,411041,PNQ/NHR-TML,India
4849,RSC,23.5194965,77.0257326,Approved,Kurawar,Central,Kurawar,MADHYA PRADESH,TRUE,465667,,India
4845,RSC,18.625335,74.0326067,Approved,Perne Phata,West,Perne Phata,MAHARASHTRA,TRUE,412216,,India
4843,RSC,18.4781589,73.8128847,Approved,Takali Haji,West,Shirur,MAHARASHTRA,TRUE,412218,,India
4834,Terminal,13.0309917,77.7425257,Approved,BLR/AMB-TML,South-2,BANGALORE,KARNATAKA,TRUE,560016,BLR/AMB-TML,India
4832,Terminal,12.9598642,77.5609344,Approved,BLR/CRP-TML,South-2,BANGALORE,KARNATAKA,TRUE,560018,BLR/CRP-TML,India
4825,RSC,21.16535833,72.96068833,Approved,Kadodara,West,Bardoli,GUJARAT,TRUE,394327,KAA,India
4824,RSC,19.7956071,76.8897811,Approved,Sengaon,West,Sengaon,MAHARASHTRA,TRUE,431542,,India
4816,RSC,12.784185,77.5128,Approved,BLR/SA-KGP,South-2,BANGALORE,KARNATAKA,TRUE,560082,,India
4812,RSC,26.8690589,80.9804558,Approved,Malihabad1,North,Malihabad,UTTAR PRADESH,TRUE,226102,,India
4813,RSC,27.1762384,78.3972775,Approved,Tundla,North,Etmadpur,UTTAR PRADESH,TRUE,283204,,India
4809,RSC,19.2025099,84.6019017,Approved,Chikiti,East,Chikiti,Odisha,TRUE,761010,,India
4805,RSC,31.1537909,76.9643251,Approved,Arki,North,DARLAGHAT,HIMACHAL PRADESH,TRUE,173208,,India
4801,SC,17.51255833,78.322335,Approved,RVP/HYDCDN,South-1,Hyderabad,TELANGANA,TRUE,500019,RVP/HYDCDN,India
4799,SC,17.35338833,78.45881667,Approved,RVP/HYDOLD,South-1,Hyderabad,TELANGANA,TRUE,500064,RVP/HYDOLD,India
4798,SC,17.49132833,78.35267,Approved,RVP/HYDMYP,South-1,Hyderabad,TELANGANA,TRUE,500049,RVP/HYDMYP,India
4796,SC,13.01511833,77.48532167,Approved,RVP/BLRKMP,South-2,BANGALORE,KARNATAKA,TRUE,560079,RVP/BLRKMP,India
4792,SC,33.3443722,74.3272292,Approved,JMU/Rajouri,North,Rajouri,JAMMU AND KASHMIR,TRUE,185131,JMU/Rajouri,India
4785,Terminal,22.7037228,88.4209606,Approved,CCU/Sodepur-TML,East,Kolkata,WEST BENGAL,TRUE,700110,CCU/Sodepur-TML,India
4783,RSC,10.8178302,76.6049324,Approved,Keralassery,South-2,PALAKKAD,KERALA,TRUE,678631,,India
3181,RSC,20.79688124,76.69399604,Approved,Shegaon MH,Central,shegaon MH,MAHARASHTRA,TRUE,444203,,India
4769,RSC,32.8587706,74.6360426,Approved,Nikkian,North,Akhnoor,JAMMU AND KASHMIR,TRUE,181203,AKR,India
4750,RSC,20.31407833,74.663755,Approved,Nandgaon,West,Manmad,MAHARASHTRA,TRUE,423106,NAN,India
4752,RSC,28.6836246,77.1435326,Approved,DEL/SKR,North,New Delhi,DELHI,TRUE,110034,,India
4751,RSC,15.5583221,74.0165442,Approved,Sanquelim,West,Goa,GOA,TRUE,403505,SAM,India
4748,RSC,19.862365,73.67651,Approved,Ghoti,West,GHOTI,MAHARASHTRA,TRUE,422403,GHI,India
4742,RSC,17.9679032,79.4849058,Approved,KAZIPET/SA,South-1,Warangal,TELANGANA,TRUE,506142,,India
4740,RSC,32.5030033,75.8139667,Approved,Basoli JK,North,Basoli JK,JAMMU AND KASHMIR,TRUE,184201,,India
4731,RSC,23.4094117,78.2271567,Approved,Begumganj,Central,Gairatganj,MADHYA PRADESH,TRUE,464881,,India
4727,RSC,22.23581833,75.084875,Approved,Manawar,Central,Kukshi,MADHYA PRADESH,TRUE,454446,SRD,India
4724,RSC,11.42120191,76.85965899,Approved,Kotagiri,South-2,Kotigiri,TAMIL NADU,TRUE,643104,,India
4720,RSC,24.60293333,87.07939833,Approved,Hansdiha1,East,Hansdiha,JHARKHAND,TRUE,814145,,India
4706,Terminal,15.8730316,74.5303941,Approved,IXG/NRT-TML,South-2,Belgaum,KARNATAKA,TRUE,590010,IXG/NRT-TML,India
4703,RSC,19.97353,73.7345483,Approved,Ambad MIDC,West,Nashik,MAHARASHTRA,TRUE,422010,AMC,India
4698,RSC,20.1066168,78.8062238,Approved,Maregaon,Central,Wani,MAHARASHTRA,TRUE,445303,,India
4697,RSC,20.7573721,73.3628906,Approved,Vansda,West,Vansda,GUJARAT,TRUE,396580,,India
4695,RSC,21.459005,72.9497067,Approved,Kosamba,West,ANKLESHWAR,GUJARAT,TRUE,394120,,India
4693,RSC,24.2243332,92.6800449,Approved,RSC KOLASIB,North East,Kolasib,MIZORAM,TRUE,796082,,India
4686,RSC,28.9363041,77.6965352,Approved,Meerut2,North,Meerut,UTTAR PRADESH,TRUE,250001,,India
4684,Terminal,22.5860887,88.4425815,Approved,CCU/Kestopur-TML,East,Kolkata,WEST BENGAL,TRUE,700102,CCU/Kestopur-TML,India
4680,Terminal,21.0805624,79.1090048,Approved,NGP/PVN-TML,Central,Nagpur,MAHARASHTRA,TRUE,440027,NGP/PVN-TML,India
4669,RSC,23.21644414,73.22150194,Approved,Bayad,West,Bayad,GUJARAT,TRUE,383325,,India
4672,Terminal,12.9652946,80.2518294,Approved,MAA/TPM-TML,South-2,Chennai,TAMIL NADU,TRUE,600041,MAA/TPM-TML,India
4654,RSC,23.216665,77.3893817,Approved,BHO/SA-NMB,Central,Bhopal,MADHYA PRADESH,TRUE,462003,PSE,India
4652,RSC,24.4661717,85.7100417,Approved,Jainagar1,East,JAINAGAR JH,JHARKHAND,TRUE,825418,,India
4640,RSC,23.23411,69.651105,Approved,Mankuva,West,BHUJ,GUJARAT,TRUE,370001,MAA,India
4639,RSC,18.80611833,75.78025833,Approved,Manjarsumba,West,Manjarsumba,MAHARASHTRA,TRUE,431125,,India
4633,RSC,20.10656978,79.12157558,Approved,Bhadravati MH,Central,Chandrapur,MAHARASHTRA,TRUE,442902,,India
4631,RSC,17.48720333,73.26711667,Approved,Guhagar,West,Guhagar,MAHARASHTRA,TRUE,415724,,India
4628,RSC,8.9049813,76.7618159,Approved,Ayoor1,South-2,AYOOR,KERALA,TRUE,691533,,India
4627,RSC,12.2003271,75.8063383,Approved,Murnad1,South-2,MURNAD,KARNATAKA,TRUE,571252,,India
4621,RSC,33.8938478,75.1041754,Approved,Awantipur,North,Awantipur,JAMMU AND KASHMIR,TRUE,192123,,India
4615,RSC,26.8729183,81.0408501,Approved,Chinhat,North,Lucknow,UTTAR PRADESH,TRUE,226028,,India
4602,RSC,13.36465118,75.01513861,Approved,Muniyalu,South-2,Muniyalu,KARNATAKA,TRUE,574108,MYI/KB1,India
4599,RSC,13.32286667,74.78562833,Approved,Ambalpady,South-2,Manipal,KARNATAKA,TRUE,574118,,India
4598,RSC,11.3986417,79.128154,Approved,Tittagudi,South-2,Cuddalore,TAMIL NADU,TRUE,606106,,India
4588,Terminal,12.9806389,77.5476428,Approved,BLR/SRM-TML,South-2,BANGALORE,KARNATAKA,TRUE,560021,BLR/SRM-TML,India
4590,Terminal,22.4304018,88.1981281,Approved,BATA/BUB-TML,East,BATANAGAR,WEST BENGAL,TRUE,700137,BATA/BUB-TML,India
4568,RSC,26.25301,83.90305833,Approved,Bahtpar Rani,North,Bahtpar Rani,UTTAR PRADESH,TRUE,274702,,India
4565,RSC,20.69255333,85.18564833,Approved,Hindol,East,hindol,Odisha,TRUE,759020,,India
4557,Terminal,25.6091202,85.0524613,Approved,PAT/DNP-TML,East,Patna,BIHAR,TRUE,523695,PAT/DNP-TML,India
4549,Terminal,12.8835938,77.6133564,Approved,BLR/HUL-TML,South-2,BANGALORE,KARNATAKA,TRUE,560076,BLR/HUL - TML,India
4548,Terminal,12.8945197,77.5722325,Approved,BLR/CCH-TML,South-2,BANGALORE,KARNATAKA,TRUE,560078,BLR/CCH - TML,India
4547,Terminal,22.5722268,88.0258857,Approved,ULU/AMT-TML,East,AMTA WB,WEST BENGAL,TRUE,711401,ULU/AMT-TML,India
4541,RSC,20.834591,78.7090749,Approved,Seloo,Central,SELOO,MAHARASHTRA,TRUE,442104,,India
4531,RSC,10.8738999,78.7819408,Approved,Lalgudi,South-2,Lalgudi,TAMIL NADU,TRUE,621712,,India
4528,Terminal,19.2022623,72.9857126,Approved,THN/RBD-TML,West,Thane,MAHARASHTRA,TRUE,400601,THE,India
4527,Terminal,18.6320669,73.7714304,Approved,PNQ/CHD-TML,West,PUNE,MAHARASHTRA,TRUE,411033,WWI,India
4521,SC,17.4154234,78.5845467,Approved,HYD/BUP,South-1,Hyderabad,TELANGANA,TRUE,500039,HYD/BUP,India
4502,RSC,25.9937254,79.1646884,Approved,Konch,North,Konch,UTTAR PRADESH,TRUE,285205,,India
4501,RSC,9.5874032,76.8032873,Approved,Edakunnam,South-2,edakunnam,KERALA,TRUE,686512,,India
4489,RSC,11.9842734,79.8454487,Approved,DurgapurMH,Central,Durgapur MH,MAHARASHTRA,TRUE,442401,,India
3161,RSC,20.25351332,86.17917305,Approved,Jagatsinghpur,East,Jagatsinghpur,Odisha,TRUE,754103,,India
4481,RSC,31.0135479,77.0866697,Approved,Kandaghat,North,Kundaghat,HIMACHAL PRADESH,TRUE,173234,,India
3151,RSC,22.8475296,88.8656464,Approved,Swarupnagar,East,SWARUPNAGAR,WEST BENGAL,TRUE,743286,,India
4467,RSC,26.7070865,89.2803172,Approved,Madarihat,East,Madarihat,WEST BENGAL,TRUE,735220,,India
4462,RSC,19.0500311,72.8294713,Approved,Santacruz West,West,Mumbai,MAHARASHTRA,TRUE,400054,SAZ,India
4461,RSC,23.1792394,73.894316,Approved,Santrampur,West,Santrampur,GUJARAT,TRUE,389260,,India
4460,RSC,23.0274332,73.0735467,Approved,Kapadwanj,West,Kapadwanj,GUJARAT,TRUE,387620,,India
4458,RSC,31.5697064,76.9075172,Approved,Sunder Nagar HP,North,Sunder Nagar,HIMACHAL PRADESH,TRUE,174401,,India
4453,RSC,21.42843667,83.90033833,Approved,Goshala,East,Goshala,Odisha,TRUE,768025,,India
4451,RSC,17.2101593,81.7950489,Approved,KATERU,South-1,KATERU,ANDHRA PRADESH,TRUE,533290,,India
4449,Terminal,19.1708618,72.9506852,Approved,BOM/BDP-TML,West,Mumbai,MAHARASHTRA,TRUE,400042,BHP2,India
4445,RSC,28.240175,80.8643133,Approved,Singahi,North,Singahi,UTTAR PRADESH,TRUE,262903,,India
4436,RSC,20.9230196,77.7493209,Approved,Mangruldastgir,Central,MANGRULDASTGIR,MAHARASHTRA,TRUE,444709,,India
4429,RSC,26.5820701,86.0033157,Approved,Basopatti,East,Basopatti,BIHAR,TRUE,847225,,India
4415,RSC,17.04942167,74.25559833,Approved,Walwa,West,Walwa,MAHARASHTRA,TRUE,415409,,India
4413,RSC,23.0627768,72.1737609,Approved,Viramgam,West,Viramgam,GUJARAT,TRUE,382150,,India
4411,RSC,31.84662167,76.31316833,Approved,Jawala JI,North,Jawala Ji,HIMACHAL PRADESH,TRUE,176031,,India
4408,RSC,13.4034423,75.3750828,Approved,Sringeri,South-2,Sringeri,KARNATAKA,TRUE,577139,,India
4407,RSC,26.1666045,83.6901239,Approved,Madhuban UP,North,Madhuban UP,UTTAR PRADESH,TRUE,221603,,India
4405,RSC,26.1723533,85.8095083,Approved,Simri BH,East,Simri,BIHAR,TRUE,847106,,India
4404,RSC,15.8278494,79.4908738,Approved,DONAKONDA,South-1,Donakonda,ANDHRA PRADESH,TRUE,523305,,India
4395,RSC,31.4111517,76.58923,Approved,Shah Talai,North,Shah Talai,HIMACHAL PRADESH,TRUE,176039,,India
4390,RSC,26.54920333,84.664615,Approved,Areraj,East,Areraj,BIHAR,TRUE,845411,,India
4386,Terminal,12.9751573,77.6816613,Approved,BLR/MLP-TML,South-2,BANGALORE,KARNATAKA,TRUE,560083,BLR/MLP - T3,India
4385,Terminal,12.90952978,77.55101656,Approved,BLR/UTR-TML,South-2,BANGALORE,KARNATAKA,TRUE,560061,BLR/UTR ? T5,India
4372,RSC,28.4196252,77.332871,Approved,FBD/NPR,North,Delhi NCR,DELHI,TRUE,121002,,India
4370,RSC,18.4964107,73.7465706,Approved,Mulshi MH,West,Pirangut,MAHARASHTRA,TRUE,411038,MUI,India
4365,RSC,25.77562667,84.15595667,Approved,Sahtawar,North,Sahtawar,UTTAR PRADESH,TRUE,277402,,India
4361,RSC,31.4833509,76.1994717,Approved,Haroli,North,Haroli,HIMACHAL PRADESH,TRUE,177220,,India
4349,RSC,12.935135,77.5473,Approved,BLR/SA-BSK,South-2,BANGALORE,KARNATAKA,TRUE,560085,,India
4336,SC,21.1839567,79.100505,Approved,NGP/JPK,Central,Nagpur,MAHARASHTRA,TRUE,440004,NGP/JPK,India
4332,RSC,19.5197725,74.4828123,Approved,TalegaonDhige,West,TALEGAON DHIGE,MAHARASHTRA,TRUE,413713,TAE,India
3143,RSC,24.3101816,88.0359958,Approved,Morgram,East,SAGARDIGHI,WEST BENGAL,TRUE,742226,,India
4313,RSC,13.4539886,79.5572343,Approved,SBRPURAM,South-1,SBRPURAM,ANDHRA PRADESH,TRUE,517551,,India
4318,RSC,19.1477548,77.5030036,Approved,Mudkhed,West,Mudkhed,MAHARASHTRA,TRUE,431806,,India
4314,RSC,25.6222085,85.4453972,Approved,Mahnar,East,Mahnar,BIHAR,TRUE,844506,,India
4309,RSC,30.5352255,77.2540633,Approved,Kala Amb,North,Kala,HIMACHAL PRADESH,TRUE,134203,,India
3122,RSC,9.511541667,77.63407333,Approved,SRIVILLIPUTHUR,South-2,Rajapalayam,TAMIL NADU,TRUE,626125,SRIVILLIPUTHUR,India
4303,RSC,28.6485867,77.097473,Approved,DEL/TLN,North,New Delhi,DELHI,TRUE,110018,Chand Nagar,India
4295,RSC,26.40971,82.1219979,Approved,Kurebhar,North,Kurebhar,UTTAR PRADESH,TRUE,228151,,India
9418,SC,23.96842333,86.78986333,Approved,JTR/JTR/LM1,East,JAMTARA,JHARKHAND,TRUE,815351,Jamtara,India
9416,SC,18.5238575,73.8618684,Approved,PNQ/SWR/LM1,West,PUNE,MAHARASHTRA,TRUE,411001,Somwarpeth ,India
9415,SC,12.9893868,77.722411,Approved,BLR/HOD/LM1,South-2,BANGALORE,KARNATAKA,TRUE,560037,Hoodi,India
9414,SC,12.9714165,77.6938869,Approved,BLR/MAR/LM1,South-2,BANGALORE,KARNATAKA,TRUE,560037,Marathahalli,India
9411,SC,24.07568167,85.83743833,Approved,BDR/BDR/LM1,East,Bagodar,JHARKHAND,TRUE,825322,Bagodar,India
9403,SC,10.8269062,78.6812405,Approved,TPJ/SRG/LM1,South-2,Trichy,TAMIL NADU,TRUE,620003,srirangam,India
9397,SC,19.0719347,83.8101059,,GNP/GNP/LM1,East,Gunupur,Odisha,TRUE,765022,Gunupur,India
9395,SC,17.59471454,80.00509639,Approved,MBD/MBD/LM1,South-1,Mahabubabad,TELANGANA,TRUE,506101,Mahabubabad,India
9393,SC,17.39191,79.88549667,Approved,MPD/MPD/LM1,South-1,MARIPEDA BANGLA,TELANGANA,TRUE,506315,MARIPEDA BANGLA,India
9392,RSC,21.0609395,72.8739547,Approved,JAM/SCH/LM1,West,Surat,GUJARAT,TRUE,394230,Sachin GJ,India
9385,SC,30.348485,76.43097833,Approved,PTA/BDH/LM1,North,Patiala,PUNJAB,TRUE,147021,BAHADURGARH ,India
9383,RSC,30.6754536,76.6850517,Approved,MHI/LNR/LM1,North,MOHALI,CHANDIGARH,TRUE,140307,Landran (Manak Majra),India
9381,SC,24.865565,92.8575667,Approved,SCR/UBD/LM1,North East,Silchar,ASSAM,TRUE,788030,Durganagar,India
9379,RSC,30.60358014,77.44369256,Approved,SRM/RNK/LM1,North,Sirmaur,HIMACHAL PRADESH,TRUE,173022,Renuka Ji,India
9377,SC,23.0220516,72.640008,Approved,AMD/RKL/RP,West,Ahmedabad,GUJARAT,TRUE,380021,AMD WEST,India
9376,SC,23.06678333,72.54580667,Approved,AMD/NPR/RP,West,Ahmedabad,GUJARAT,TRUE,380009,AMD WEST,India
9375,SC,23.11419,72.58449333,Approved,AMD/CDK/RP,West,Ahmedabad,GUJARAT,TRUE,382424,AMD WEST,India
9374,SC,22.96693333,72.58776833,Approved,AMD/ISP/RP,West,Ahmedabad,GUJARAT,TRUE,382405,AMD WEST,India
9371,SC,28.5116855,77.0763566,Approved,DEL/UVH/LM1,North,Delhi NCR,DELHI,TRUE,122016,Udyog vihar Phase1,India
9370,SC,15.2709591,76.3970671,Approved,HPT/RJR/LM1,South-2,HOSAPETE,KARNATAKA,TRUE,583201,Rajaji Nagar,India
9368,SC,27.2281017,94.0858367,Approved,NLP/NLP/LM1,North East,Lakhimpur,ASSAM,TRUE,781051,Lakhimpur,India
9364,SC,28.4785555,77.0396834,,DEL/SMR/LM1,North,Delhi NCR,DELHI,TRUE,122014,RAJEEV NAGAR,India
9358,RSC,23.0310816,88.11627101,,HOG/GUR/LM1,East,Hooghly,WEST BENGAL,TRUE,712303,Gurap,India
9354,SC,17.4477518,78.6790671,Approved,GHK/GHK/LM1,South-1,GHATKESAR,TELANGANA,TRUE,501301,GHATKESAR,India
9353,RSC,14.5786056,79.4022995,Approved,PDK/KLV/LM1,South-1,PODALAKUR,ANDHRA PRADESH,TRUE,524343,Kaluvoya,India
9347,SC,13.1019244,79.4265165,Approved,RNP/SHG/LM1,South-2,Ranipet,TAMIL NADU,TRUE,631102,MAA/APT,India
9345,RSC,24.2676543,88.6731108,Approved,DGP/SVN/LM1,East,DURGAPUR,WEST BENGAL,TRUE,742306,Shivnagar,India
9344,SC,12.4311333,75.739085,Approved,MKR/MKR/LM1,South-2,MADIKERI,KARNATAKA,TRUE,571201,Madikeri,India
9341,SC,12.3016933,76.2953817,Approved,HSR/HSR/LM1,South-2,Mysore,KARNATAKA,TRUE,571105,Hunsur,India
9336,RSC,24.10078343,82.61089028,Approved,WAI/NIW/LM1,Central,Waidhan,MADHYA PRADESH,TRUE,486884,Niwas,India
9335,SC,27.9245146,80.7968201,Approved,LMP/MLN/LM1,North,Lakhimpur Khiri,UTTAR PRADESH,TRUE,262701,Mauia Lahaurinagar,India
9328,SC,26.8081518,81.0000181,Approved,LKO/ANJ/LM1,North,Lucknow,UTTAR PRADESH,TRUE,226002,ARJUNGANJ,India
9326,RSC,25.56759,86.12619,Approved,BGS/MJL/LM1,East,Banka,BIHAR,TRUE,813101,MANJHAUL,India
9320,SC,27.475074,95.1232643,Approved,DBR/CHB/LM1,North East,Dibrugarh,ASSAM,TRUE,786184,DBR/CHB,India
9317,SC,18.98319827,73.10020063,Approved,NBM/PNV/RP,West,Navi Mumbai,MAHARASHTRA,TRUE,410206,Panvel,India
9316,SC,19.29087966,72.87857389,Approved,BOM/MIR/RP,West,Mumbai,MAHARASHTRA,TRUE,401107,Mira Road East,India
9315,SC,19.40683833,72.82368,Approved,BOM/VSA/RP,West,Palghar,MAHARASHTRA,TRUE,401209,vasai East ,India
9314,SC,19.23619833,73.14789667,Approved,BOM/AUN/RP,West,Mumbai,MAHARASHTRA,TRUE,421003,ulhasnagar,India
9310,SC,17.2442683,81.131106,Approved,ASW/ASW/LM1,South-1,ASWARAOPETA,TELANGANA,TRUE,507301,ASWARAOPETA,India
9309,SC,13.0474233,80.1586833,Approved,MAA/VKM/LM1,South-2,Chennai,TAMIL NADU,TRUE,600116,VALASARAVAKKAM,India
9308,SC,13.0327675,80.1119002,Approved,MAA/MAN/LM1,South-2,Chennai,TAMIL NADU,TRUE,600122,MANGADU,India
9292,SC,23.455835,85.4355167,Approved,IRB/IRB/LM1,East,Ormanjhi,JHARKHAND,TRUE,835219,IRBA,India
9291,SC,17.16683163,75.95712104,Approved,BAG/IND/LM1,South-2,INDI,KARNATAKA,TRUE,586209,INDI,India
9287,SC,26.7490784,82.2044108,Approved,AYD/AYD/LM1,North,Ayodhya,UTTAR PRADESH,TRUE,224123,Darshan nagar,India
9285,RSC,8.78386,77.6712067,Approved,TNL/RST/LM1,South-2,TIRUNELVELI,TAMIL NADU,TRUE,627358,Rastha,India
9279,RSC,26.0260556,89.9771165,Approved,DHB/DHB/LM1,North East,Dhuburi,ASSAM,TRUE,783301,Dhubri,India
9277,RSC,27.0668971,88.203843,Approved,DJL/BJR/LM1,East,Darjeeling,WEST BENGAL,TRUE,734201,Bijanbari,India
9272,RSC,20.8864244,75.9845711,Approved,JAL/BOD/LM1,West,Jalgaon,MAHARASHTRA,TRUE,425310,Bodwad,India
9268,RSC,16.620785,74.27717167,Approved,KOL/GSH/LM,West,Kolhapur,MAHARASHTRA,TRUE,416234,Gokul Shirgaon,India
9265,RSC,11.3221167,76.3314467,Approved,NIL/PLD/LM,South-2,NILAMBUR,KERALA,TRUE,679334,EDAKKARA,India
9260,SC,24.4064143,92.4172782,Approved,KXJ/RKN/LM1,North East,Hailakandi,ASSAM,TRUE,788166,KXJ/RKN,India
9259,SC,26.91822167,94.73640667,Approved,SIB/SGR/LM1,North East,SIVSAGAR,ASSAM,TRUE,785685,SIB/SGR,India
9258,SC,25.364965,92.3612767,Approved,MLY/KLH/LM,North East,Khliehriat,MEGHALAYA,TRUE,793200,MLY/KLH,India
9254,SC,10.48611031,77.76563358,Approved,DND/ODC/LM,South-2,Dindigul,TAMIL NADU,TRUE,624619,Ottanchatram,India
9252,RVP,13.04196333,77.54693833,Approved,BLR/JAL/RP,South-2,BANGALORE,KARNATAKA,TRUE,560013,Jalahali,India
9247,RSC,21.23252,78.91158167,Approved,NGP/KSR/LM1,Central,Saoner,MAHARASHTRA,TRUE,441501,Kalmeshwar,India
9245,RSC,28.6611795,77.3521096,Approved,DEL/VRA/LM1,North,Delhi NCR,DELHI,TRUE,201010,Ghaziabad,India
9243,RVP,12.93832,77.582925,Approved,BLR/JBB/RP,South-2,BANGALORE,KARNATAKA,TRUE,560011,BLR/JBB,India
9234,RVP,13.02584478,77.64977133,Approved,BLR/KYN/RP,South-2,BANGALORE,KARNATAKA,TRUE,560043,BLRKYN,India
9233,SC,12.4602524,75.2068761,Approved,KSR/RAJ/LM1,South-2,Kasargode,KERALA,TRUE,671541,KSR/RAJ/LM,India
9232,SC,12.590337,74.9744607,Approved,KSR/NER/LM1,South-2,Kasargode,KERALA,TRUE,671321,Neerchal,India
9226,RSC,31.6880621,76.5101098,Approved,MND/KTL/LM1,North,Mandi,HIMACHAL PRADESH,TRUE,175003,Kotli Mandi,India
9222,SC,25.78345,87.9563767,Approved,DLK/DLK/LM1,East,DALKHOLA,WEST BENGAL,TRUE,733201,Siliguri,India
9221,SC,26.5225961,88.1430409,Approved,NXB/NXB/LM1,East,NAXALBARI,WEST BENGAL,TRUE,734429,Siliguri,India
9220,SC,17.0025833,79.9581583,Approved,KDD/NNG/LM1,South-1,Kodad,TELANGANA,TRUE,508206,KODAD,India
9219,SC,31.1674783,74.9421667,Approved,PTI/TTN/LM1,North,Tarn Taran Sahib,PUNJAB,TRUE,143416,Patti TarnTaran,India
9217,SC,16.68989181,78.91527339,Approved,MLP/NGD/LM1,South-1,MALLEPALLY,TELANGANA,TRUE,508243,Mallepally,India
9213,SC,28.76653,77.2825667,Approved,DEL/TRC/LM1,North,Delhi NCR,DELHI,TRUE,201103,Ghaziabad,India
9212,RSC,28.6081217,77.4085767,Approved,Noida/Gur/LM1,North,Delhi NCR,DELHI,TRUE,201009,Noida/Gaur,India
9210,SC,22.83984,72.36636,Approved,BAV/BAV/LM,West,Bavala,GUJARAT,TRUE,382220,BAVLA,India
9209,SC,17.1365257,79.6168543,Approved,SPT/SPT/LM1,South-1,Suryapet,TELANGANA,TRUE,508213,Krishna Nagar Colony,India
9205,SC,16.35628,80.8451814,Approved,KSN/VYR/LM1,South-1,Vuyyur,ANDHRA PRADESH,TRUE,521165,VUYYURU ,India
9202,SC,9.9724836,78.1280489,Approved,MAD/PDU/LM1,South-2,Madurai,TAMIL NADU,TRUE,625017,MADURAI-PUDHUR,India
9201,RSC,25.4709267,83.7888367,Approved,GZP/PTR/LM,North,Ghazipur,UTTAR PRADESH,TRUE,232327,Pathara,India
9200,SC,23.78451333,85.85963667,Approved,LOH/GUM/LM,East,Gumia,JHARKHAND,TRUE,829111,Gumia ,India
9196,SC,11.9636131,75.657393,Approved,KNR/MTR/LM,South-2,Mattannur,KERALA,TRUE,670703,Mattannur,India
9195,SC,26.59211833,85.480715,Approved,STM/STM/LM1,East,SITAMARHI,BIHAR,TRUE,843302,Sitamarhi ,India
9185,SC,11.83641667,75.56175,Approved,KNR/KPU/LM,South-2,Kuthuparamba,KERALA,TRUE,670643,KUTHUPARAMBA,India
9179,SC,18.52406167,73.861805,Approved,RVP/DPR,West,PUNE,MAHARASHTRA,TRUE,411001,Tadiwala Road,India
9178,SC,18.47807667,73.812765,Approved,RVP/SGR,West,PUNE,MAHARASHTRA,TRUE,411051,"Suncity, Sinhgad Road",India
9177,SC,18.49539667,73.929105,Approved,RVP/MGR,West,PUNE,MAHARASHTRA,TRUE,411028,Hadapsar,India
9176,SC,16.1627892,75.6672511,Approved,BGT/BGT/LM,South-2,Bagalkot,KARNATAKA,TRUE,587103,Bagalkot ,India
9173,SC,17.0100681,76.7711796,Approved,GBG/JWG/LM,South-2,JEWARGI,KARNATAKA,TRUE,585310,Jewargi,India
9172,SC,21.33665,83.61087,Approved,BRG/BRG/LM,East,Bargarh,Odisha,TRUE,768028,Ghulipali,India
9171,RSC,31.56148187,77.95353686,Approved,KNR/BVN/LM,North,Bhavanagar,HIMACHAL PRADESH,TRUE,172115,Bhavanagar,India
9170,SC,16.7629733,78.14421,Approved,JDCL/JCL/LM,South-1,Jadcherla,TELANGANA,TRUE,509301,Jadcherla,India
9167,RSC,32.0803079,77.1399762,Approved,MNL/HRP/LM,North,PATLIKUHAL,HIMACHAL PRADESH,TRUE,175136,Haripur,India
9166,RSC,20.4209592,75.9477526,Approved,Dhad/LM,Central,Buldhana,MAHARASHTRA,TRUE,443106,Dhad,India
9165,SC,23.9662333,91.36949,Approved,TRP/MHP/LM,North East,Mohanpur,TRIPURA,TRUE,799212,TRP/MHP,India
9164,RSC,23.05375776,75.37401121,Approved,Badnagar/LM,Central,Dhar,MADHYA PRADESH,TRUE,456771,Badnagar?,India
9163,SC,34.2139767,74.3560533,Approved,SXR/BMA/LM,North,Baramulla,JAMMU AND KASHMIR,TRUE,193101,SXR/BMA,India
9162,SC,32.7555257,74.8358129,Approved,JMU/JPR/LM,North,Jammu,JAMMU AND KASHMIR,TRUE,181121,Janipur,India
9160,SC,30.94493,75.22844333,Approved,Kishanpura/LM,North,Bagha Purana,PUNJAB,TRUE,142058,Kishanpura SVC,India
9157,SC,22.118172,85.3858785,Approved,BARBIL/LM,East,Barbil,Odisha,TRUE,758035,BARBIL,India
9152,SC,26.25919139,92.33973599,Approved,MRG/MRG,North East,Nagaon,ASSAM,TRUE,782105,MRG/MRG,India
9151,SC,24.873312,92.5780051,Approved,BPB/BPB,North East,Badarpur,ASSAM,TRUE,788803,BPB/BPB,India
9150,SC,26.5036767,93.9763283,Approved,GLT/GLT,North East,GOLAGHAT,ASSAM,TRUE,785621,GLT/GLT,India
9148,SC,18.7436917,73.4153712,Approved,Lonavala-LM,West,Lonavala,MAHARASHTRA,TRUE,410401,Lonavala,India
9146,SC,14.1502207,79.8478973,Approved,GUDUR SVC,South-1,Gudur,ANDHRA PRADESH,TRUE,524101,GUDUR ,India
9140,SC,31.2681143,74.9958239,Approved,Goindwal Svc,North,Tarn Taran Sahib,PUNJAB,TRUE,143422,GoindwalSvc,India
9139,SC,12.52075833,78.21259167,Approved,Krishnagiri/LM,South-2,Krishnagiri,TAMIL NADU,TRUE,635001,Krishnagiri,India
9138,Hub PC,22.7665683,88.3706633,Approved,BKP/FM1,East,Kolkata,WEST BENGAL,TRUE,700122,BKP/FM1,India
9137,SC,20.8385542,86.39545237,Approved,Rambag SVC,East,JAJPUR ORISSA,Odisha,TRUE,755014,Rambag,India
9133,SC,26.1321008,87.4409971,Approved,Araria2,East,Araria,BIHAR,TRUE,854311,Araria,India
9128,SC,30.5277485,75.8865917,Approved,Malerkotla/LM,North,Malerkotla,PUNJAB,TRUE,148023,Malerkotla ,India
9126,SC,19.02246167,73.024325,Approved,RVP/NRL,West,Navi Mumbai,MAHARASHTRA,TRUE,400706,NEL1,India
9123,SC,18.60418,73.766825,Approved,RVP/DNG,West,PUNE,MAHARASHTRA,TRUE,411033,Dange Chowk,India
9122,SC,19.18459667,72.85713167,Approved,RVP/MLD-East,West,Mumbai,MAHARASHTRA,TRUE,400097,MAD8,India
9121,SC,19.18815833,72.83577167,Approved,RVP/MLD-West,West,Mumbai,MAHARASHTRA,TRUE,400064,MAD7,India
9120,SC,19.06041335,72.87254112,Approved,RVP/KRL,West,Mumbai,MAHARASHTRA,TRUE,400070,KUA3,India
9118,SC,20.92639479,74.77132265,Approved,Dhule1,West,Deopur,MAHARASHTRA,TRUE,424005,Dhule,India
9113,SC,17.4205069,78.5028179,Approved,HYD/SBD/LM,South-1,Hyderabad,TELANGANA,TRUE,500020,HYD/SBD,India
9112,SC,18.8218515,84.0197539,Approved,GAJAPATI/LM,East,BALUGAON,Odisha,TRUE,752030,GAJAPATI,India
9110,SC,24.31472167,85.420415,Approved,Barhi SVC,East,Barhi JH,JHARKHAND,TRUE,825405,Barhi,India
9108,RSC,30.7577284,77.3018219,Approved,Rajgarh/LM,North,Sirmaur,HIMACHAL PRADESH,TRUE,173101,Rajgarh ,India
9106,RSC,17.83506833,73.91894167,Approved,KUDAL SATARA,West,Wai,MAHARASHTRA,TRUE,415514,KUL,India
9104,RSC,12.19914833,75.46214167,Approved,Alakode,South-2,Taliparamba,KERALA,TRUE,670571,Alakode,India
9103,SC,10.9937702,76.9090107,Approved,CJB/EDP - SVC,South-2,Coimbatore,TAMIL NADU,TRUE,641025,CJB/EDP,India
9102,SC,26.4556369,90.9668482,Approved,BRP/BRD,North East,BARPETA,ASSAM,TRUE,781313,BRP/BRD,India
9101,SC,23.47624667,91.27093833,Approved,TRP/SMR,North East,BELONIA,TRIPURA,TRUE,799131,TRP/SMR,India
9100,SC,26.43255,91.62692833,Approved,RNY/RNY,North East,Rangiya,ASSAM,TRUE,781354,RNY/RNY,India
9099,SC,24.466175,83.9000017,Approved,Japla/LM,East,Japla,JHARKHAND,TRUE,822116,Japla,India
9096,SC,23.73649475,92.70027131,Approved,AJL/JNM,North East,AIZAWL,MIZORAM,TRUE,796009,AJL/JNM,India
9095,RSC,31.8438567,77.1643367,Approved,Bajaura/LM,North,BHUNTER,HIMACHAL PRADESH,TRUE,175125,Bajaura ,India
9094,SC,23.4400753,84.7054476,Approved,LOHARDAGA1,East,LOHARDAGA,JHARKHAND,TRUE,835302,LOHARDAGA,India
9092,SC,20.31536592,86.61251538,Approved,Paradeep/LM,East,Jagatsinghpur,Odisha,TRUE,754141,Paradeep,India
9091,SC,18.45182833,83.64150333,Approved,RAJAM SVC,South-1,Rajam,ANDHRA PRADESH,TRUE,532127,RAJAM,India
9090,SC,24.205725,84.8839683,Approved,Chatra SVC,East,Chatra,JHARKHAND,TRUE,825401,Chatra,India
9089,SC,23.479732,85.0229502,Approved,Bijupara,East,Bijupara,JHARKHAND,TRUE,835214,Bijupara,India
9087,SC,24.204555,86.3045329,Approved,Giridih1,East,GIRIDIH,JHARKHAND,TRUE,815302,Giridih,India
9086,SC,26.5463018,92.9312483,Approved,NGN/KLB/LM,North East,KALIABOR,ASSAM,TRUE,782137,NGN/KLB,India
9085,SC,24.32052833,92.00096833,Approved,TRP/KSR/LM,North East,Kailashahar,TRIPURA,TRUE,799277,TRP/KSR,India
9084,SC,25.3802417,87.0693758,Approved,NAUGACHHIA/LM,East,Naugachia,BIHAR,TRUE,853204,NAUGACHHIA,India
9082,SC,24.4320021,85.5212979,Approved,Jhumri Telaiya SVC,East,JHUMRITILEIYA,JHARKHAND,TRUE,825409,Jhumri Telaiya,India
9079,SC,19.4732788,72.800885,Approved,BOM/Virar/LM,West,Palghar,MAHARASHTRA,TRUE,401303,VIR,India
9076,RSC,26.26321705,81.4399291,Approved,Fursatganj/LM,North,Raebareli,UTTAR PRADESH,TRUE,229302,Fursatganj,India
9074,RSC,9.562239183,76.74397793,Approved,PONKUNNAM/LM,South-2,Kottayam,KERALA,TRUE,686506,PONKUNNAM,India
9072,SC,18.1569133,74.5685667,Approved,Baramati/LM,West,Baramati,MAHARASHTRA,TRUE,413102,BAM,India
9071,SC,19.623675,85.126245,Approved,KESHPUR/LM,East,Keshpur,Odisha,TRUE,761029,KESHPUR,India
9070,SC,23.17639072,75.79289398,Approved,Ujjain/LM,Central,Ujjain,MADHYA PRADESH,TRUE,456010,MNA,India
9068,SC,24.07000667,82.63703167,Approved,Waidhan/LM,Central,Waidhan,MADHYA PRADESH,TRUE,486886,GBA,India
9065,SC,25.3089711,85.2777395,Approved,Ekangarsarai1,East,Hilsa,BIHAR,TRUE,801302,Hilsa,India
9056,RSC,24.20804399,88.00931133,Approved,Panchgram,East,Nagar,WEST BENGAL,TRUE,742184,Panchgram,India
9050,RSC,21.62751333,81.84545,Approved,Hathbandh,Central,Bhatapara,CHHATTISGARH,TRUE,493113,HAH,India
9049,SC,26.301925,87.2471155,Approved,Forbesganj1,East,FORBESGANJ,BIHAR,TRUE,854318,Forbesganj,India
9048,SC,25.8028795,85.4006202,Approved,Khalispur1,East,Khalispur,BIHAR,TRUE,844505,Khalispur,India
9047,SC,25.8221301,85.7483402,Approved,Samastipur1,East,Samastipur,BIHAR,TRUE,848101,Samastipur,India
9046,SC,31.4544797,77.6543635,Approved,Rampur Bushahr,North,RAMPUR HP,HIMACHAL PRADESH,TRUE,172001,Rampur,India
9045,SC,16.23866,80.0513691,Approved,Narasaraopeta SVC,South-1,Narasaraopet,ANDHRA PRADESH,TRUE,522601,Narasaraopeta,India
9043,SC,31.1211705,75.4692571,Approved,Nakodar SVC,North,Nakodar,PUNJAB,TRUE,144040,Nakodar,India
9042,SC,23.2925466,82.5549578,Approved,Baikunthpur SVC,Central,Baikunthpur,CHHATTISGARH,TRUE,497335,RPW,India
7333,RSC,25.0172832,79.2252509,Approved,Palera,Central,Tikamgarh,MADHYA PRADESH,TRUE,472221,,India
7331,RSC,24.630425,79.4993083,Approved,Bijawar,Central,Tikamgarh,MADHYA PRADESH,TRUE,472339,BIR,India
7327,RSC,21.53089,82.1634183,Approved,PalariCG,Central,Balodabazar,CHHATTISGARH,TRUE,493229,,India
9040,SC,30.642325,76.39888667,Approved,Sirhind-Fatehgarh Sahib,North,Ren,PUNJAB,TRUE,140406,sirhind,India
9038,SC,18.57935667,73.89789,Approved,RVP/VSW,West,PUNE,MAHARASHTRA,TRUE,411032,TNR6,India
9036,SC,19.5872475,81.6663692,Approved,Kondagaon SVC,Central,Kondagaon,CHHATTISGARH,TRUE,494226,DCY,India
9035,SC,20.2760404,81.4746979,Approved,Kanker SVC,Central,KANKER,CHHATTISGARH,TRUE,494334,SIT,India
9033,SC,34.03892333,74.880965,Approved,Pampore SVC,North,Pulwama,JAMMU AND KASHMIR,TRUE,191101,Pampore,India
9032,SC,33.73899789,75.15007708,Approved,Anantnag SVC,North,Shahgarh,JAMMU AND KASHMIR,TRUE,192101,Anantnag,India
9030,SC,34.4204517,74.6381333,Approved,BANDIPURA,North,BANDIPUR,JAMMU AND KASHMIR,TRUE,193502,BANDIPURA,India
9029,SC,24.1509918,83.83318,Approved,Garhwa SVC,East,Garhwa,JHARKHAND,TRUE,822114,Garhwa,India
9028,SC,24.2550517,87.2636933,Approved,Dumka SVC,East,DUMKA,JHARKHAND,TRUE,814101,dumka,India
9027,SC,24.83530833,87.20582833,Approved,Godda SVC,East,Godda,JHARKHAND,TRUE,814133,Godda,India
9026,SC,32.45820167,75.32375,Approved,Hira Nagar SVC,North,Heera Nagar,JAMMU AND KASHMIR,TRUE,184144,heera nagar,India
9025,SC,32.64511833,74.90639667,Approved,Bari brahmna SVC,North,Jammu,JAMMU AND KASHMIR,TRUE,181133,BARI BRAHMNA,India
9024,SC,33.1535367,74.2391483,Approved,Jmu/nsr,North,Nowshera,JAMMU AND KASHMIR,TRUE,185151,nowshera,India
9023,RSC,17.46811643,78.36681635,Approved,RVP/HYDHTC-TML,South-1,Hyderabad,TELANGANA,TRUE,500082,Rangareedy ,India
9020,SC,30.584934,76.8571622,Approved,Derabassi SVC,North,MOHALI,CHANDIGARH,TRUE,140507,Derabassi,India
9015,SC,32.14561,76.00767,Approved,Jawali-Svc,North,Jawali,HIMACHAL PRADESH,TRUE,176023,Jawali,India
9010,SC,10.7562791,78.7001224,Approved,Trichy/TVS-SVC,South-2,Trichy,TAMIL NADU,TRUE,620020,Trichy,India
9009,SC,11.34386667,77.72022333,Approved,Erode/ERD-SVC,South-2,Erode,TAMIL NADU,TRUE,638001,Erode,India
9007,SC,9.9279848,78.1103411,Approved,MADURAI-EHV,South-2,Madurai,TAMIL NADU,TRUE,625018,Madurai,India
7325,SC,22.2016806,88.4456221,Approved,Baharu2,East,JOYNAGAR,WEST BENGAL,TRUE,743337,BARR,India
7324,SC,22.3222483,88.65884,Approved,Canning2,East,Canning,WEST BENGAL,TRUE,743329,CNIG,India
7322,SC,20.53037243,86.37897702,Approved,KENDRAPARA1,East,Kendrapara,Odisha,TRUE,754250,KERA,India
7321,SC,20.63772288,85.61948673,Approved,DHENKANAL1,East,DHENKANAL,Odisha,TRUE,759001,DHKL,India
7320,SC,19.1670503,83.0805741,Approved,Tikiri1,East,Tikiri,Odisha,TRUE,765015,TKIR,India
7319,SC,19.05213833,82.543045,Approved,Borigumma1,East,Borigumma,Odisha,TRUE,764506,BOGM,India
7317,SC,27.1762533,78.397495,Approved,Firozabad SVC,North,Firozabad,UTTAR PRADESH,TRUE,283203,FRZB,India
7314,RSC,27.2837611,83.320227,Approved,Nautanwa,North,Nautanwa,UTTAR PRADESH,TRUE,273164,,India
7309,RSC,25.23755667,78.46899333,Approved,Babina,North,Jhansi,UTTAR PRADESH,TRUE,284401,,India
7305,SC,26.7688783,94.4114167,Approved,JRT/TOK,North East,TEOK,ASSAM,TRUE,785112,JRT/TOK,India
7303,SC,26.65016333,93.60702667,Approved,GLT/BKT,North East,BOKAKHAT,ASSAM,TRUE,785682,GLT/BKT,India
7302,SC,25.5273016,89.8668223,Approved,ASM/HMR,North East,Hatsingimari,ASSAM,TRUE,783135,ASM/HMR,India
7299,SC,24.1469732,92.0243364,Approved,TRP/KGT,North East,KUMARGHAT,TRIPURA,TRUE,799264,TRP/KGT,India
7290,SC,24.688925,92.55328667,Approved,HKD/HKD,North East,Hailakandi,ASSAM,TRUE,788151,HKD/HKD,India
7289,SC,27.1616643,94.8903195,Approved,DBR/MRN,North East,Dibrugarh,ASSAM,TRUE,785675,DBR/MRN,India
4291,RSC,22.3850406,69.84361404,Approved,Motikhavdi,West,Motikhavdi,GUJARAT,TRUE,361280,MOI,India
4289,RSC,24.04211,92.67237667,Approved,KAWNPUI,North East,KAWNPUI,MIZORAM,TRUE,796070,,India
4287,RSC,19.5045311,84.6520633,Approved,Sheragada,East,Sheragada,Odisha,TRUE,761106,,India
4283,RSC,12.4220259,76.6801159,Approved,Srirangapatna,South-2,Srirangapatna,KARNATAKA,TRUE,571438,,India
4282,RSC,9.9801033,78.20416,Approved,Othakadai,South-2,Madurai,TAMIL NADU,TRUE,625104,Othakadai,India
4281,RSC,11.5930673,78.66565,Approved,Thalaivasal,South-2,thalaivasal,TAMIL NADU,TRUE,636101,,India
3120,RSC,23.6561617,85.004792,Approved,Dakra,East,KHALARI,JHARKHAND,TRUE,829210,,India
4275,RSC,16.3371177,77.8019875,Approved,AMARCHINTHA,South-1,AMARCHINTHA,TELANGANA,TRUE,509131,,India
4271,RSC,18.254505,73.883805,Approved,Nasarapur MH,West,Nasrapur MH,MAHARASHTRA,TRUE,412205,NMH,India
3083,RSC,22.820936,88.2219225,Approved,Singur,East,SINGUR,WEST BENGAL,TRUE,712138,,India
4251,RSC,25.1368537,80.0153292,Approved,Lavkhushnagar,Central,Lavkushnagar,MADHYA PRADESH,TRUE,471515,,India
4250,RSC,12.7339268,77.2872928,Approved,Kengeri,South-2,BANGALORE,KARNATAKA,TRUE,560060,,India
3082,RSC,23.3684567,85.94257,Approved,Jhalda,East,JHALDA,WEST BENGAL,TRUE,723202,,India
4221,RSC,15.3886506,73.8100189,Approved,Dabolim,West,Goa,GOA,TRUE,403802,DAM,India
4216,RSC,11.7074597,75.6875267,Approved,Kallachi,South-2,kallachi,KERALA,TRUE,673506,,India
4211,RSC,20.3919091,86.0570615,Approved,Nanpur,East,Nanpur,Odisha,TRUE,754130,,India
4205,RSC,12.8352554,77.6790892,Approved,BLR/SA-BOMM,South-2,BANGALORE,KARNATAKA,TRUE,560099,,India
4194,RSC,27.2260757,95.201997,Approved,TINGKHONG,North East,TINGKHONG,ASSAM,TRUE,786612,,India
4181,RSC,25.39880833,85.91808167,Approved,Mokama,East,Mokama,BIHAR,TRUE,803302,,India
4179,RSC,24.7700333,86.3764417,Approved,Jhajha,East,Jhajha,BIHAR,TRUE,811308,,India
4177,RSC,25.9336733,85.2943267,Approved,Fakuli,East,Fakuli,BIHAR,TRUE,844118,,India
3075,RSC,31.0929929,75.6088107,Approved,Noormahal,North,NoorMahal,PUNJAB,TRUE,144039,,India
4172,SC,14.4459277,80.001198,Approved,NLR/NTR,South-1,Nellore,ANDHRA PRADESH,TRUE,524002,NLR/NTR,India
4169,RSC,31.6967128,76.7487878,Approved,Awah Devi,North,Awah Devi,HIMACHAL PRADESH,TRUE,177601,,India
4167,RSC,20.57923,77.06988167,Approved,Barshitakli,Central,BARSHITAKLI,MAHARASHTRA,TRUE,444001,,India
4165,RSC,13.1516346,74.8324078,Approved,Padubidri,South-2,Padubidri,KARNATAKA,TRUE,574113,,India
4163,RSC,17.507535,82.46829,Approved,KOTANANDURU,South-1,KOTANANDURU,ANDHRA PRADESH,TRUE,531127,,India
4161,RSC,21.7836156,87.0444482,Approved,Rasgovindpur,East,Rasgovindpur,Odisha,TRUE,757016,,India
4154,RSC,12.28115,78.0597955,Approved,Ulaganahalli,South-2,ULAGANAHALLI,TAMIL NADU,TRUE,636808,,India
4150,RSC,14.969858,75.0445371,Approved,Mundgod,South-2,UTTARA KANNADA,KARNATAKA,TRUE,581349,UTT/UKA,India
4144,RSC,29.0960883,77.0107217,Approved,Gannaur,North,gannaur,HARYANA,TRUE,131101,,India
4143,RSC,34.4066361,74.1972045,Approved,Handwara,North,Handwara,JAMMU AND KASHMIR,TRUE,193221,,India
4135,RSC,26.291322,82.662155,Approved,Jalalpur,North,Jalalpur,UTTAR PRADESH,TRUE,224149,,India
4136,RSC,21.94337481,83.0701058,Approved,Sakti,Central,Sakti,CHHATTISGARH,TRUE,495689,,India
4117,RSC,11.41801659,76.00271892,Approved,Kodanchery,South-2,KODANCHERY,KERALA,TRUE,673580,,India
4118,RSC,9.2851401,79.2581839,Approved,Rameshwaram,South-2,Ramanathapuram,TAMIL NADU,TRUE,623526,Rameshwaram,India
4111,RSC,19.93131579,79.88821057,Approved,Chamorshi,Central,Chamorshi,MAHARASHTRA,TRUE,442603,,India
4106,RSC,10.23917167,77.48941833,Approved,Kodaikanal1,South-2,KODAIKANAL,TAMIL NADU,TRUE,624101,,India
4103,RSC,17.0555517,73.6215351,Approved,Sangmeshwar,West,Sangmeshwar,MAHARASHTRA,TRUE,415804,,India
4098,RSC,17.69170167,83.10475167,Approved,LANKELAPALEM,South-1,LANKELAPALEM,ANDHRA PRADESH,TRUE,531019,,India
4100,RSC,21.65464,71.313855,Approved,Lathi,West,Lathi,GUJARAT,TRUE,365430,,India
4094,RSC,22.2905957,82.16166233,Approved,Ratanpur Pali,Central,RATANPURPALI,CHHATTISGARH,TRUE,495442,,India
4092,RSC,15.51410683,73.82529118,Approved,Porvorim,West,Goa,GOA,TRUE,403101,POM,India
4091,RSC,17.4299364,82.7486763,Approved,ADDUROAD,South-1,ADDUROAD,ANDHRA PRADESH,TRUE,531083,,India
4088,RSC,26.33761739,91.18488503,Approved,BHELLA,North East,Bhella,ASSAM,TRUE,781311,,India
4084,RSC,23.8378433,88.5523933,Approved,Betai,East,Betai,WEST BENGAL,TRUE,741163,,India
4067,RSC,12.99900167,75.08588,Approved,Madanthyar,South-2,MADANTHYAR,KARNATAKA,TRUE,574233,,India
4062,RSC,19.48147665,75.38886941,Approved,Paithan,West,Paithan,MAHARASHTRA,TRUE,431107,,India
4070,RSC,16.7499556,77.1292385,Approved,Yadgir1,South-2,Yadgir,KARNATAKA,TRUE,585202,,India
4060,RSC,13.6608942,78.2627914,Approved,MULAKALACHERUVU,South-1,MULAKALACHERUVU,ANDHRA PRADESH,TRUE,517370,,India
4050,RSC,26.2095983,83.9623967,Approved,Lar Town,North,Lar Town,UTTAR PRADESH,TRUE,274502,,India
4048,RSC,20.0886844,76.1796743,Approved,Deulgaonmahi,Central,Deulgaon Mahi,MAHARASHTRA,TRUE,443206,,India
4047,RSC,14.51493952,76.34118732,Approved,Jagalur,South-2,JAGLUR,KARNATAKA,TRUE,577528,,India
4046,RSC,28.6452283,77.1297537,Approved,DEL/RGN,North,New Delhi,DELHI,TRUE,110015,,India
4044,RSC,9.6870586,76.7781544,Approved,ERATTUPETTA,South-2,ERATTUPETTA,KERALA,TRUE,686121,,India
4043,RSC,25.8160684,79.037234,Approved,Poonch Up,North,Poonch UP,UTTAR PRADESH,TRUE,284306,,India
4038,RSC,20.4653563,82.9307845,Approved,Kantabanji,East,KANTABANJI,Odisha,TRUE,767039,,India
4036,RSC,34.009204,74.5168243,Approved,Magam,North,Magam,JAMMU AND KASHMIR,TRUE,193401,,India
4035,RSC,24.151536,88.4686232,Approved,Kaladanga,East,kaladanga,WEST BENGAL,TRUE,742304,,India
4019,RSC,14.2807667,74.8774883,Approved,Siddapur1,South-2,UTTARA KANNADA,KARNATAKA,TRUE,581355,UTT/UKA1,India
4017,RSC,10.7543904,78.7030019,Approved,MAATHUR,South-2,Trichy,TAMIL NADU,TRUE,620007,MAATHUR,India
4016,RSC,22.5072403,86.5555461,Approved,Dhalbhumgarh,East,Dhalbhumgarh,JHARKHAND,TRUE,892019,,India
4010,RSC,22.3346838,72.6490461,Approved,Khambhat,West,Khambat,GUJARAT,TRUE,388620,KHT,India
4011,RSC,19.9978946,79.2469937,Approved,Padoli,Central,Padoli,MAHARASHTRA,TRUE,442406,,India
4008,RSC,11.6538202,78.1796224,Approved,AYOTHIYAPATTINAM,South-2,AYOTHIYAPATINAM,TAMIL NADU,TRUE,636103,,India
4000,RSC,15.34025,80.0402933,Approved,TANGUTUR,South-1,TANGUTUR,ANDHRA PRADESH,TRUE,523274,,India
3997,RSC,21.24574219,76.04157348,Approved,Kerhale,West,KARHALE,MAHARASHTRA,TRUE,425508,KEE,India
3984,RSC,34.2662048,74.769992,Approved,Lar Ganderbal,North,Lar Ganderbal,JAMMU AND KASHMIR,TRUE,191131,,India
3982,RSC,31.8702967,75.83638,Approved,Talwara,North,Talwara,PUNJAB,TRUE,144216,,India
3976,RSC,27.29023167,88.25552,Approved,Geyzing,East,Geyzing,SIKKIM,TRUE,737111,,India
3970,RSC,22.45036237,72.71588842,Approved,Vatadara,West,Vatadara,GUJARAT,TRUE,388580,VAA,India
3967,RSC,15.7688702,73.6803231,Approved,Shiroda,West,Shiroda,MAHARASHTRA,TRUE,416518,,India
3965,RSC,32.0043262,76.2283308,Approved,Ranital,North,Ranital,HIMACHAL PRADESH,TRUE,176029,,India
3968,RSC,26.99709667,88.16690667,Approved,Sukiapokhri,East,Sukiapokhri,WEST BENGAL,TRUE,734221,,India
3953,RSC,31.5946876,76.1550612,Approved,Baruhi,North,Baruhi,HIMACHAL PRADESH,TRUE,177211,,India
3957,RSC,21.1640583,73.5588117,Approved,Songadh,West,SONGADH,GUJARAT,TRUE,394670,,India
3948,RSC,18.80875,75.48589,Approved,Patoda,West,PATODA,MAHARASHTRA,TRUE,414204,,India
3051,RSC,22.1083364,84.0415964,Approved,Sundergarh,East,SUNDERGARH,Odisha,TRUE,364415,,India
3057,RSC,23.7251554,86.8537623,Approved,Kulti,East,KULTI,WEST BENGAL,TRUE,268268,,India
3946,RSC,22.5286546,72.9786858,Approved,Tarapur,West,Tarapur,GUJARAT,TRUE,388180,TAR,India
3041,RSC,25.56058333,84.14346333,Approved,Dumraon,East,DUMRAON,BIHAR,TRUE,802103,,India
3847,SC,12.9591307,77.5916515,Approved,BLR/KMG-EHV,South-2,BANGALORE,KARNATAKA,TRUE,560027,VNR1,India
3836,RSC,22.1786548,86.5626273,Approved,Jharpokharia,East,JHARPOKHARIA,Odisha,TRUE,273221,,India
3829,RSC,33.0407,75.2840467,Approved,Chenani,North,Chenani,JAMMU AND KASHMIR,TRUE,182141,,India
3827,RSC,8.77446,76.85942,Approved,CHITHARA,South-2,CHITHARA,KERALA,TRUE,695601,,India
3825,RSC,21.40365599,79.93178,Approved,Tiroda,Central,TIRODA,MAHARASHTRA,TRUE,441604,,India
3809,RSC,34.28102333,74.45972167,Approved,Sopure,North,Sopore,JAMMU AND KASHMIR,TRUE,193201,,India
3801,RSC,31.80145,76.75910167,Approved,Dharampur HP,North,Dharampur,HIMACHAL PRADESH,TRUE,175024,,India
3800,RSC,26.59526,83.68464667,Approved,Gauri Bazar,North,Gauribazar,UTTAR PRADESH,TRUE,274202,,India
3797,RSC,16.743605,77.50252333,Approved,NARAYANPET,South-1,NARAYANPET,TELANGANA,TRUE,509210,,India
3796,RSC,8.2926937,77.2546234,Approved,SAMIYARMADAM,South-2,MARTHANDAM,TAMIL NADU,TRUE,629158,SAMIYARMADAM,India
3795,RSC,8.3052217,77.241075,Approved,MARTHANDAM,South-2,MARTHANDAM,TAMIL NADU,TRUE,629179,,India
3794,RSC,17.955507,83.0726362,Approved,KKOTAPADU,South-1,K KOTAPADU,ANDHRA PRADESH,TRUE,531034,,India
3793,RSC,21.3702045,83.7842317,Approved,Attabira,East,Attabira,Odisha,TRUE,768027,,India
3776,RSC,15.8645833,78.1017218,Approved,ALAMPUR,South-1,ALAMPUR,TELANGANA,TRUE,509152,,India
3753,SC,11.1317651,77.3372177,Approved,Tirupur North,South-2,Tirupur,TAMIL NADU,TRUE,641603,TUHN,India
3746,RSC,26.6544866,84.9200096,Approved,Raxual1,East,Raxual,BIHAR,TRUE,845305,,India
3744,RSC,18.62142333,75.6013,Approved,Ieet,West,Bhoom,MAHARASHTRA,TRUE,413534,IET,India
3740,RSC,16.6645194,73.5268671,Approved,RajapurMH,West,Rajapur,MAHARASHTRA,TRUE,416702,RAH,India
3739,RSC,23.0369231,79.4866678,Approved,Gotegaon,Central,Gotegaon,MADHYA PRADESH,TRUE,487118,JRD,India
3737,RSC,25.6814188,76.6982125,Approved,Sheopur,Central,Sheopur,MADHYA PRADESH,TRUE,476337,,India
3722,RSC,24.462418,83.0103197,Approved,OBRA,North,Obra,UTTAR PRADESH,TRUE,231219,,India
3716,RSC,33.145525,75.552435,Approved,Doda,North,Doda,JAMMU AND KASHMIR,TRUE,182202,,India
3715,RSC,18.5920845,74.6165903,Approved,Shrigonda,West,Shrigonda,MAHARASHTRA,TRUE,413701,,India
3714,RSC,13.2252495,75.3668613,Approved,Kalasa,South-2,KALASA,KARNATAKA,TRUE,577124,,India
3712,RSC,13.3658527,75.5220681,Approved,Balehonnur,South-2,BALEHONNUR,KARNATAKA,TRUE,577112,,India
3699,RSC,26.220745,81.2263867,Approved,Bachhrawan,North,Bachhrawan,UTTAR PRADESH,TRUE,229301,,India
3697,RSC,20.4337667,85.8358033,Approved,Marshaghai,East,MARSHAGHAI,Odisha,TRUE,754213,,India
3696,RSC,27.2254443,78.0171951,Approved,AGR/SKDR,North,Agra,UTTAR PRADESH,TRUE,282010,,India
3680,RSC,18.8069783,75.17299,Approved,Kada,West,KADA,MAHARASHTRA,TRUE,414203,,India
3675,Hub,26.0961897,91.5845696,Approved,GAU/RTO,North East,Guwahati,ASSAM,TRUE,781131,AZA,India
3673,SC,19.06084616,73.11566114,Approved,RVP/KHA,West,Mumbai,MAHARASHTRA,TRUE,410208,KHR,India
3670,RSC,26.858732,88.1951041,Approved,Mirik,East,MIRIK,WEST BENGAL,TRUE,734214,,India
3668,RSC,13.2947762,77.7935006,Approved,Vijayapura1,South-2,Vijayapura,KARNATAKA,TRUE,562135,,India
3663,RSC,16.7742125,74.5823228,Approved,Jaysingpur,West,Jaysingpur,MAHARASHTRA,TRUE,416101,,India
3656,RSC,19.2298242,73.0790801,Approved,DombivliWest,West,Mumbai,MAHARASHTRA,TRUE,421202,DOI5,India
3649,SC,12.86434633,77.65951225,Approved,RVP/ECY,South-2,BANGALORE,KARNATAKA,TRUE,560100,RVP/ECY,India
3646,SC,17.44245495,78.46279666,Approved,RVP/BPT,South-1,Hyderabad,TELANGANA,TRUE,500016,RVP/BPT,India
3645,SC,17.39455,78.51798,Approved,RVP/NLK,South-1,Hyderabad,TELANGANA,TRUE,500013,RVP/NLK,India
3639,SC,19.080635,73.006445,Approved,RVP.NBM/NBM1,West,Mumbai,MAHARASHTRA,TRUE,400703,VAI,India
3636,SC,19.23891833,72.97701167,Approved,RVP-THN/GHO,West,Mumbai,MAHARASHTRA,TRUE,400608,GHE,India
3634,SC,18.66541901,73.79716203,Approved,RVP/NGD,West,PUNE,MAHARASHTRA,TRUE,411044,SNR2,India
3631,RSC,27.36398,95.88000667,Approved,JAGUN,North East,JAGUN,ASSAM,TRUE,786188,,India
3618,RSC,27.5493163,80.710873,Approved,Khairabad,North,Khairabad,UTTAR PRADESH,TRUE,261201,,India
3616,RSC,10.9391857,78.4152489,Approved,Kulithalai,South-2,KULITHALAI,TAMIL NADU,TRUE,639104,,India
3608,RSC,20.33007167,74.23364167,Approved,Chandwad,West,Chandwad,MAHARASHTRA,TRUE,423104,,India
3604,RSC,18.3806336,78.6520388,Approved,RACHARLA GOLLAPALLY,South-1,RACHARLA GOLLAPALLY,TELANGANA,TRUE,505305,,India
3600,RSC,22.630895,88.4698633,Approved,Rajarhat,East,Rajarhat,WEST BENGAL,TRUE,700135,Rajarhat,India
3605,RSC,23.45757544,74.9327606,Approved,Piploda,Central,PIPLODA,MADHYA PRADESH,TRUE,457331,SAA,India
3592,RSC,21.28153035,86.46256803,Approved,Khaira,East,Khaira,Odisha,TRUE,756048,,India
3590,SC,19.07383833,72.88017333,Approved,RVP/CHB2,West,Mumbai,MAHARASHTRA,TRUE,400071,CHR,India
3588,SC,19.15731211,72.94395569,Approved,RVP/KNJ2,West,Mumbai,MAHARASHTRA,TRUE,400042,KMG,India
3576,RSC,24.98557524,79.85485389,Approved,Khajurao MP,Central,Khajurao MP,MADHYA PRADESH,TRUE,471606,KMP,India
3577,RSC,16.7879957,82.0680821,Approved,DRAKSHARAMAM,South-1,Draksharamam,ANDHRA PRADESH,TRUE,533262,,India
3578,RSC,15.7005315,75.736259,Approved,Ron,South-2,RON,KARNATAKA,TRUE,582209,,India
3575,RSC,20.274555,82.93851,Approved,Sindhekela,East,SINDHEKELA,Odisha,TRUE,980310,Sindhekela,India
3568,SC,16.237955,77.786625,Approved,GADWAL1,South-1,GADWAL,TELANGANA,TRUE,509125,,India
3566,RSC,26.2325535,83.5484911,Approved,Barhalganj,North,BARHALGANJ,UTTAR PRADESH,TRUE,273402,,India
3565,RSC,20.650471,83.7437281,Approved,Tarbha,East,TARBHA,Odisha,TRUE,517231,,India
3563,RSC,20.208005,73.8321485,Approved,Dindori MH,West,Dindori,MAHARASHTRA,TRUE,422202,Dindori,India
3558,RSC,16.63921833,81.65458333,Approved,PENUMANTRA AP,South-1,PENUMANTRA,ANDHRA PRADESH,TRUE,534124,,India
3557,RSC,16.0241307,79.9558531,Approved,SANTHAMAGULURU,South-1,SANTHAMAGULURU,ANDHRA PRADESH,TRUE,523302,,India
3553,RSC,26.25443,91.5461083,Approved,HAJO,North East,Hajo,ASSAM,TRUE,781104,,India
3552,SC,12.959975,77.63855,Approved,RVP/TPS1,South-2,BANGALORE,KARNATAKA,TRUE,560071,RVP/TPS1,India
3550,SC,18.46018876,73.88840524,Approved,RVP/HDP1,West,PUNE,MAHARASHTRA,TRUE,411048,HAR,India
3544,SC,28.5265235,77.0866742,Approved,DEL/WDL-EHV1,North,New Delhi,DELHI,TRUE,110037,DEL/WDL-EHV1,India
3542,SC,28.5903127,77.3256264,Approved,DEL/NOIDA-EHV,North,Delhi NCR,DELHI,TRUE,201301,DEL/NOIDA-EHV,India
3537,SC,28.6546125,77.3246085,Approved,DEL/EDL-EHV,North,Delhi NCR,DELHI,TRUE,201010,SAD,India
3540,SC,28.7487213,77.1144353,Approved,DEL/NDL-EHV,North,New Delhi,DELHI,TRUE,110042,DEL/NDL-EHV,India
3538,SC,28.4063919,76.9795252,Approved,DEL/GGN-EHV,North,Gurgaon,DELHI,TRUE,122001,DEL/GGN-EHV,India
3534,RSC,23.0585781,85.6606656,Approved,Tamar,East,Tamar,JHARKHAND,TRUE,835225,,India
3539,SC,28.5056867,77.467175,Approved,DEL/GNA-EHV,North,Delhi NCR,DELHI,TRUE,201305,DEL/GNA-EHV,India
3536,SC,28.6571875,77.1435517,Approved,DEL/CDL-EHV,North,New Delhi,DELHI,TRUE,110015,DEL/CDL-EHV,India
3530,SC,13.0390191,77.5978037,Approved,RVP/BRY,South-2,BANGALORE,KARNATAKA,TRUE,560043,RVP/BRY,India
3529,SC,18.60561,73.80137333,Approved,RVP/PCM1,West,PUNE,MAHARASHTRA,TRUE,411005,RAI,India
3527,SC,19.25284167,72.867265,Approved,RVP/DSR1,West,Mumbai,MAHARASHTRA,TRUE,400067,DAA2,India
3525,SC,28.60629,77.04553833,Approved,RVP/UTM,North,Delhi NCR,DELHI,TRUE,110010,RVP/UTM,India
3522,RSC,8.749278006,76.94762704,Approved,KALLARA,South-2,Kallara,KERALA,TRUE,695608,,India
3518,RSC,10.4696388,76.2457368,Approved,OLLUR,South-2,Ollur,KERALA,TRUE,680306,,India
3514,RSC,31.9927782,76.7906799,Approved,Joginder Nagar,North,Joginder Nagar,HIMACHAL PRADESH,TRUE,175015,,India
2990,RSC,24.4585849,88.0452423,Approved,Jangipur1,East,JANGIPUR,WEST BENGAL,TRUE,302012,,India
3496,RSC,18.4435143,75.8339905,Approved,Terkheda,West,Terkheda,MAHARASHTRA,TRUE,413525,,India
2995,RSC,18.8445435,78.622673,Approved,METPALLY,South-1,METPALLY,TELANGANA,TRUE,505325,,India
2987,RSC,26.4143633,82.963855,Approved,JahangirGanj,North,JahangirGanj,UTTAR PRADESH,TRUE,224147,,India
3492,RSC,19.2565,73.1199898,Approved,KalyanWest,West,Mumbai,MAHARASHTRA,TRUE,421301,KAT,India
3487,SC,17.3136333,78.51058,Approved,HYD/RCI,South-1,Hyderabad,TELANGANA,TRUE,500058,HYD/RCI,India
3472,RSC,26.72114333,88.44536333,Approved,Sevoke Road,East,SILIGURI,WEST BENGAL,TRUE,734006,,India
3468,RSC,18.7093407,74.2693055,Approved,Ranjangaon MIDC,West,Ranjangaon,MAHARASHTRA,TRUE,412209,RMC,India
3462,RSC,31.0782481,76.9639649,Approved,Kunihar,North,Kunihar HP,HIMACHAL PRADESH,TRUE,173207,,India
3463,RSC,22.3722099,71.9731889,Approved,Dhanduka,West,Dhanduka,GUJARAT,TRUE,382460,,India
2978,RSC,23.1082516,87.8030382,Approved,Bulchandrapur,East,Burdwan,WEST BENGAL,TRUE,713427,,India
3455,RSC,23.0020084,78.2265691,Approved,Bareli MP,Central,BARELI MP,MADHYA PRADESH,TRUE,464668,KAN,India
3452,RSC,9.46491,76.84287833,Approved,Ranni1,South-2,RANNI,KERALA,TRUE,689674,,India
3450,RSC,10.270012,76.2797081,Approved,MALA,South-2,MALA KL,KERALA,TRUE,680741,,India
3456,RSC,24.91307,86.22684167,Approved,Jamui,East,JAMUI,BIHAR,TRUE,811307,,India
3444,SC,13.0223136,80.2229699,Approved,MAA/NAM,South-2,Chennai,TAMIL NADU,TRUE,600015,MAA/NAM,India
3443,RSC,20.14554083,74.23868793,Approved,Lasalgaon,West,Lasalgaon,MAHARASHTRA,TRUE,422306,,India
3439,RSC,22.9166229,78.7807569,Approved,Gadarwara,Central,GADARWARA,MADHYA PRADESH,TRUE,487551,HWD,India
3438,RSC,9.1478717,77.9869933,Approved,VILATHIKULAM,South-2,Tuticorin,TAMIL NADU,TRUE,628902,VILATHIKULAM,India
3437,RSC,28.6128283,77.4828433,Approved,DEL/GZB1,North,Delhi NCR,DELHI,TRUE,201009,Ghaziabad,India
3431,RSC,31.21260333,77.74162833,Approved,Rohru,North,Rohru,HIMACHAL PRADESH,TRUE,171207,,India
3435,RSC,17.30814167,78.14256167,Approved,CHEVELLA,South-1,CHEVELLA,TELANGANA,TRUE,501503,,India
3428,RSC,31.5198849,77.7709538,Approved,Jeori,North,JEORI,HIMACHAL PRADESH,TRUE,172101,,India
3427,RSC,27.0797772,95.1368545,Approved,SAPEKHATI,North East,SAPEKHATI,ASSAM,TRUE,785692,,India
3426,RSC,15.7540171,76.1955806,Approved,Kushtagi1,South-2,Kushtagi,KARNATAKA,TRUE,583277,,India
3424,RSC,10.6045978,78.4340734,Approved,Manapparai,South-2,MANAPPARAI,TAMIL NADU,TRUE,621306,,India
3420,RSC,21.8452921,87.4227366,Approved,Boita,East,BAITA BAZAR,WEST BENGAL,TRUE,947171,,India
3417,RSC,21.1286667,86.7428198,Approved,Basudevpur,East,BASUDEVPUR,Odisha,TRUE,756168,,India
3415,RSC,20.70365,86.6644733,Approved,Chandbali,East,CHANDBALI,Odisha,TRUE,496192,,India
3409,RSC,24.79717667,80.96733833,Approved,Birshingpur,Central,BIRSHINGHPUR,MADHYA PRADESH,TRUE,485226,,India
3405,RSC,15.34545833,76.83641833,Approved,Kurugodu,South-2,Kurugodu,KARNATAKA,TRUE,583116,,India
3404,RSC,30.3832039,77.2267208,Approved,Sadhaura,North,Sadhaura,HARYANA,TRUE,133204,,India
3401,RSC,15.2613686,76.3922476,Approved,Ilkal1,South-2,ILKAL,KARNATAKA,TRUE,587125,,India
3394,RSC,23.51377667,80.27248833,Approved,Pan Umaria,Central,PAN UMARIYA,MADHYA PRADESH,TRUE,483334,PUA,India
3389,RSC,32.1620151,76.2908898,Approved,Gagal,North,GAGAL,HIMACHAL PRADESH,TRUE,176209,,India
3388,RSC,23.0618627,86.6529075,Approved,Manbazar,East,MANBAZAR,WEST BENGAL,TRUE,723131,,India
3386,RSC,12.4316128,76.3789648,Approved,K R Nagar,South-2,K R NAGAR,KARNATAKA,TRUE,571602,,India
3382,RSC,23.72125204,76.73826033,Approved,Pachore,Central,Pachore,MADHYA PRADESH,TRUE,465683,,India
3381,RSC,20.1785133,80.012575,Approved,Alapalli,Central,Allapali,MAHARASHTRA,TRUE,442703,,India
3380,RSC,12.59996116,75.85289776,Approved,Shuntikoppa,South-2,SHUNTIKOPPA,KARNATAKA,TRUE,571237,,India
3376,RSC,8.3001402,77.0899869,Approved,PARASSALA,South-2,PARASSALA,KERALA,TRUE,695121,,India
3379,RSC,21.7752254,80.0646809,Approved,Waraseoni,Central,WARASEONI,MADHYA PRADESH,TRUE,481331,WAI,India
3366,SC,19.11757167,72.85367,Approved,RVP/BOMADR,West,Mumbai,MAHARASHTRA,TRUE,400093,MCD1,India
3349,RSC,16.05924333,73.48089,Approved,Malvan,West,Malvan,MAHARASHTRA,TRUE,416606,,India
3346,RSC,19.0838967,72.8268033,Approved,Juhulane,West,Mumbai,MAHARASHTRA,TRUE,400058,JUU,India
3339,RSC,19.091369,72.8436515,Approved,MarolMH,West,Mumbai,MAHARASHTRA,TRUE,400093,MAL1,India
3329,RSC,31.6845495,76.5319686,Approved,Galore,North,GALORE,HIMACHAL PRADESH,TRUE,177040,,India
3325,RSC,32.0467084,76.5020575,Approved,Daroh,North,Daroh,HIMACHAL PRADESH,TRUE,176092,,India
3320,RSC,24.2344752,86.8403862,Approved,Sarath,East,SARATH,JHARKHAND,TRUE,432627,,India
3317,RSC,24.260145,85.7965783,Approved,Jainagar,East,JAINAGAR JH,JHARKHAND,TRUE,825318,,India
3313,RSC,12.599945,75.85291167,Approved,Somarpet,South-2,SOMARPET,KARNATAKA,TRUE,571251,,India
3319,RSC,17.6660383,79.4269377,Approved,PALAKURTHY,South-1,PALAKURTHY,TELANGANA,TRUE,506252,,India
3310,RSC,22.6708029,87.7085015,Approved,Ghatal,East,GHATAL,WEST BENGAL,TRUE,721212,,India
3300,SC,28.52541667,77.27470833,Approved,RVP/KLJ,North,New Delhi,DELHI,TRUE,110066,RVP/KLJ,India
3288,RSC,18.2089574,79.9865354,Approved,MULUGU,South-1,MULUGU,TELANGANA,TRUE,506352,,India
3294,RSC,32.7323262,75.1943633,Approved,Manwal,North,MANWAL,JAMMU AND KASHMIR,TRUE,182127,,India
3287,RSC,27.28233667,80.8262,Approved,Sidhauli,North,Sidhauli,UTTAR PRADESH,TRUE,261203,,India
3278,RSC,31.21394,75.17962167,Approved,Sultanpur Lodhi,North,SULTANPUR LODHI,PUNJAB,TRUE,144626,,India
3277,RSC,27.179834,83.8530825,Approved,Khadda,North,Khadda UP,UTTAR PRADESH,TRUE,274802,,India
3265,RSC,24.4669883,81.0952717,Approved,Rampur Baghelan MP,Central,Rampur Baghelan MP,MADHYA PRADESH,TRUE,485115,,India
3264,RSC,14.2662683,79.1101867,Approved,NANDALURE,South-1,NANDALURE,ANDHRA PRADESH,TRUE,516150,,India
3259,RSC,16.1539159,74.8192505,Approved,Gokak1,South-2,Gokak,KARNATAKA,TRUE,591307,,India
3257,RSC,15.4250481,75.4347455,Approved,Annigere,South-2,ANNIGERE,KARNATAKA,TRUE,582201,,India
3246,RSC,14.3671539,78.4575768,Approved,VEMPALLI,South-1,VEMPALLI,ANDHRA PRADESH,TRUE,516329,,India
3249,RSC,26.195505,81.6761783,Approved,Gauriganj,North,Gauriganj,UTTAR PRADESH,TRUE,227409,,India
3243,RSC,27.4270546,82.1896373,Approved,Balrampur2,North,Balrampur,UTTAR PRADESH,TRUE,271201,,India
3242,RSC,21.0507509,76.5338301,Approved,Jalgaon Jamod,Central,Jalgaon Jamod,MAHARASHTRA,TRUE,443402,,India
3226,RSC,10.22356833,78.241555,Approved,Natham,South-2,NATHAM,TAMIL NADU,TRUE,624401,,India
3227,RSC,26.0772929,82.8733159,Approved,Saraimeer,North,Saraimeer,UTTAR PRADESH,TRUE,276304,,India
3219,RSC,21.4037449,71.1548105,Approved,Dhari,West,Amreli,GUJARAT,TRUE,365640,DHI,India
3220,RSC,32.0542625,76.0854629,Approved,Nagrota Suriyan,North,Nagrota Suriyan,HIMACHAL PRADESH,TRUE,176027,,India
3196,RSC,15.4655,78.96639333,Approved,GOWTHAVARAM,South-1,GOWTHAVARAM,ANDHRA PRADESH,TRUE,523368,,India
3191,RSC,24.00883334,82.81712775,Approved,Rihand Nagar,North,RIHAND NAGAR,UTTAR PRADESH,TRUE,231223,,India
3188,RSC,20.83507167,76.45395667,Approved,Nandura,Central,Nandura,MAHARASHTRA,TRUE,443404,,India
3186,RSC,13.7082288,75.2412422,Approved,Konanduru,South-2,KONANDURU,KARNATAKA,TRUE,577422,,India
3184,RSC,16.49515,74.7759386,Approved,Ankali,South-2,Ankali,KARNATAKA,TRUE,591213,,India
3164,RSC,26.23857,94.8119217,Approved,TUENSANG,North East,Tuensang,NAGALAND,TRUE,798612,,India
2969,RSC,23.63738537,88.12165439,Approved,Katwa,East,KATWA,WEST BENGAL,TRUE,713130,,India
3154,RSC,28.0538007,80.3485914,Approved,Gola UP,North,GOLA UP,UTTAR PRADESH,TRUE,262802,,India
3159,RSC,21.6701298,74.71576048,Approved,Pansemal,Central,Pansemal,MADHYA PRADESH,TRUE,451770,NPL,India
3155,RSC,26.0572501,94.2544065,Approved,WOKHA,North East,Wokha,NAGALAND,TRUE,797111,,India
3153,RSC,20.441335,83.34648667,Approved,Saintala,East,SAINTALA,Odisha,TRUE,767032,,India
3144,RSC,20.63835833,86.62667,Approved,Pattamundai,East,PATTAMUNDAI,Odisha,TRUE,754215,,India
2967,RSC,8.811949,76.6884895,Approved,PARAVUR,South-2,PARAVUR,KERALA,TRUE,691301,,India
3139,RSC,21.79909,71.51385167,Approved,Dhasa,West,Dhasa,GUJARAT,TRUE,364730,,India
3137,RSC,21.2963159,86.6790734,Approved,Soro,East,SORO,Odisha,TRUE,756045,,India
3133,RSC,21.58793,83.08421333,Approved,Sarangarh,Central,SARANGARH,CHHATTISGARH,TRUE,496001,,India
3131,RSC,23.4871527,80.1011541,Approved,Sihora MP,Central,SIHORA MP,MADHYA PRADESH,TRUE,483225,GOR,India
3130,RSC,13.9230281,75.0622531,Approved,Hosanagara,South-2,HOSANAGARA,KARNATAKA,TRUE,577418,,India
3129,RSC,21.70393667,81.54041,Approved,Bemetara,Central,BEMETARA,CHHATTISGARH,TRUE,491335,MRA,India
3128,RSC,18.6638917,78.77281,Approved,KATHALAPOOR,South-1,KATHALAPOOR,TELANGANA,TRUE,505326,,India
3108,RSC,26.1020861,84.5120473,Approved,Maharajganj BH,East,MAHARAJGANJ BH,BIHAR,TRUE,841238,,India
3107,RSC,25.55867833,91.62814167,Approved,MAIRANGBAH,North East,Mairangbah,MEGHALAYA,TRUE,793120,,India
3098,RSC,27.1598954,79.4988384,Approved,Chibramau,North,Chibramau,UTTAR PRADESH,TRUE,209721,,India
3104,RSC,10.744873,76.2534257,Approved,Dheashmangalam,South-2,PALAKKAD,KERALA,TRUE,679533,,India
3095,RSC,16.902115,79.8822422,Approved,HUZURNAGAR,South-1,Huzurnagar,TELANGANA,TRUE,508204,,India
3091,RSC,21.9270891,78.1016845,Approved,Amla,Central,Amla,MADHYA PRADESH,TRUE,460553,HAR,India
3090,RSC,14.64009,78.53174333,Approved,KAMALAPURAM,South-1,KAMALAPURAM,ANDHRA PRADESH,TRUE,516309,,India
3085,SC,28.714775,77.09075167,Approved,RVP/BDR,North,New Delhi,DELHI,TRUE,110086,RVP/BDR,India
3079,RSC,18.0975538,75.4264607,Approved,Mahisgaon,West,Mahisgaon,MAHARASHTRA,TRUE,413208,,India
3065,RSC,22.9404627,81.0789797,Approved,Dindori,Central,Dindori,MADHYA PRADESH,TRUE,481880,,India
3059,RSC,18.5314817,79.3041455,Approved,SULTANABAD,South-1,SULTANABAD,TELANGANA,TRUE,505185,,India
3052,RSC,18.5467,78.2441247,Approved,INDALWAI,South-1,INDALWAI,TELANGANA,TRUE,503164,,India
3056,RSC,18.1713717,79.5248683,Approved,KAMALAPUR,South-1,KAMALAPUR,TELANGANA,TRUE,505102,,India
3055,SC,17.080254,81.9002816,Approved,RAJANAGARAM,South-1,RAJANAGARAM,ANDHRA PRADESH,TRUE,533294,,India
3048,RSC,14.87443,79.30198833,Approved,UDAYAGIRI,South-1,UDAYAGIRI,ANDHRA PRADESH,TRUE,524226,,India
3047,RSC,14.7833153,78.6581061,Approved,DUVVUR,South-1,DUVVUR,ANDHRA PRADESH,TRUE,516175,,India
2952,RSC,26.150645,82.3947817,Approved,Kadipur,North,Kadipur,UTTAR PRADESH,TRUE,228145,,India
3045,RSC,21.74083667,86.84708333,Approved,Betnoti,East,BETNOTI,Odisha,TRUE,757025,,India
3039,RSC,18.3027033,74.752835,Approved,Bhigwan,West,Bhigwan,MAHARASHTRA,TRUE,413130,,India
3038,RSC,18.28303,74.15736667,Approved,Jejuri1,West,Jejuri,MAHARASHTRA,TRUE,412303,JE1,India
3012,RSC,18.1786146,78.6680517,Approved,DUBBAK,South-1,DUBBAK,TELANGANA,TRUE,502108,,India
3020,RSC,18.4079645,75.1933448,Approved,Jeur,West,Jeur,MAHARASHTRA,TRUE,413202,,India
3010,RSC,18.5008894,78.7999632,Approved,CHANDURTHI,South-1,CHANDURTHI,TELANGANA,TRUE,505403,,India
3007,RSC,16.9560128,74.4040953,Approved,AshtaMH,West,ASHTA MH,MAHARASHTRA,TRUE,416301,ASH,India
3006,RSC,15.5958651,73.9462513,Approved,Bicholim Goa,West,Goa,GOA,TRUE,403504,BGA,India
2997,RSC,28.6910756,77.1958607,Approved,DEL/SKN,North,New Delhi,DELHI,TRUE,110007,,India
2996,RSC,13.30236137,76.05611244,Approved,Javagal,South-2,JAVAGAL,KARNATAKA,TRUE,573125,,India
2991,RSC,23.39769839,85.85905505,Approved,Muri,East,MURI,JHARKHAND,TRUE,835101,,India
2994,RSC,26.0415629,84.0596481,Approved,Maniar,North,Maniar,UTTAR PRADESH,TRUE,277207,,India
2993,RSC,17.7759009,77.1282185,Approved,Chitguppa,South-2,chitguppa,KARNATAKA,TRUE,585330,,India
2992,RSC,32.70386,74.9021467,Approved,Bathindi,North,Bathindi,JAMMU AND KASHMIR,TRUE,181152,,India
2986,RSC,19.4970806,77.6591604,Approved,Hadgaon,West,Hadgaon,MAHARASHTRA,TRUE,431712,,India
2983,RSC,20.416758,78.5156582,Approved,Ralegaon,Central,RALEGAON,MAHARASHTRA,TRUE,445402,,India
2968,RSC,9.1106283,76.8536617,Approved,PATHANAPURAM,South-2,pathanapuram,KERALA,TRUE,691524,,India
2964,RSC,12.8197123,74.858962,Approved,Ullala,South-2,Bantwal,KARNATAKA,TRUE,575017,,India
2962,RSC,24.511155,75.746995,Approved,Bhanpura,Central,Bhanpura,MADHYA PRADESH,TRUE,458775,OBA,India
2961,RSC,21.59173667,78.53113594,Approved,Pandhurna,Central,Pandhurna,MADHYA PRADESH,TRUE,480334,JWD,India
2951,RSC,26.6672596,94.6453473,Approved,TULI,North East,TULI,NAGALAND,TRUE,798618,,India
2958,RSC,22.79599833,75.86180167,Approved,Sanwer,Central,Sanwer,MADHYA PRADESH,TRUE,453112,GAR,India
2939,RSC,18.202015,79.3966767,Approved,JAMMIKUNTA,South-1,JAMMIKUNTA,TELANGANA,TRUE,505122,,India
2940,RSC,31.4113298,75.784566,Approved,Adampur1,North,ADAMPUR,PUNJAB,TRUE,144102,,India
2936,RSC,30.6450412,75.6000312,Approved,Sudhar,North,SUDHAR,PUNJAB,TRUE,141106,,India
2917,RSC,26.9323251,83.8321102,Approved,Padaruna2,North,Kushinagar,UTTAR PRADESH,TRUE,274305,,India
2922,RSC,13.6518328,79.0479224,Approved,ROMPICHARLA,South-1,ROMPICHARLA,ANDHRA PRADESH,TRUE,517192,,India
2921,RSC,15.00181487,78.99085708,Approved,PORUMAMILLA,South-1,porumamilla,ANDHRA PRADESH,TRUE,516193,,India
2911,RSC,24.6002059,74.8620572,Approved,Jawad,Central,Jawad,MADHYA PRADESH,TRUE,458330,GCD,India
2915,RSC,15.9649817,75.023195,Approved,Yargatti,South-2,YARGATTI,KARNATAKA,TRUE,591129,,India
2914,RSC,12.67958,75.42577667,Approved,Kadaba,South-2,kadaba,KARNATAKA,TRUE,574221,,India
2904,RSC,21.18837167,80.75998333,Approved,Dongargarh,Central,Dongargarh,CHHATTISGARH,TRUE,491445,,India
2900,RSC,23.6306204,77.4395394,Approved,Berasia,Central,Berasia,MADHYA PRADESH,TRUE,463106,,India
2890,RSC,13.4668089,77.2313391,Approved,Koratagere,South-2,KORATAGERE,KARNATAKA,TRUE,572129,,India
2887,RSC,26.03485,85.15035,Approved,Saraiya,East,SARAIYA,BIHAR,TRUE,843106,,India
2886,RSC,21.2030894,86.121579,Approved,Anandapur,East,Anandapur,Odisha,TRUE,758020,,India
2884,RSC,24.19213,82.77021667,Approved,Shakti Nagar,North,Shakti Nagar,UTTAR PRADESH,TRUE,231224,,India
2883,RSC,21.62650667,69.97994833,Approved,Kutiyana,West,Kutiyana,GUJARAT,TRUE,362650,KUA,India
2879,RSC,20.3076867,77.7756517,Approved,Darwah,Central,DARWAH,MAHARASHTRA,TRUE,445202,,India
2876,RSC,23.015105,74.795915,Approved,Petlawad,Central,Petlawad,MADHYA PRADESH,TRUE,457773,NND,India
2875,RSC,19.9750685,82.5019634,Approved,Devbhog,Central,Devbhog,CHHATTISGARH,TRUE,493891,,India
2871,RSC,27.05671,80.5071933,Approved,Sandila,North,sandila,UTTAR PRADESH,TRUE,241204,,India
2870,RSC,31.9283213,77.1166954,Approved,Bhunter,North,BHUNTER,HIMACHAL PRADESH,TRUE,175126,,India
2864,RSC,23.4679446,87.182959,Approved,Gangajalghati,East,Bankura,WEST BENGAL,TRUE,722142,,India
2863,RSC,24.4362951,87.8616041,Approved,Murarai,East,MURARAI,WEST BENGAL,TRUE,680632,,India
2861,RSC,25.3312314,88.7472327,Approved,Fulbari,East,Fulbari WB,WEST BENGAL,TRUE,733158,,India
2856,RSC,25.9422939,80.5985178,Approved,Bindki,North,BINDKI,UTTAR PRADESH,TRUE,212635,,India
2851,RSC,21.1137288,81.3920063,Approved,Utaipatan,Central,Utaipatan,CHHATTISGARH,TRUE,491107,,India
2849,RSC,20.01067167,78.54949833,Approved,Pandharkawda,Central,PANDHARKAWDA,MAHARASHTRA,TRUE,445302,,India
2848,RSC,24.95388833,84.04748,Approved,Sasaram,East,Sasaram,BIHAR,TRUE,821115,,India
2840,RSC,14.4314849,74.4235483,Approved,Kumta,South-2,KUMTA,KARNATAKA,TRUE,581343,,India
2834,RSC,20.1249974,85.3732042,Approved,Rajsunakhala,East,RAJSUNAKHALA,Odisha,TRUE,752065,,India
2833,RSC,20.29109333,85.37131167,Approved,Kantilo,East,KANTILO,Odisha,TRUE,442889,,India
2830,RSC,27.1757658,88.5258646,Approved,Rangpo1,East,Rangpo,SIKKIM,TRUE,737132,,India
2817,RSC,22.8265177,72.1006988,Approved,Sanand,West,Sanand,GUJARAT,TRUE,382170,,India
2825,RSC,15.42244167,74.491245,Approved,RAMNAGAR KAR,South-2,RAMNAGAR KAR,KARNATAKA,TRUE,581453,,India
2823,RSC,15.2580883,74.6215783,Approved,Dandeli,South-2,DANDELI,KARNATAKA,TRUE,581325,,India
2822,RSC,18.0520416,73.0271474,Approved,Shrivardhan,West,Shrivardhan,MAHARASHTRA,TRUE,402110,,India
2821,RSC,22.058825,81.6858266,Approved,Mungeli,Central,Mungeli,CHHATTISGARH,TRUE,495334,PPA,India
2819,RSC,21.653337,82.1448495,Approved,Balodabazar,Central,Balodabazar,CHHATTISGARH,TRUE,493332,,India
2809,RSC,10.10915,78.6007683,Approved,THIRUPPATHUR,South-2,THIRUPPATHUR,TAMIL NADU,TRUE,630211,,India
2797,RSC,17.8143393,83.2461511,Approved,PENDURTHY AP,South-1,Pendurthy,ANDHRA PRADESH,TRUE,534230,,India
2787,RSC,34.0749089,74.7673238,Approved,HMT,North,HMT,JAMMU AND KASHMIR,TRUE,190002,,India
2784,SC,27.0996605,84.4607633,Approved,Narkatiaganj,East,Narkatiaganj,BIHAR,TRUE,845455,,India
2773,RSC,25.9745955,79.4461647,Approved,ORAI2,North,ORAI,UTTAR PRADESH,TRUE,285001,,India
2777,RSC,8.5877143,76.8578144,Approved,KANIYAPURAM,South-2,KANIYAPURAM,KERALA,TRUE,695302,,India
2772,RSC,25.8575986,83.8454728,Approved,Rasra,North,RASRA,UTTAR PRADESH,TRUE,221711,,India
2769,RSC,22.6057586,70.9410532,Approved,Wankaner GJ,West,WANKANER,GUJARAT,TRUE,363621,HRD,India
2766,SC,16.5097796,77.5116861,Approved,MAKTHAL,South-1,MAKTHAL,TELANGANA,TRUE,509208,,India
2767,RSC,18.5734048,74.018019,Approved,Wagholi,West,PUNE,MAHARASHTRA,TRUE,412207,WAI1,India
2763,RSC,20.9223809,80.3909935,Approved,Sadakarjuni,Central,Sadak arjuni,MAHARASHTRA,TRUE,441807,,India
2762,RSC,19.028495,76.47657667,Approved,Sonpeth MH,West,Sonpeth,MAHARASHTRA,TRUE,431516,SMH,India
2756,RSC,23.6450083,79.0415733,Approved,Rehli,Central,Rehli,MADHYA PRADESH,TRUE,470227,,India
2751,RSC,25.20764167,88.20489333,Approved,Gazole,East,GAZOLE,WEST BENGAL,TRUE,732124,,India
9879,RSC,23.6173917,87.1137533,Approved,ANS/RNI/LM1,East,DURGAPUR,WEST BENGAL,TRUE,713323,Raniganj,India
9876,RSC,17.11194333,78.93521667,Approved,CTP/PUA/LM1,South-1,Choutuppal,TELANGANA,TRUE,508253,PUTTAPAKA,India
9871,RSC,15.4467806,80.1635602,Approved,ONG/KOM/LM1,South-1,Ongole,ANDHRA PRADESH,TRUE,523286,Kothapatanam,India
9868,RSC,22.74200833,88.19572,Approved,DNK/CHA/LM1,East,Dankuni,WEST BENGAL,TRUE,712702,Chanditala,India
9865,SC,19.0474283,72.9093733,Approved,BOM/Chembur/LM1,West,Mumbai,MAHARASHTRA,TRUE,400071,Chembur 1,India
9866,SC,19.0351706,72.8962754,Approved,BOM/MHL/LM1,West,Mumbai,MAHARASHTRA,TRUE,400074,MHL,India
9867,SC,19.0182476,73.0856041,Approved,NBM/KMO/LM1,West,Navi Mumbai,MAHARASHTRA,TRUE,410209,Kamothe,India
9861,RSC,25.7248683,87.5133013,Approved,PRN/RNI/LM1,East,Purnia,BIHAR,TRUE,854337,Ranipatra,India
9860,SC,11.67246913,78.11327912,Approved,SAL/KDP/LM1,South-2,Salem,TAMIL NADU,TRUE,636010,Kondalampatti,India
9859,RSC,11.6175533,92.7080478,Approved,PBR/TED/LM1,East,Port Blair,ANDAMAN AND NICOBAR,TRUE,744105,Teylorabad,India
9856,Terminal,22.4558923,88.3802275,Approved,CCU/GIA/LM1,East,Kolkata,WEST BENGAL,TRUE,700153,Garia,India
9852,SC,28.6919933,77.4831133,Approved,DEL/AVN/LM1,North,Delhi NCR,DELHI,TRUE,201013,Avantika,India
9851,RSC,9.3878383,76.5716585,Approved,THL/THA/LM1,South-2,Tiruvella,KERALA,TRUE,689101,Thiruvalla,India
9850,RSC,22.0231061,79.7399531,Approved,SEO/BAT/LM1,Central,Seoni,MADHYA PRADESH,TRUE,480667,Barghat,India
9849,RSC,15.57831,79.11150167,Approved,SMR/CUM/LM1,South-1,Semariya,ANDHRA PRADESH,TRUE,523333,Cumbum,India
9844,RSC,17.1536492,79.6304965,Approved,AVY/ARY/LM1,South-1,ARVAPALLY,TELANGANA,TRUE,508224,Arvapally,India
9842,SC,8.717685,77.7130969,Approved,TNL/VAN/LM1,South-2,TIRUNELVELI,TAMIL NADU,TRUE,627009,VANNARAPETTAI,India
9841,RSC,26.5382855,85.6228638,Approved,SIT/BAI/LM1,East,SITAMARHI,BIHAR,TRUE,843314,Bajpatti,India
9837,RSC,13.8809838,75.6547486,Approved,SMG/VID/LM1,South-2,SHIVAMOGGA,KARNATAKA,TRUE,577201,SHIVAMOGGA,India
9836,RSC,12.9929842,74.9622357,Approved,MLR/EDV/LM1,South-2,YEDAPADAV,KARNATAKA,TRUE,574144,Edapadav,India
9831,RSC,25.434148,83.0935476,Approved,VAR/CHA/LM1,North,Cholapur,UTTAR PRADESH,TRUE,221104,Chaubepur,India
9830,Terminal,22.97347833,72.51357167,Approved,AMD/SAR/LM1,West,Ahmedabad,GUJARAT,TRUE,380055,2 Hasnain Complex,India
9826,RSC,20.2922024,85.8628525,Approved,BBN/JHA/LM1,East,Bhubaneswar,Odisha,TRUE,751006,JHARPADA,India
9825,SC,26.8584165,80.9634866,Approved,LKO/HAJ/FM1,North,Lucknow,UTTAR PRADESH,TRUE,226001,Hazratganj,India
9822,RSC,10.64167333,76.04999833,Approved,GVR/KUM/LM1,South-2,Guruvayur,KERALA,TRUE,680503,Kunnamkulam,India
9821,SC,19.1496361,73.0383748,Approved,THN/MUM/LM1,West,Mumbai,MAHARASHTRA,TRUE,400612,Mumbra,India
9820,RSC,12.8959554,74.8269982,Approved,DAK/KOA/LM1,South-2,DAKSHINA KANNADA,KARNATAKA,TRUE,575006,Kottara,India
9819,RSC,13.3711168,77.1106303,Approved,TMK/YAA/LM1,South-2,Tumkur,KARNATAKA,TRUE,572106,Yallapura,India
9816,RSC,28.7059513,77.3060169,Approved,DEL/MAN/LM1,North,Delhi NCR,DELHI,TRUE,110093,Mandoli,India
9814,RSC,17.04741,76.98837167,Approved,WAD/WAD/LM1,South-2,Kalaburagi,KARNATAKA,TRUE,585225,WADI,India
9812,Terminal,11.2100108,78.1741906,Approved,NAM/NAM-TML,South-2,Salem,TAMIL NADU,TRUE,637001,Namakkal,India
9811,Terminal,22.5258897,88.3647967,Approved,CCU/BLN-TML,East,Kolkata,WEST BENGAL,TRUE,700019,Ballygunge,India
9810,RSC,15.7171956,78.5704092,Approved,KNL/INI/LM1,South-1,VELUGODU,ANDHRA PRADESH,TRUE,518533,INDIRA NAGAR,India
9806,RSC,12.8094004,74.8881454,Approved,MAN/SOM/LM1,South-2,DAKSHINA KANNADA,KARNATAKA,TRUE,575022,Someshwar,India
9807,SC,13.1588317,80.257885,Approved,MAA/MNL/LM1,South-2,Chennai,TAMIL NADU,TRUE,600051,Madhavaram,India
9805,SC,12.9214914,80.139,Approved,MAA/SEL/LM1,South-2,Chennai,TAMIL NADU,TRUE,600073,SELAIYUR,India
9803,SC,12.9895039,78.2102628,Approved,KOL/KGF/LM1,South-2,Kolar,KARNATAKA,TRUE,563162,KGF,India
9802,RSC,18.5587517,73.792275,Approved,PNQ/AND/LM1,West,PUNE,MAHARASHTRA,TRUE,411007,Aundh Gaon,India
9798,SC,28.5287682,77.5280047,Approved,DEL/DRI/LM1,North,Delhi NCR,DELHI,TRUE,201311,Tilpata karanwas,India
9801,RVP,28.68590289,77.02662334,Approved,DEL/MKA/RP1,North,Delhi NCR,DELHI,TRUE,110041,Delhi,India
9796,RSC,28.5412267,77.33664,Approved,DEL/STN/LM1,North,Delhi NCR,DELHI,TRUE,201317,Village Sultanpur sec 128,India
9793,RSC,12.8490835,74.8692868,Approved,MLR/BOA/LM1,South-2,Mangalore,KARNATAKA,TRUE,575001,"Bolara, Mangaladevi road",India
9788,SC,22.3014117,73.1315217,Approved,VDR/GRW/LM1,West,VADODARA,GUJARAT,TRUE,390003,Gorwa,India
9785,RSC,12.67012062,79.88969863,Approved,PET/PAM/LM1,South-2,Chengalpet,TAMIL NADU,TRUE,603107,Padalam,India
9786,SC,21.1987504,72.8415187,Approved,SRT/RAM/LM1,West,Surat,GUJARAT,TRUE,395003,Falsawadi,India
9787,SC,12.9851667,80.2081367,Approved,MAA/VEL/LM1,South-2,Chennai,TAMIL NADU,TRUE,600014,VELACHERY,India
9780,SC,13.052305,77.6495783,Approved,BLR/KOT/LM1,South-2,BANGALORE,KARNATAKA,TRUE,560077,Kothanur,India
9779,SC,19.1191928,72.9319917,Approved,BOM/VKL/LM1,West,Mumbai,MAHARASHTRA,TRUE,400083,Vikroli,India
9777,RVP,28.62826761,77.31898694,Approved,DEL/GZR/RP1,North,Delhi NCR,DELHI,TRUE,110096,Ghazipur Delhi,India
9778,RSC,26.7358456,79.7843972,Approved,JHI/JHI/LM1,North,AKBARPUR KANPUR DEHAT,UTTAR PRADESH,TRUE,209306,Jhinjhak,India
9769,Terminal,23.07694,72.67496,Approved,JAM/NNA/LM1,West,Gandhinagar,GUJARAT,TRUE,382330,Nava Naroda,India
9774,SC,13.3363301,80.1922149,Approved,PON/PON/LM1,South-2,Tiruvallur,TAMIL NADU,TRUE,601204,PON/PON/LM1,India
9770,SC,13.0620683,80.1641427,Approved,MAA/MDL/LM1,South-2,Chennai,TAMIL NADU,TRUE,600095,Madhuravoyil,India
9773,RSC,18.1756482,75.1331942,Approved,JEU/WAI/LM1,West,Jeur,MAHARASHTRA,TRUE,413202,Wangi,India
9772,SC,28.7583929,77.1850469,Approved,DEL/BRI/LM1,North,Delhi NCR,DELHI,TRUE,110084,Burari,India
9768,RSC,26.7044337,78.225667,Approved,AMA/AMA/LM1,Central,Morena,MADHYA PRADESH,TRUE,476111,Ambah,India
9765,SC,17.323488,78.5668748,Approved,HYD/VAP/HV1,South-1,Hyderabad,TELANGANA,TRUE,500070,Vanasthalipuram,India
9763,RSC,30.6148665,76.2312947,Approved,SIR/AMH/LM1,North,SIRHIND,PUNJAB,TRUE,147203,AMLOH,India
9762,SC,31.25612833,75.70504667,Approved,PGW/LPU/LM1,North,PHAGWARA,PUNJAB,TRUE,144411,Lovely professional university,India
9761,RSC,26.7658238,83.3553525,Approved,GPK/MOR/LM1,North,Gorakhpur,UTTAR PRADESH,TRUE,273007,moharipur,India
9758,SC,13.051482,80.2680687,Approved,MAA/RYP/LM1,South-2,Chennai,TAMIL NADU,TRUE,600014,ROAYAPET,India
9759,SC,28.2432801,77.0723271,Approved,DEL/SNA/LM1,North,Delhi NCR,DELHI,TRUE,122103,Sohna Bus stand,India
9757,RSC,18.431075,84.060845,Approved,SKM/NAA/LM1,South-1,NARASANNAPETA,ANDHRA PRADESH,TRUE,532421,Narsannapeta,India
9755,SC,12.7717238,77.614378,Approved,BLR/BGJ/LM1,South-2,BANGALORE,KARNATAKA,TRUE,560105,Jigani,India
9743,SC,9.2298042,76.6638033,Approved,PMT/PDM/LM1,South-2,PANDALAM,KERALA,TRUE,689501,Pandalam,India
9751,SC,23.0279314,72.5340512,Approved,AMD/JDP/LM1,West,Ahmedabad,GUJARAT,TRUE,380015,Ambavadi,India
9742,SC,22.5695023,88.3945205,Approved,CCU/SAL/LM2,East,Kolkata,WEST BENGAL,TRUE,700010,Beliaghata,India
9739,RSC,26.8793479,84.7815602,Approved,RXL/RGA/LM1,East,Raxual,BIHAR,TRUE,845433,Ramgarhwa,India
9734,RSC,24.21176,83.19187,Approved,RKT/DUR/LM1,North,Renukoot,UTTAR PRADESH,TRUE,231208,DuddhiNagar,India
9733,RSC,24.05754604,82.62299223,Approved,WDN/AMR/LM1,Central,Waidhan,MADHYA PRADESH,TRUE,486886,Amlori,India
9732,SC,13.03882,80.2709467,Approved,MAA/MTM/LM1,South-2,Chennai,TAMIL NADU,TRUE,600004,MYLAPORE,India
9728,RSC,17.9851338,74.4266479,Approved,VLA/SKL/LM1,West,VELAPUR,MAHARASHTRA,TRUE,413112,Shreepur Khandali,India
9718,RSC,19.6277715,83.489364,Approved,BIS/MUA/LM1,East,BISSAMCUTTACK,Odisha,TRUE,765020,MUNIGUDA,India
9713,SC,16.6786541,74.4588127,Approved,IKJ/IKJ/LM1,West,Ichalkaranji,MAHARASHTRA,TRUE,416115,Ichalkaranji,India
9708,SC,19.2983751,72.8501292,Approved,THN/BYR/LM1,West,Mumbai,MAHARASHTRA,TRUE,401101,Bhayandar,India
9705,SC,12.804775,79.7682233,Approved,KCP/KRK/LM1,South-2,KANCHIPURAM,TAMIL NADU,TRUE,631601,Karukupettai,India
9703,SC,19.1132693,72.9178408,Approved,BOM/PWA/LM1,West,Mumbai,MAHARASHTRA,TRUE,400079,POWAI,India
9698,RSC,15.3003541,73.9735705,Approved,GOA/MAD/LM1,West,Goa,GOA,TRUE,403720,Majorda,India
9697,RSC,24.8184589,85.0056112,Approved,GYA/BOA/LM1,East,Gaya,BIHAR,TRUE,824231,Bodhgaya,India
9695,SC,12.8434192,80.0694217,Approved,MAA/GDV/LM1,South-2,Chennai,TAMIL NADU,TRUE,603202,GUDUVANCHERI,India
9694,SC,23.8190114,78.7265576,Approved,SGR/CAT/LM1,Central,Sagar,MADHYA PRADESH,TRUE,470002,Sagar,India
9692,RSC,25.8566019,87.5579898,Approved,PNI/KSB/LM1,East,Purnia,BIHAR,TRUE,854330,KASBA,India
9691,SC,13.1018317,80.2604317,Approved,MAA/PRM/LM1,South-2,Chennai,TAMIL NADU,TRUE,600012,Pulianthope,India
9689,RSC,26.331315,85.8300617,Approved,DRG/KAL/LM1,East,BENIPATTI,BIHAR,TRUE,847304,KAMTAUL,India
9685,RSC,12.2409091,79.0992618,Approved,TIU/TII/LM1,South-2,Tiruvannamalai,TAMIL NADU,TRUE,606611,TIRUVANNAMALAI,India
9682,RSC,23.0053867,82.0538467,Approved,PDN/MAI/LM1,Central,Pendra,CHHATTISGARH,TRUE,495118,Marwahi,India
9684,SC,30.6389636,74.9986981,Approved,MGA/SLM/LM1,North,Bagha Purana,PUNJAB,TRUE,142049,Samalsar,India
9683,SC,8.7051336,77.45659016,Approved,ASD/ASD/LM1,South-2,Tenkasi,TAMIL NADU,TRUE,627401,Ambasamudram,India
9675,SC,18.6074219,73.7661314,Approved,PNQ/WKD/HV1,West,PUNE,MAHARASHTRA,TRUE,411033,Wakad,India
9672,RSC,28.7159623,77.2629499,Approved,DEL/DLP/LM1,North,Delhi NCR,DELHI,TRUE,110094,DAYALPUR,India
9671,SC,17.3814689,78.4315402,Approved,HYD/MPT/HV1,South-1,Hyderabad,TELANGANA,TRUE,500028,mehedipatnam,India
9669,RSC,20.9300083,84.56194,Approved,KIR/KIR/LM1,East,Angul,Odisha,TRUE,759126,KISHORENAGAR,India
9670,RSC,26.36622833,85.211535,Approved,MTP/RJP/LM1,East,Motipur,BIHAR,TRUE,845406,Rajepur,India
9668,SC,12.9241695,77.6043843,Approved,BLR/BAT/LM1,South-2,BANGALORE,KARNATAKA,TRUE,560029,Tavarakere,India
9654,RSC,17.568287,81.2888581,Approved,CHI/CHI/LM1,South-1,Chinturu,TELANGANA,TRUE,507126,CHINTURU,India
9661,SC,9.68056198,76.56684882,Approved,ETM/ETM/LM1,South-2,Kottayam,KERALA,TRUE,686631,VALLIKKAD,India
9659,SC,13.0225094,80.2229131,Approved,MAA/NAM/FM1,South-2,Chennai,TAMIL NADU,TRUE,600015,Saidapet,India
9656,RSC,26.6392203,84.8927802,Approved,BMK/BMK/LM1,East,Motihari,BIHAR,TRUE,845401,Motihari,India
9655,SC,13.1214899,80.0435072,Approved,MAA/TND/LM1,South-2,Chennai,TAMIL NADU,TRUE,602024,MANGADU,India
9644,SC,25.55321167,83.974105,Approved,BXR/BXR/LM1,East,Buxar,BIHAR,TRUE,802101,Buxar,India
9643,SC,13.107065,80.2910615,Approved,MAA/RPM/LM1,South-2,Chennai,TAMIL NADU,TRUE,600013,ROYAPURAM,India
9642,RSC,31.6647996,77.05005,Approved,MND/PDH/LM1,North,Mandi,HIMACHAL PRADESH,TRUE,175124,Pandoh,India
9641,RVP,12.93862333,77.744025,Approved,BLR/VAR/RP,South-2,BANGALORE,KARNATAKA,TRUE,560087,varthur,India
9640,RVP,13.00585333,77.78343167,Approved,BLR/SKY/RP,South-2,BANGALORE,KARNATAKA,TRUE,560067,whitefield,India
9639,RSC,32.2781962,75.8508847,Approved,RAL/NUR/LM1,North,RajaTalab HP,HIMACHAL PRADESH,TRUE,176202,Nurpur,India
9637,SC,19.1002487,72.8805322,Approved,BOM/SAK/LM1,West,Mumbai,MAHARASHTRA,TRUE,400093,Sakinaka,India
9636,RSC,25.5774431,85.892067,Approved,BGS/BCA/LM1,East,Begusarai,BIHAR,TRUE,851111,Bachhawara,India
9635,Hub PC,17.5051736,78.4021746,Approved,HYD/KUK/FM1,South-1,Hyderabad,TELANGANA,TRUE,500072,Kukatpally,India
9631,SC,9.93396,78.10289,Approved,IXM/APL/LM1,South-2,Madurai,TAMIL NADU,TRUE,625016,ARAPPALYAYAM,India
9628,SC,26.4436885,81.6037188,Approved,JDP/JDP/LM1,North,Amethi,UTTAR PRADESH,TRUE,227809,Shriramganj chauraha,India
9627,SC,17.3052396,76.8044612,Approved,KLB/RMD/LM1,South-2,Kalaburagi,KARNATAKA,TRUE,585102,Kalburagi,India
9625,RSC,30.7281175,76.6984759,Approved,MHI/BLG/LM1,North,MOHALI,CHANDIGARH,TRUE,160055,Balongi ,India
9624,SC,17.5124974,78.3225499,Approved,HYD/CDN/HV1,South-1,Hyderabad,TELANGANA,TRUE,502032,Chanda Nagar ,India
9623,RSC,22.9225772,87.0744311,Approved,DGR/SPL/LM1,East,DURGAPUR,WEST BENGAL,TRUE,722151,Simlapal,India
9622,SC,10.4516216,79.6885165,Approved,TTP/TTP/LM1,South-2,Thiruthuraipoondi,TAMIL NADU,TRUE,614716,PERAVURANI,India
9621,RSC,23.31675,86.95310833,Approved,BQA/CHA/LM1,East,Bankura,WEST BENGAL,TRUE,722132,Chhatna,India
9618,Hub PC,21.2310483,72.8744583,Approved,SRT/MTV/FM1,West,Surat,GUJARAT,TRUE,394101,MOTA VARACHHA,India
9617,SC,11.11944,77.1716733,Approved,SMN/SMN/LM1,South-2,Tiruppur,TAMIL NADU,TRUE,641659,Rayarpalayam,India
9616,SC,13.1238216,77.6423886,Approved,BLR/BAG/LM1,South-2,BAGALUR,KARNATAKA,TRUE,560064,Bagaluru,India
9612,RSC,22.1858898,78.5925195,Approved,CHI/JNO/LM1,Central,Chindwara,MADHYA PRADESH,TRUE,480551,JUNNARDEO ,India
9604,RSC,19.72455389,77.87335219,Approved,YLT/FUL/LM1,Central,Yavatmal,MAHARASHTRA,TRUE,445230,Fulsawangi,India
9602,SC,16.6728659,78.497392,Approved,KWY/KWY/LM1,South-1,KALWAKURTHY,TELANGANA,TRUE,509324,Kalwakurthy,India
9601,SC,18.5966263,79.3760056,Approved,PDP/PDP/LM1,South-1,Peddapalli,TELANGANA,TRUE,505172,PEDDAPALLI,India
9600,SC,10.9888367,76.9308613,Approved,CJB/SLP/LM1,South-2,Coimbatore,TAMIL NADU,TRUE,641026,Selvapuram,India
9599,RSC,27.84917266,81.51231671,Approved,MTP/SPV/LM1,North,Behraich,UTTAR PRADESH,TRUE,271830,SHIVPUR,India
9597,SC,10.3919933,76.28574,Approved,TRS/PCD/LM1,South-2,TRICHUR,KERALA,TRUE,680301,Puthucadu,India
9596,RSC,23.5100885,93.1906985,Approved,KZL/KZL/LM1,North East,Khawzawl,MIZORAM,TRUE,796310,Khawzawl,India
9595,SC,19.1440446,72.8550572,Approved,BOM/GOR/HV,West,Mumbai,MAHARASHTRA,TRUE,400090,Goregaon West,India
9594,SC,17.16889372,82.06170946,Approved,YWM/YWM/LM1,South-1,YELESWARAM,ANDHRA PRADESH,TRUE,533435,Jaggampeta,India
9593,RSC,19.6233216,85.3444867,Approved,BLG/CRK/LM1,East,BALUGAON,Odisha,TRUE,752032,CHARICHHAK,India
9591,SC,17.9203067,79.89268,Approved,NSP/NSP/LM1,South-1,NARSAMPET,TELANGANA,TRUE,506132,Narsampet,India
9590,SC,16.3946566,78.6279934,Approved,AMP/AMP/LM1,South-1,ACHAMPETA,TELANGANA,TRUE,509375,Achampet,India
9586,SC,11.9526817,79.4925167,Approved,VLP/VLP/LM1,South-2,VILLUPURAM,TAMIL NADU,TRUE,605602,Kamala Nagar,India
9584,SC,14.9058775,78.0107023,Approved,TPR/TPR/LM1,South-1,Tadipatri,ANDHRA PRADESH,TRUE,515411,Tadipatri,India
9580,SC,16.894053,80.0998201,Approved,JGT/JGT/LM1,South-1,Jaggaiahpeta,ANDHRA PRADESH,TRUE,521175,Jaggaiahpet,India
9578,RSC,19.34839831,74.29891055,Approved,SKR/SKR/LM1,West,Sakur,MAHARASHTRA,TRUE,422622,Sakur,India
9574,SC,14.6123831,79.6180011,Approved,APA/APA/LM1,South-1,A S PETA,ANDHRA PRADESH,TRUE,524322,NARAYANARAOPETA,India
9573,SC,16.7626314,81.8389674,Approved,RPM/RPM/LM1,South-1,Mandapeta,ANDHRA PRADESH,TRUE,533238,Ravulapalem,India
9571,SC,16.18190167,81.12918667,Approved,MPM/MPM/LM1,South-1,Machilipatnam,ANDHRA PRADESH,TRUE,521001,MACHILIPATNAM,India
9569,SC,10.90507723,79.20401484,Approved,TJV/PNS/LM1,South-2,Thanjavur,TAMIL NADU,TRUE,614210,Papanasam,India
9565,SC,17.9851266,74.4265162,Approved,PLT/PLT/LM1,West,Phaltan,MAHARASHTRA,TRUE,415523,Phaltan,India
9564,RSC,8.9381628,76.6449915,Approved,QLN/KLM/LM1,South-2,Kollam,KERALA,TRUE,691511,edavattom,India
9562,SC,26.72634333,92.93769333,Approved,JGR/JGT/LM1,North East,Tezpur,ASSAM,TRUE,784189,Jamugurihat,India
9560,SC,16.7420525,82.2076199,Approved,YNM/YNM/LM1,South-1,Yanam,ANDHRA PRADESH,TRUE,533464,Gopal nagar,India
9558,SC,17.65822833,82.61255333,Approved,NRP/NRP/LM1,South-1,Narsipatnam,ANDHRA PRADESH,TRUE,531116,Narsipatnam,India
9555,SC,14.26887439,77.62697559,Approved,CKP/CKP/LM1,South-1,C K PALLI,ANDHRA PRADESH,TRUE,515101,CHENNA KOPTHAPALLI,India
9534,SC,22.96558985,76.03270983,Approved,DWS/DWS/LM1,Central,Dewas,MADHYA PRADESH,TRUE,455001,Mukharji Nagar,India
9529,SC,25.9953146,85.6085577,Approved,DOL/DOL/LM1,East,Dholi,BIHAR,TRUE,843121,Dholi,India
9524,RSC,11.1958726,76.2365834,Approved,PKT/WDR/LM1,South-2,POOKKOTTUMPADAM,KERALA,TRUE,679339,WANDOOR,India
9522,SC,20.2245599,85.7451627,Approved,JAT/TAM/LM1,East,Jatni,Odisha,TRUE,751054,Tomando,India
9519,SC,16.19484513,80.52631286,Approved,CRL/CRL/LM1,South-1,CHEBROLU,ANDHRA PRADESH,TRUE,522212,CHEBROLU,India
9513,SC,10.9346328,75.99831078,Approved,PNT/PNT/LM1,South-2,PUTHANATHANI,KERALA,TRUE,676551,PUTHANATHANI,India
9509,SC,25.22664736,83.91794543,Approved,SRM/SRM/LM1,East,Sasaram,BIHAR,TRUE,821115,Sasaram,India
9505,SC,17.58187623,80.34891927,Approved,YLD/YLD/LM1,South-1,YELLANDU,TELANGANA,TRUE,507123,Yellandu,India
9502,SC,30.36120833,75.53262167,Approved,BNL/BNL/LM1,North,Barnala,PUNJAB,TRUE,148101,Barnala,India
9501,RSC,8.5835633,76.9857442,Approved,KAL/KUL/LM1,South-2,kallayam,KERALA,TRUE,695564,Near karakulam Juma Masjid,India
9498,SC,18.8074992,82.708979,Approved,KPT/KPT/LM1,East,Koraput,Odisha,TRUE,764020,Koraput,India
9495,SC,10.18519,76.39819333,Approved,AGM/AGM/LM1,South-2,Cochin,KERALA,TRUE,683572,MUKKANNUR,India
9494,SC,10.0401502,76.3227922,Approved,AWY/AWY/LM1,South-2,Cochin,KERALA,TRUE,683101,ALUVA,India
9491,SC,18.6822183,73.72165,Approved,PNQ/RVT/LM1,West,Telegaon,MAHARASHTRA,TRUE,412101,Ravet,India
9490,RSC,27.99705092,76.52149471,Approved,SHJ/KNW/LM1,North,Shahjhapur RJ,RAJASTHAN,TRUE,301703,KHANHAWAS,India
9485,SC,27.1415602,81.9497124,Approved,GSI/GSI/LM1,North,Gonda,UTTAR PRADESH,TRUE,271001,Jankinagar,India
9482,SC,27.02089092,79.90308532,Approved,KJN/KJN/LM1,North,Kannauj,UTTAR PRADESH,TRUE,209727,Kannauj,India
9480,SC,19.2910689,72.8787241,Approved,BOM/MIR/HV,West,Mumbai,MAHARASHTRA,TRUE,401107,Navghar Village,India
9479,SC,11.66288833,76.24051667,Approved,SBT/DPK/LM1,South-2,bathery,KERALA,TRUE,673592,Dottappamkulam,India
9478,SC,23.8262524,86.5255404,Approved,GDR/GDR/LM1,East,Dhanbad,JHARKHAND,TRUE,828109,Master colony ,India
9472,SC,17.98305219,79.51983162,Approved,WNG/HSP/LM1,South-1,Warangal,TELANGANA,TRUE,506009,Hasanparthy,India
9465,SC,9.8717718,76.5599133,Approved,THP/KTM/LM1,South-2,Thodupuzha,KERALA,TRUE,686662,Koothattukulam,India
9457,SC,14.2063117,79.1527817,Approved,RPT/RPT/LM1,South-1,Rajampeta,ANDHRA PRADESH,TRUE,516115,Rajampet,India
9456,SC,14.1214,78.15991333,Approved,KDR/KDR/LM1,South-1,KADIRI,ANDHRA PRADESH,TRUE,515591,KADIRI,India
9455,SC,14.43752843,78.23145318,Approved,PNL/PNL/LM1,South-1,Pulivendula,ANDHRA PRADESH,TRUE,516390,PULIVENDULA,India
9454,SC,18.9831454,73.1001992,Approved,NBM/DNR/LM1,West,Navi Mumbai,MAHARASHTRA,TRUE,400702,NBM/DNR,India
9453,RSC,18.5113652,76.6558588,Approved,KNG/REN/LM1,West,Kingaon,MAHARASHTRA,TRUE,413527,Renapur,India
9451,SC,9.597605,76.33679833,Approved,CLA/CLA/LM1,South-2,Cherthala,KERALA,TRUE,688538,Mannanchery,India
9450,SC,23.1583229,85.5919501,Approved,BND/BND/LM1,East,Bundu,JHARKHAND,TRUE,835204,BUNDU,India
9447,SC,13.75522,79.71345,Approved,SHT/SHT/LM1,South-1,Srikalahasti,ANDHRA PRADESH,TRUE,517644,SHT/SHT/LM1,India
9445,SC,11.0495302,75.9890002,Approved,MPM/VGR/LM1,South-2,VENGARA,KERALA,TRUE,676304,kottakkal rod ,India
9443,RSC,20.9322751,86.1261387,Approved,JJR/VYN/LM1,East,jajpur road,Odisha,TRUE,755019,Ganesh Bazar,India
9439,SC,12.98930446,77.72234584,Approved,BLR/HOD/RP,South-2,BANGALORE,KARNATAKA,TRUE,560037,Old Madras Rd ,India
9438,SC,12.97142833,77.69397833,Approved,BLR/MAR/RP,South-2,BANGALORE,KARNATAKA,TRUE,560037,dodannakundi,India
9437,SC,9.9674791,78.8028469,Approved,DKO/DKO/LM1,South-2,Devakottai,TAMIL NADU,TRUE,630302,Devakkottai,India
9435,SC,11.262065,77.610085,Approved,ERD/PNR/LM1,South-2,Perundurai,TAMIL NADU,TRUE,638052,PERUNTHURAI,India
9433,SC,31.6558451,74.9192351,Approved,AMT/BVK/LM1,North,AMRITSAR,PUNJAB,TRUE,143003,AMT/BVK,India
9429,RSC,20.83457,86.31757,Approved,JAJ/BAR/LM1,East,Jajpur Town,Odisha,TRUE,755017,Bari,India
9428,RSC,20.755665,86.3625167,Approved,JAJ/BJR/LM1,East,Jajpur Town,Odisha,TRUE,755027,Binjharpur,India
9426,SC,15.3671667,76.157486,Approved,KPL/KPL/LM1,South-2,Koppal,KARNATAKA,TRUE,583238,Koppal,India
9425,SC,19.4068,72.8237083,Approved,BOM/VSA/HV,West,Palghar,MAHARASHTRA,TRUE,401209,Palghar,India
9424,RSC,16.8982994,80.2509091,Approved,PGP/PGP/LM1,South-1,PENUGANCHUPROLU,ANDHRA PRADESH,TRUE,521190,PENUGANCHIPROLU,India
9422,RSC,18.0237257,79.049375,Approved,CHL/JPL/LM1,South-1,CHERIYAL,TELANGANA,TRUE,506367,JALAPALLY,India
9994,RSC,17.44936309,78.37044981,Approved,HYD/GCB/RP1,South-1,Hyderabad,TELANGANA,TRUE,500032,GCB,India
9984,SC,11.7404935,78.9670764,Approved,KKC/KKC/LM1,South-2,KARUNAPURAM,TAMIL NADU,TRUE,606202,KALLAKURICHI,India
9983,SC,25.7743176,87.4738035,Approved,PRN/JCK/LM1,East,Purnia,BIHAR,TRUE,854301,Jail chowk,India
9980,SC,22.47359,88.40064833,Approved,CCU/NGR/LM1,East,Kolkata,WEST BENGAL,TRUE,700094,New Garia,India
9979,RSC,19.16144833,73.08116167,Approved,THN/KTN/LM1,West,Mumbai,MAHARASHTRA,TRUE,421204,Katai Naka,India
9977,RSC,23.17121167,77.42748167,Approved,BHO/KLR/LM2,Central,Bhopal,MADHYA PRADESH,TRUE,462042,Kolar RSC,India
9976,RSC,13.3220817,74.7489783,Approved,UDU/SAE/LM1,South-2,UDUPI,KARNATAKA,TRUE,576105,SANTHAKATTE,India
9975,RSC,18.9351666,83.2600389,Approved,BAN/BAN/LM1,East,BANDHUGAON,Odisha,TRUE,764027,BANDHUGAON,India
9972,RSC,20.9192017,84.744085,Approved,AGL/BOA/LM1,East,Angul,Odisha,TRUE,759127,BOINDA,India
9970,SC,25.8574657,87.7198784,Approved,BSI/BSI/LM1,East,Purnia,BIHAR,TRUE,854315,Bihar,India
9966,SC,25.6603029,85.8368499,Approved,DLS/DLS/LM1,East,DALSINGHSARAI,BIHAR,TRUE,848114,DalsinghSarai,India
9965,SC,11.84267,75.99403,Approved,MDY/TPZ/LM1,South-2,MANANTHAVADY,KERALA,TRUE,670644,Pilakavu,India
9968,SC,25.4172239,86.6327556,Approved,GJP/GJP/LM1,East,KHAGARIA,BIHAR,TRUE,851213,Gogri Jamalpur,India
9967,SC,26.31582833,86.84084,Approved,SRB/SRB/LM1,East,SUPAUL,BIHAR,TRUE,852109,Simrahi Bazar,India
9963,SC,11.02927084,77.06574683,Approved,CJB/SLR/LM1,South-2,Kinathukadavu,TAMIL NADU,TRUE,641103,Neelambur,India
9959,RSC,20.5040866,72.9399451,Approved,VAL/PRD/LM1,West,Valsad,GUJARAT,TRUE,396125,Pardi,India
9962,RSC,29.2700117,76.862728,Approved,PNP/ISA/LM1,North,Panipat,HARYANA,TRUE,132107,Israna,India
9958,RSC,26.1272417,86.8841833,Approved,SUP/TRJ/LM1,East,SUPAUL,BIHAR,TRUE,852139,Triveniganj,India
9955,SC,10.6535938,76.6873181,Approved,KGD/PGM/LM1,South-2,PALAKKAD,KERALA,TRUE,678503,Karipode,India
9950,SC,25.8944995,87.2099302,Approved,BKI/BKI/LM1,East,Araria,BIHAR,TRUE,854202,Banmankhi,India
9951,SC,26.3019281,87.2471145,Approved,KKT/KKT/LM1,East,Kursakanta,BIHAR,TRUE,854331,Kursakanta,India
9952,RSC,25.2400173,87.0272863,Approved,BGP/SAR/LM1,East,Bhagalpur,BIHAR,TRUE,813210,Sabour,India
9953,RSC,19.2642899,73.184562,Approved,BOM/MOE/LM1,West,Mumbai,MAHARASHTRA,TRUE,421102,Mohone,India
9946,RSC,11.5091035,75.7211577,Approved,VDK/PER/LM1,South-2,Vadakara,KERALA,TRUE,673525,Perambra,India
9939,RSC,20.13904667,78.31398167,Approved,YTL/GHI/LM1,Central,Yavatmal,MAHARASHTRA,TRUE,445301,Ghatanji,India
9938,RSC,19.936495,79.110455,Approved,CHP/GHS/LM1,Central,Chandrapur,MAHARASHTRA,TRUE,442505,Ghugus,India
9934,SC,19.1885142,72.8359457,Approved,BOM/Kanchpada/LM1,West,Mumbai,MAHARASHTRA,TRUE,400064,Kanchpada,India
9933,RSC,30.882382,75.8109367,Approved,LUD/BRS/LM1,North,Ludhiana,PUNJAB,TRUE,141012,BRS NAGAR,India
9932,RSC,31.28075,75.6474967,Approved,JLD/CNT/LM1,North,Jalandhar,PUNJAB,TRUE,144005,JALANDHAR CANT,India
9931,RSC,25.8748839,80.7908573,Approved,FTP/GZP/LM1,North,Fatehpur,UTTAR PRADESH,TRUE,212621,Gazipur,India
9930,RSC,30.83667833,75.84584667,Approved,LUD/DHA/LM1,North,Ludhiana,PUNJAB,TRUE,141116,DHANDRA,India
9928,SC,17.5387325,78.4830164,Approved,HYD/KOM/LM1,South-1,Hyderabad,TELANGANA,TRUE,500100,Kompally,India
9927,RSC,24.187555,84.17520833,Approved,PAN/PAN/LM1,East,Leshliganj,JHARKHAND,TRUE,822123,PATAN,India
9926,RSC,26.03356667,85.348605,Approved,MUZ/TUR/LM1,East,Muzaffarpur,BIHAR,TRUE,842001,Turki,India
9925,RSC,27.02667101,84.68555518,Approved,BTH/SIK/LM1,East,Bettiah,BIHAR,TRUE,845307,Sikta,India
9921,RSC,26.5018069,80.4047974,Approved,UNO/SKG/LM1,North,Unnao,UTTAR PRADESH,TRUE,209862,Shukla Ganj,India
9917,RSC,25.6150556,85.1695296,Approved,PAT/KDM/LM1,East,Patna,BIHAR,TRUE,800003,Kadamkuan,India
9918,SC,28.637625,77.0460299,Approved,DEL/VNR/LM1,North,Delhi NCR,DELHI,TRUE,110059,Vikash Nagar,India
9913,RSC,25.439265,87.7395033,Approved,KTH/BAS/LM1,East,GAURIPUR,BIHAR,TRUE,854116,Bastaul,India
9912,Hub PC,17.347372,78.5610815,Approved,HYD/LBN/FM1,South-1,Hyderabad,TELANGANA,TRUE,500068,LB Nagar,India
9911,RSC,16.44385281,74.32236595,Approved,KHL/CHI/LM1,West,BELAGAVI MH,MAHARASHTRA,TRUE,416235,Chikhali,India
9909,RSC,25.86200333,85.18056858,Approved,SRA/LAJ/LM1,East,Sarai,BIHAR,TRUE,844121,LALGANJ,India
9908,SC,12.8219322,77.6594941,Approved,BLR/JGI/LM1,South-2,BANGALORE,KARNATAKA,TRUE,560083,Jigani,India
9905,Hub PC,13.1278608,80.2201928,Approved,MAA/KOL/FM1,South-2,Chennai,TAMIL NADU,TRUE,600099,KOLATHUR,India
9904,RSC,20.64658167,78.47408833,Approved,WRD/DEO/LM1,Central,Wardha,MAHARASHTRA,TRUE,442101,Deoli,India
9898,RSC,26.4540077,79.5112511,Approved,ARY/ARY/LM1,North,Auraiya,UTTAR PRADESH,TRUE,206122,Auraiya,India
9896,RSC,24.3720723,84.1858645,Approved,CHA/JPL/LM1,East,HARIHARGANJ,JHARKHAND,TRUE,822131,JAPLA ROAD,India
9895,RSC,21.340881,70.7512971,Approved,RAJ/SAP/LM1,West,Rajkot,GUJARAT,TRUE,360024,Sapar,India
9893,RSC,12.4619767,79.8471433,Approved,MMR/MMR/LM1,South-2,MADURANTAKAM,TAMIL NADU,TRUE,603319,Melmaruvathur,India
9891,RSC,24.29943802,84.63674193,Approved,JRI/PPR/LM1,East,Jori,JHARKHAND,TRUE,825404,PRATAPPUR,India
9892,RSC,22.2494783,88.894415,Approved,BSN/GSB/LM1,East,Canning,WEST BENGAL,TRUE,743312,GOSABA,India
9885,RSC,21.5609502,74.2136216,Approved,KUA/KUA/LM1,West,TALODA,MAHARASHTRA,TRUE,394380,Kukarmunda,India
9886,RSC,21.5608807,86.9768381,Approved,BST/NDI/LM1,East,BASTA,Odisha,TRUE,756027,NIDHIPANDA,India
9887,SC,23.1009532,72.5462937,Approved,AMD/GTA/LM1,West,Ahmedabad,GUJARAT,TRUE,382481,Gota,India
9888,SC,23.0219212,72.4540691,Approved,AMD/BPL/LM1,West,Ahmedabad,GUJARAT,TRUE,380058,Bopal,India
9880,SC,23.0644393,72.5533484,Approved,AMD/NRP/FM1,West,Ahmedabad,GUJARAT,TRUE,380013,Naranpura,India
9881,RSC,11.6045178,92.6835165,Approved,PBR/DOJ/LM1,East,Port Blair,ANDAMAN AND NICOBAR,TRUE,744103,Dollygunj,India
961,SC,17.745427,83.2688309,Approved,VPT/NAD,South-1,Visakhapatnam,ANDHRA PRADESH,TRUE,530007,VPT/NAD,India
955,RSC,20.81784,85.102335,Approved,Angul,East,Angul,Odisha,TRUE,759122,RSC/Angul,India
947,RSC,22.86676726,87.64731958,Approved,Arambagh,East,Arambagh,WEST BENGAL,TRUE,712612,RSC/Arambagh,India
936,RSC,23.57303715,72.95744573,Approved,Himmat Nagar,West,Himmat Nagar,GUJARAT,TRUE,383001,HNR,India
931,RSC,17.8916547,75.0116897,Approved,Akluj,West,Akluj,MAHARASHTRA,TRUE,413101,RSC/Akluj,India
928,RSC,27.063497,88.4607925,Approved,Kalimpong,East,Kalimpong,WEST BENGAL,TRUE,734301,RSC/Kalimpong,India
2140,SC,26.331655,89.4580067,Approved,Coochbehar,East,Cooch Behar,WEST BENGAL,TRUE,736101,CBRB,India
927,RSC,23.6125184,88.3966492,Approved,Bethudahari,East,Bethudahari,WEST BENGAL,TRUE,741126,RSC/Bethudahari,India
6456,RSC,18.0685522,75.7929227,Approved,Gaudgaon,West,Vairag,MAHARASHTRA,TRUE,413402,GAN,India
895,RSC,19.9026378,77.5692581,Approved,Pusad,Central,Pusad,MAHARASHTRA,TRUE,445204,RSC/Pusad,India
2432,Transportation-H,30.1301213,78.166408,Approved,HDR/LAL-TSP,North,Haridwar,UTTARAKHAND,TRUE,248140,HDR/LAL-TSP,India
6403,RSC,24.012294,85.7551808,Approved,Bishnugarh,East,Bishungarh,JHARKHAND,TRUE,472930,,India
6535,RSC,20.7316633,77.359155,Approved,Murtizapur,Central,Kamargaon,MAHARASHTRA,TRUE,444107,,India
888,RSC,23.4093667,88.3898217,Approved,Nabawadip,East,Nabawadip,WEST BENGAL,TRUE,741315,RSC/Nabawadip,India
884,RSC,26.4818432,90.5345833,Approved,Bongaigaon,North East,Bongaigaon,ASSAM,TRUE,783380,RSC/Bongaigaon,India
868,RSC,21.84133167,76.34605167,Approved,Khandwa,Central,Khandwa,MADHYA PRADESH,TRUE,450001,ANR,India
841,RSC,23.2166525,87.0931647,Approved,Bankura,East,Bankura,WEST BENGAL,TRUE,722101,RSC/Bankura,India
819,RSC,31.1549033,76.5064983,Approved,RSC/Anandpur Sahib,North,Anandpur Sahib,PUNJAB,TRUE,140118,RSC/Anandpur Sahib,India
3460,RSC,20.08399901,74.11079504,Approved,Niphad,West,Niphad,MAHARASHTRA,TRUE,422303,,India
790,RSC,18.1061183,78.8573033,Approved,RSC/Siddipet,South-1,Siddipet,TELANGANA,TRUE,502103,RSC/Siddipet,India
782,RSC,19.1685798,76.2072374,Approved,Majalgaon,West,Majalgaon,MAHARASHTRA,TRUE,431517,RSC/Majalgaon,India
683,RSC,23.33274851,75.04550003,Approved,Ratlam,Central,Ratlam,MADHYA PRADESH,TRUE,457001,DBK,India
79,SC,31.6146981,74.9192614,Approved,Amritsar,North,AMRITSAR,PUNJAB,TRUE,143001,ATQ,India
15,SC,17.4991725,78.4037485,Approved,HYD/KUK,South-1,Hyderabad,TELANGANA,TRUE,500072,HYD/KUK,India
731,RSC,30.8052942,75.4836527,Approved,Jagraon,North,Jagraon,PUNJAB,TRUE,142026,RSC/Jagraon,India
660,SC,22.35334915,82.73823958,Approved,KORBA,Central,Korba,CHHATTISGARH,TRUE,495677,POR,India
653,SC,10.97999333,79.37304333,Approved,Kumbakonam,South-2,Kumbakonam,TAMIL NADU,TRUE,612501,KUM,India
652,SC,16.5220943,81.7372595,Approved,Palakol,South-1,Palakol,ANDHRA PRADESH,TRUE,534260,PLK,India
632,SC,32.1569647,76.2853623,Approved,Dharmshala,North,Dharmshala,HIMACHAL PRADESH,TRUE,176213,DMS,India
617,RSC,21.4739328,80.1900692,Approved,Gondia,Central,Gondia,MAHARASHTRA,TRUE,441614,RSC/Gondia,India
575,SC,30.8308695,75.1696711,Approved,MOGA,North,MOGA,PUNJAB,TRUE,142001,MGA,India
597,RSC,30.4787667,77.1341417,Approved,Naraingarh,North,Naraingarh,HARYANA,TRUE,134203,RSC/Naraingarh,India
583,SC,32.3948903,75.5170444,Approved,Kathua,North,Kathua,JAMMU AND KASHMIR,TRUE,184101,KTU,India
5524,Terminal,11.0587266,76.9543297,Approved,CJB/RTP-TML,South-2,Coimbatore,TAMIL NADU,TRUE,641027,CJB/RTP-TML,India
929,RSC,17.5651411,76.5621383,Approved,Aland,South-2,Aland,KARNATAKA,TRUE,585302,RSC/Aland,India
570,SC,31.6775731,76.5204001,Approved,Hamirpur,North,HAMIRPUR,HIMACHAL PRADESH,TRUE,177001,HMR,India
555,SC,17.0392383,79.2464083,Approved,Nalgonda,South-1,Nalgonda,TELANGANA,TRUE,508001,NLG,India
553,SC,11.38829833,79.69623833,Approved,Chidambaram,South-2,Chidambaram,TAMIL NADU,TRUE,608602,CDM,India
549,SC,16.8119387,75.7004616,Approved,Bijapur,South-2,VIJAYPURA,KARNATAKA,TRUE,586101,BJP,India
531,RSC,18.762235,84.42333,Approved,Palasa,South-1,Palasa,ANDHRA PRADESH,TRUE,532222,RSC/Palasa,India
1191,SC,25.5769854,85.1022487,Approved,PAT/PWS,East,Patna,BIHAR,TRUE,800002,PAT/PWS,India
527,RSC,14.4192115,77.7041541,Approved,Dharmavaram,South-1,Dharmavaram,ANDHRA PRADESH,TRUE,515671,RSC/Dharmavaram,India
523,RSC,18.3940689,78.8130648,Approved,Sircilla,South-1,Sircilla,TELANGANA,TRUE,505301,RSC/Sircilla,India
520,RSC,24.57830519,80.83639998,Approved,Satna,Central,Satna,MADHYA PRADESH,TRUE,485001,RSC/Satna,India
492,RSC,15.1493283,76.8851333,Approved,Bellary,South-2,Bellary,KARNATAKA,TRUE,583102,RSC/Bellary,India
490,RSC,24.7470298,93.932799,Approved,RSC/Imphal,North East,Imphal,MANIPUR,TRUE,795001,RSC/Imphal,India
488,RSC,17.2619094,74.175253,Approved,Karad,West,Karad,MAHARASHTRA,TRUE,415539,RSC/Karad,India
486,RSC,19.96326998,79.29056055,Approved,Chandrapur,Central,Chandrapur,MAHARASHTRA,TRUE,442401,RSC/Chandarpur,India
443,RSC,26.8541288,89.3827032,Approved,Jaigaon,East,Jaigaon,WEST BENGAL,TRUE,736182,RSC/Jaigaon,India
6451,RSC,13.8561201,75.7082795,Approved,SHANKARAGATTA,South-2,SHIVAMOGGA,KARNATAKA,TRUE,577229,,India
431,SC,32.74289,74.8408667,Approved,JMU/SHN,North,Jammu,JAMMU AND KASHMIR,TRUE,180005,JMU/SHN,India
937,RSC,20.91440713,77.74489483,Approved,Badnera,Central,Badnera,MAHARASHTRA,TRUE,444607,RSC/Badnera,India
422,SC,8.50319,76.9196667,Approved,TRV/KNA,South-2,Trivandrum,KERALA,TRUE,695026,TVM/KNA,India
419,RSC,22.96821328,88.46447141,Approved,Kalyani,East,KALYANI,WEST BENGAL,TRUE,743136,RSC/Kalyani,India
538,SC,30.9289058,76.8246644,Approved,Baddi,North,Baddi,HIMACHAL PRADESH,TRUE,173205,BDI,India
535,SC,19.07044833,82.05815,Approved,Jagdalpur,Central,Jagdalpur,CHHATTISGARH,TRUE,494001,MRL,India
334,SC,23.7434983,92.7227917,Approved,AIZWAL,North East,AIZAWL,MIZORAM,TRUE,796012,AJL,India
333,Hub,19.2648803,73.0669048,Approved,BHI/RTO,West,Bhiwandi,MAHARASHTRA,TRUE,421302,TPA,India
272,SC,15.3145637,75.1464758,Approved,Hubli,South-2,Hubli,KARNATAKA,TRUE,580021,HBL,India
255,SC,20.7424417,78.5917633,Approved,Wardha,Central,Wardha,MAHARASHTRA,TRUE,442001,WRD,India
3348,RSC,22.05195653,72.79669056,Approved,Jambusar,West,Jambusar,GUJARAT,TRUE,392150,,India
254,SC,20.6952078,76.9786052,Approved,Akola,Central,Akola,MAHARASHTRA,TRUE,444002,AKO,India
84,SC,13.6282196,79.4413046,Approved,Tirupathi,South-1,Tirupati,ANDHRA PRADESH,TRUE,517501,TPT,India
245,SC,26.6313402,92.784562,Approved,Tezpur,North East,Tezpur,ASSAM,TRUE,784001,TEZ,India
244,SC,21.451375,83.985755,Approved,Sambalpur,East,Sambalpur,Odisha,TRUE,768004,SBP,India
243,SC,26.0821871,85.4080343,Approved,MUZAFFARPUR,East,Muzaffarpur,BIHAR,TRUE,842002,SHR1,India
239,SC,19.301975,84.7817467,Approved,Berhampur,East,Berhampur,Odisha,TRUE,760002,BAM,India
231,SC,25.2221317,86.9827233,Approved,BHAGALPUR,East,Bhagalpur,BIHAR,TRUE,812001,BGP,India
163,SC,14.6991548,77.6083272,Approved,Ananthapur,South-1,ANANTAPUR,ANDHRA PRADESH,TRUE,515004,KNR,India
220,SC,10.7460063,79.1114881,Approved,Thanjavur,South-2,Thanjavur,TAMIL NADU,TRUE,613005,TNJ,India
219,Hub,29.3547329,77.0066091,Approved,PNP/HUB,North,Panipat,HARYANA,TRUE,132103,CHR,India
217,SC,13.2016133,79.08288,Approved,CHITTOOR,South-1,Chittoor,ANDHRA PRADESH,TRUE,517002,CTR,India
201,SC,24.8338467,92.80406,Approved,SILCHAR,North East,Silchar,ASSAM,TRUE,788003,IXS,India
196,SC,14.45783,75.9379733,Approved,Davanagere,South-2,DAVANGERE,KARNATAKA,TRUE,577003,DVG,India
193,SC,10.7642862,76.6967519,Approved,Palakkad,South-2,PALAKKAD,KERALA,TRUE,678007,PGT,India
256,SC,19.1440828,72.8550921,Approved,BOM/GOR,West,Mumbai,MAHARASHTRA,TRUE,400064,GON,India
6450,RSC,9.5940664,76.688775,Approved,PALLIKKATHOD,South-2,Pallikkathodu,KERALA,TRUE,686573,,India
659,SC,21.9041587,83.3816176,Approved,RAIGARH,Central,Raigarh,CHHATTISGARH,TRUE,496001,RGH,India
172,SC,26.6956038,88.3680562,Approved,Siliguri,East,SILIGURI,WEST BENGAL,TRUE,734010,SLG,India
168,SC,18.0831303,83.4108591,Approved,Vizianagaram,South-1,Vizianagaram,ANDHRA PRADESH,TRUE,535003,VZM,India
167,SC,21.2182283,81.3427583,Approved,BHILAI,Central,Bhilai,CHHATTISGARH,TRUE,490001,ABK,India
149,SC,16.6838223,81.0328184,Approved,Eluru,South-1,Eluru,ANDHRA PRADESH,TRUE,534001,ELR,India
5870,Terminal,12.89698948,77.62401265,Approved,RVP/BLRBMN-TML,South-2,BANGALORE,KARNATAKA,TRUE,560068,RVP/BLRBMN-TML,India
161,SC,22.2308926,84.8413372,Approved,ROURKELA,East,ROURKELA,Odisha,TRUE,769012,RRK,India
160,SC,13.1425856,79.9131208,Approved,Tiruvallur,South-2,Tiruvallur,TAMIL NADU,TRUE,602001,TLR,India
158,SC,16.5721497,82.00190227,Approved,Amalapuram,South-1,AMALAPURAM,ANDHRA PRADESH,TRUE,533201,AMP,India
155,SC,11.4100402,76.7097559,Approved,OOTY,South-2,Ooty,TAMIL NADU,TRUE,643001,OTY,India
154,SC,25.5835967,91.9019183,Approved,SHILLONG,North East,Shillong,MEGHALAYA,TRUE,793001,SHL,India
3954,RSC,17.15012,78.2103146,Approved,SHABAD TG,South-1,SHABAD TG,TELANGANA,TRUE,509217,,India
770,SC,28.501075,77.1814533,Approved,DEL/LDS,North,New Delhi,DELHI,TRUE,110074,DEL/LDS,India
108,SC,23.279665,77.40153,Approved,BHO/BHO,Central,Bhopal,MADHYA PRADESH,TRUE,462010,AGN1,India
148,SC,14.4627342,78.8146025,Approved,Cuddapah,South-1,Cuddapah,ANDHRA PRADESH,TRUE,516003,CDP,India
32,SC,20.2733249,85.7960614,Approved,BBN/IRC,East,Bhubaneswar,Odisha,TRUE,751015,bbn,India
146,SC,18.7498565,79.5071829,Approved,Godavari Khani,South-1,Godavari Khani,TELANGANA,TRUE,505209,GDK,India
222,SC,22.4904563,88.3693816,Approved,CCU/TOL,East,Kolkata,WEST BENGAL,TRUE,700038,CCU/TOL,India
105,SC,18.4662329,79.1107747,Approved,Karimnagar,South-1,Karimnagar,TELANGANA,TRUE,505001,SNR1,India
103,SC,17.9984911,79.5298825,Approved,Warangal,South-1,Warangal,TELANGANA,TRUE,506001,VNR1,India
2563,RSC,23.20570667,81.531685,Approved,Burhar,Central,Shahdol,MADHYA PRADESH,TRUE,484110,LAR,India
3515,SC,27.308334,88.5949044,Approved,Gangtok3,East,GANGTOK,SIKKIM,TRUE,737102,GNG3,India
630,SC,30.89674,77.102975,Approved,Solan,North,Solan,HIMACHAL PRADESH,TRUE,173212,SLN,India
6449,Terminal,19.1371386,74.7313103,Approved,AHN/SVD-TML,West,AHILYANAGAR,MAHARASHTRA,TRUE,414003,SVD,India
728,RSC,16.0835629,80.1731248,Approved,Chilakaluripeta,South-1,CHILAKALURIPETA,ANDHRA PRADESH,TRUE,522616,RSC/Chilakaluripeta,India
57,SC,12.8725689,74.8840236,Approved,MANGALORE,South-2,Mangalore,KARNATAKA,TRUE,575013,MLR,India
3484,Transportation-H,12.0010233,79.7686117,Approved,MAA/PCY-TSP,South-2,PONDICHERRY,TAMIL NADU,TRUE,605111,MAA/PCY-TSP,India
3084,Transportation-H,23.2521461,77.5325383,Approved,BHO/HUB-TSP,Central,Bhopal,MADHYA PRADESH,TRUE,462022,CAR,India
2933,Transportation-H,9.9858164,78.1011661,Approved,MAD/HUB-TSP,South-2,Madurai,TAMIL NADU,TRUE,625018,PAM,India
2241,Transportation-H,29.9408145,78.0513325,Approved,HDR/HUB-TSP,North,Haridwar,UTTARAKHAND,TRUE,249402,HDR/HUB-TSP,India
240,SC,26.1863464,85.9077915,Approved,Darbhanga,East,Darbhanga,BIHAR,TRUE,846004,DGA,India
6185,SC,17.4378217,78.3348435,Approved,HYD/GCB,South-1,Hyderabad,TELANGANA,TRUE,500032,HYD/GCB,India
162,SC,15.8217278,78.0164989,Approved,Kurnool,South-1,KURNOOL,ANDHRA PRADESH,TRUE,518001,KNL,India
3814,RSC,10.9199703,79.67832592,Approved,Mayiladurai,South-2,MAYILADURAI,TAMIL NADU,TRUE,609003,,India
3459,Transportation-H,19.4151876,72.8792495,Approved,BOM/VSI-TSP,West,Vasai,MAHARASHTRA,TRUE,401208,VAI,India
2406,Transportation-H,19.0927232,73.0280567,Approved,NBM/HUB-TSP,West,Navi Mumbai,MAHARASHTRA,TRUE,400710,SAA,India
2593,Transportation-H,22.3343783,70.8470567,Approved,RKT/HUB-TSP,West,Rajkot,GUJARAT,TRUE,360003,RTR1,India
402,SC,22.6441647,88.3833263,Approved,CCU/DLP,East,Kolkata,WEST BENGAL,TRUE,371508,CCU/DLP,India
86,SC,16.9928483,81.785985,Approved,RAJAHMUNDRY,South-1,Rajahmundry,ANDHRA PRADESH,TRUE,533103,RJM,India
2154,Transportation-M,20.3564505,72.9081932,Approved,VPI/HUB-TSP,West,Vapi,GUJARAT,TRUE,396195,TON1,India
1855,Transportation-M,12.3474417,76.596495,Approved,MYS/HUB-TSP,South-2,Mysore,KARNATAKA,TRUE,570018,TSPMYS/HUB,India
1871,Transportation-H,18.612459,74.0169342,Approved,PNQ/WAG-TSP,West,PUNE,MAHARASHTRA,TRUE,412207,WAI,India
2103,SC,17.3183884,78.5523535,Approved,HYD/VAP,South-1,Hyderabad,TELANGANA,TRUE,500070,HYD/VAP,India
5300,RSC,21.2763732,72.96652,Approved,Kamrej,West,Surat,GUJARAT,TRUE,394105,AMI,India
3412,RSC,26.30593776,89.66803236,Approved,Bakshirhat,East,BAKSHIRHAT WB,WEST BENGAL,TRUE,736159,,India
2656,RSC,24.7552036,92.7976254,Approved,MEHERPUR,North East,Meherpur,ASSAM,TRUE,788011,MEHERPUR,India
4842,SC,25.613743,85.1113682,Approved,PAT/CNT,East,Patna,BIHAR,TRUE,800023,PAT/CNT,India
3813,RSC,23.4892749,75.656266,Approved,Mahidpur,Central,Mahidpur,MADHYA PRADESH,TRUE,456443,JMG,India
6552,RSC,13.2130401,77.9114039,Approved,BANAHALLI,South-2,Hoskote,KARNATAKA,TRUE,562122,,India
126,SC,17.4424535,78.4628034,Approved,HYD/BPT,South-1,Hyderabad,TELANGANA,TRUE,500016,HYD/BPT,India
6291,RSC,17.5775949,76.9927569,Approved,Kamalapur.,South-2,JEWARGI,KARNATAKA,TRUE,585313,,India
1301,RSC,21.296775,70.232295,Approved,Keshod,West,Keshod,GUJARAT,TRUE,362220,RSC/Keshod,India
6462,SC,13.183702,80.1952978,Approved,Maa/RED,South-2,Chennai,TAMIL NADU,TRUE,600052,Maa/RED,India
6524,RSC,13.28181667,79.48358833,Approved,RNP/SA-PDT,South-2,Ranipet,TAMIL NADU,TRUE,631208,,India
6442,Terminal,13.0685443,77.8039007,Approved,BLR/HSKT-TML,South-2,BANGALORE,KARNATAKA,TRUE,562114,BLR/HSKT-TML,India
4002,RSC,26.8690665,80.9804862,Approved,Itaunja,North,Itaunja,UTTAR PRADESH,TRUE,226201,,India
4279,RSC,25.4617182,85.6735628,Approved,Barh,East,Barh BH,BIHAR,TRUE,803213,,India
2520,RSC,13.4069399,76.6248368,Approved,CNHalli,South-2,Chikkanayakanahalli,KARNATAKA,TRUE,572214,,India
71,SC,17.4030736,78.4720666,Approved,HYD/RDH,South-1,Hyderabad,TELANGANA,TRUE,500004,HYD/RDH,India
1183,RSC,8.5019586,77.1119769,Approved,Amachal,South-2,Trivandrum,KERALA,TRUE,695572,RSC/Amachal,India
1123,RSC,26.2316006,89.2700003,Approved,Mathabhanga,East,MATHABHANGA,WEST BENGAL,TRUE,871240,RSC/Mathabhanga,India
81,SC,29.4131922,76.9733648,Approved,Panipat,North,Panipat,HARYANA,TRUE,132103,PNP,India
5118,Hub,20.3822358,85.885624,Approved,BBN/RTO,East,Bhubaneswar,Odisha,TRUE,751006,KAA,India
3969,RSC,22.2009556,86.9261638,Approved,Gopiballavpur,East,Gopiballavpur,WEST BENGAL,TRUE,525014,,India
846,SC,28.7026695,76.9174008,Approved,Bahadurgarh,North,Bahadurgarh,HARYANA,TRUE,124507,BHU,India
584,SC,32.9319976,75.1487693,Approved,Udhampur,North,Udhampur,JAMMU AND KASHMIR,TRUE,182101,UDM,India
4487,RSC,23.3449515,72.5912767,Approved,MansaGJ,West,Mansa GJ,GUJARAT,TRUE,382845,MAJ,India
3044,RSC,19.4234667,77.87761,Approved,Himayatnagar,West,Himayatnagar,MAHARASHTRA,TRUE,383001,,India
5857,Terminal,13.01152,77.67976167,Approved,RVP/BLRTKR-TML,South-2,BANGALORE,KARNATAKA,TRUE,560036,RVP/BLRTKR-TML,India
5788,RSC,13.2527178,75.6810434,Approved,Aldur,South-2,Chikkamagalur,KARNATAKA,TRUE,577111,,India
5246,Terminal,12.9386955,77.7441101,Approved,BLR/VAR-TML,South-2,BANGALORE,KARNATAKA,TRUE,560087,BLR/VAR-TML,India
446,SC,25.6016072,88.1308502,Approved,Raigunj,East,Raigunj,WEST BENGAL,TRUE,733134,RSC/Raigunj,India
5790,RSC,13.9853592,75.69047652,Approved,Holehonnuru,South-2,bhadravathi,KARNATAKA,TRUE,577227,,India
349,SC,22.58958142,88.30048745,Approved,Howrah,East,HOWRAH,WEST BENGAL,TRUE,711104,HWH,India
5311,RSC,19.867802,75.48062,Approved,Chikalthana,West,CHHATRAPATI SAMBHAJINAGAR,MAHARASHTRA,TRUE,431007,CHA,India
956,RSC,14.550632,76.641358,Approved,Jatni,East,Jatni,Odisha,TRUE,462343,RSC/Jatni,India
534,RSC,26.8648542,88.7421831,Approved,Malbazar,East,Malbazar,WEST BENGAL,TRUE,735221,RSC/Malbazar,India
9797,SC,28.596106,77.402937,Approved,NDA/PNA/RT1,North,Delhi NCR,DELHI,TRUE,201307,Parthala Noida,India
9945,RTO,28.67825,77.339931,Approved,DEL/GZB/RT1,North,Delhi NCR,DELHI,TRUE,201001,Ghaziabad,India
4995,SC,28.766539,77.282559,Approved,RTO/JHM,North,Delhi NCR,DELHI,TRUE,201005,SNR,India
283,RTO,28.678008,77.338565,Approved,RTO/EDL,North,Delhi NCR,DELHI,TRUE,201005,GAD,India
10016,SC,12.91580598,77.5135231,Approved,DummySNS33,West,PUNE,MAHARASHTRA,TRUE,999002,Dummy,India
9746,WMS,18.58486097,73.97370006,Approved,DummyTrackon02025,West,PUNE,MAHARASHTRA,TRUE,999002,Dummy,India
4267,RSC,20.554589,74.524059,Approved,Dabhadi Malegaon,West,Dabhadi Malegaon,MAHARASHTRA,TRUE,423203,,India
3701,RSC,20.483432,74.017676,Approved,Kalvan,West,Kalvan,MAHARASHTRA,TRUE,423501,,India
5316,RSC,20.4823995,74.229298,Approved,Deola,West,Satana,MAHARASHTRA,TRUE,422013,DEA,India
2119,RSC,5,5,Approved,Manmad,West,Manmad,MAHARASHTRA,TRUE,423104,RSC/Manmad,India
1663,RSC,21.76,71.67,Approved,Satana,West,Satana,MAHARASHTRA,TRUE,423301,RSC/Satana,India
4416,RSC,16.996321,73.3105113,Approved,Shirgaon,West,Shirgaon,MAHARASHTRA,TRUE,415612,,India
2089,RSC,19.845658,74.006136,Approved,Sinnar1,West,Sinner,MAHARASHTRA,TRUE,422103,SI1,India
3466,RSC,20.00703168,74.01171114,Approved,Saikheda,West,SAIKHEDA,MAHARASHTRA,TRUE,422210,,India
4587,RSC,20.8790881,74.76859,Approved,Deopur,West,Nashik,MAHARASHTRA,TRUE,424001,DER,India
2312,RSC,20.996995,74.303975,Approved,Sakri,West,Sakri,MAHARASHTRA,TRUE,423304,RSC/Sakri,India
1711,SC,19.975745,73.7516717,Approved,NSK/CIDKO,West,Nashik,MAHARASHTRA,TRUE,422009,CIO,India
1266,SC,10.910523,75.915865,Approved,Tirur,South-2,Tirur,KERALA,TRUE,676101,TIR,India
3089,RSC,14.6347211,76.4207244,Approved,KOTHAPALLI,South-1,KOTHAPALLI,ANDHRA PRADESH,TRUE,533289,,India
1761,Transportation-M,13.082848,80.075265,Approved,MAA/HUB-TSP,South-2,Chennai,TAMIL NADU,TRUE,600072,TAI,India
1218,RSC,18.59482695,84.22193304,Approved,Pathapatnam,South-1,PATHAPATNAM,Odisha,TRUE,532213,RSC/Pathapatnam,India
1454,RSC,21.76,68.94,Approved,Kadiri,South-1,KADIRI,ANDHRA PRADESH,TRUE,515591,RSC/Kadiri,India
1461,RSC,18.6750808,77.9022825,Approved,Bodhan1,South-1,Bodhan,TELANGANA,TRUE,503185,RSC/Bodhan1,India
2508,RSC,13.755049,79.70574,Approved,SRIKALAHASTI,South-1,Srikalahasti,ANDHRA PRADESH,TRUE,517644,,India
810,RSC,18.975808,76.641358,Approved,Tagarapuvalasa,South-1,Tagarapuvalasa,ANDHRA PRADESH,TRUE,531163,RSC/Tagarapuvalasa,India
2852,RSC,19.34645376,78.31932834,Approved,BOATH,South-1,BOATH,TELANGANA,TRUE,504304,,India
2881,RSC,17.2514202,80.1339303,Approved,GAJULA NARSAPUR,South-1,GAJULA NARSAPUR,TELANGANA,TRUE,504104,,India
3218,RSC,12.5037225,79.8898417,Approved,MADURANTAKAM,South-2,MADURANTAKAM,TAMIL NADU,TRUE,603306,,India
1564,RSC,21.76,71.67,Approved,CHAGALLU,South-1,NIDADAVOLE,ANDHRA PRADESH,TRUE,534342,RSC/Nidadavole,India
703,RSC,16.99900036,79.97569911,Approved,Kodad,South-1,Kodad,TELANGANA,TRUE,508206,RSC/Kodad,India
2083,RSC,16.328648,80.961626,Approved,Nidumolu,South-1,PAMARRU,ANDHRA PRADESH,TRUE,521157,RSC/Nidumolu,India
3559,RSC,16.644915,82.106419,Approved,MUMMIDIVARAM,South-1,MUMMIDIVARAM,ANDHRA PRADESH,TRUE,533216,,India
3971,RSC,19.36416,79.29369,Approved,ASIFABAD TG,South-1,Asifabad,TELANGANA,TRUE,504293,,India
4126,RSC,14.7110037,77.8130558,Approved,NARPALA,South-1,NARPALA,ANDHRA PRADESH,TRUE,515425,,India
2796,RSC,16.60252,77.732145,Approved,MARIKAL,South-1,MARIKAL,TELANGANA,TRUE,509351,,India
3119,RSC,16.9285,80.3634,Approved,MADHIRA,South-1,MADHIRA,TELANGANA,TRUE,503207,,India
4497,RSC,17.0964901,81.5425473,Approved,DONDAPUDI,South-1,DONDAPUDI,ANDHRA PRADESH,TRUE,534316,,India
4498,RSC,16.9928059,81.658491,Approved,DOMMERU,South-1,DOMMERU,ANDHRA PRADESH,TRUE,534351,,India
1974,RSC,18.386751,77.87682,Approved,Banswada1,South-1,Banswada,TELANGANA,TRUE,503187,RSC/Banswada1,India
1893,RSC,21.76,68.94,Approved,SKota1,South-1,S Kota,ANDHRA PRADESH,TRUE,535145,RSC/SKota1,India
2853,RSC,18.44299,78.02403,Approved,NAVIPET,South-1,NAVIPET,TELANGANA,TRUE,503245,,India
4968,RSC,11.8967745,79.7516944,Approved,VIL/SA-VNR,South-2,VILLUPURAM,TAMIL NADU,TRUE,929413,,India
4964,RSC,12.7778044,79.9087187,Approved,CGL/SA-MMM,South-2,Chengalpet,TAMIL NADU,TRUE,603102,,India
5046,RSC,17.1692966,79.4110143,Approved,NAKREKAL,South-1,Suryapet,TELANGANA,TRUE,508211,,India
2202,RSC,0.01,0.01,Approved,SAVALYAPURAM,South-1,SAVALYAPURAM,ANDHRA PRADESH,TRUE,522647,RSC/SAVALYAPURAM,India
3118,RSC,17.06491,80.60755,Approved,GAMPALAGUDEM,South-1,GAMPALAGUDEM,ANDHRA PRADESH,TRUE,521403,,India
3347,RSC,16.678542,78.482878,Approved,KALWAKURTHY,South-1,KALWAKURTHY,TELANGANA,TRUE,509234,,India
5416,RSC,16.8959081,81.6663219,Approved,NIDADAVOLE,South-1,NIDADAVOLE,ANDHRA PRADESH,TRUE,534301,,India
5593,RSC,19.3483001,79.4856903,Approved,SIRPUR,South-1,KAGAZNAGAR,TELANGANA,TRUE,504299,,India
5846,RSC,14.12586,78.158544,Approved,TALUPULA,South-1,KADIRI,ANDHRA PRADESH,TRUE,515581,,India
2984,RSC,18.790089,78.9085652,Approved,DUMMUGUDEM,South-1,DUMMUGUDEM,TELANGANA,TRUE,507137,,India
6115,RSC,12.4408,79.4027,Approved,KCP/SA-DMR,South-2,KANCHIPURAM,TAMIL NADU,TRUE,631702,,India
6117,RSC,18.1839,79.5222,Approved,VENKATAPUR,South-1,MULUGU,TELANGANA,TRUE,506345,,India
2959,RSC,14.36747,79.71162,Approved,PODALAKUR,South-1,PODALAKUR,ANDHRA PRADESH,TRUE,524345,,India
6202,RSC,11.18374,79.3731,Approved,CDM/SA-KMK,South-2,Cuddalore,TAMIL NADU,TRUE,608302,,India
1988,RSC,23,79,Approved,Singarayakonda,South-1,SINGARAYAKONDA,ANDHRA PRADESH,TRUE,523101,RSC/Singarayakonda,India
3106,RSC,17.832867,82.931429,Approved,WADDADI,South-1,WADDADI,ANDHRA PRADESH,TRUE,531026,,India
6331,RSC,11.906703,79.807089,Approved,PDY/SA-ARM,South-2,PONDICHERRY,TAMIL NADU,TRUE,605004,,India
5499,RSC,16.9219529,80.3597437,Approved,BONAKAL,South-1,MADHIRA,TELANGANA,TRUE,507304,,India
6381,RSC,13.3944384,79.7261234,Approved,PICHATUR,South-1,Puttur,ANDHRA PRADESH,TRUE,517587,,India
6496,RSC,15.52429,78.35192,Approved,PAMULAPADU,South-1,KURNOOL,ANDHRA PRADESH,TRUE,518422,,India
6689,RSC,13.6940865,79.592367,Approved,YERPEDU,South-1,Srikalahasti,ANDHRA PRADESH,TRUE,517619,,India
6739,RSC,12.867381,79.0639321,Approved,THORAPADI,South-2,Vellore,TAMIL NADU,TRUE,632105,,India
6740,RSC,15.735337,79.885136,Approved,TALLUR,South-1,CHIMAKURTHY,ANDHRA PRADESH,TRUE,523264,,India
6771,RSC,17.20034,80.5434389,Approved,KALLURU,South-1,TALLADA,TELANGANA,TRUE,507209,,India
6889,RSC,19.2321974,79.3943372,Approved,GOLLETI,South-1,Asifabad,TELANGANA,TRUE,504292,,India
6921,RSC,18.586288,77.878196,Approved,RUDRUR,South-1,Bodhan,TELANGANA,TRUE,503188,,India
6377,RSC,18.657008,79.668009,Approved,MANTHANI,South-1,Godavari Khani,TELANGANA,TRUE,505184,,India
6993,RSC,17.282371,79.097613,Approved,RAMANNAPET,South-1,Choutuppal,TELANGANA,TRUE,508252,,India
1607,RSC,21.76,68.94,Approved,Bmangarupale,South-1,BANGARUPALEM,ANDHRA PRADESH,TRUE,517408,RSC/Bmangarupale,India
619,RSC,18.449085,83.643797,Approved,Rajam,South-1,Rajam,ANDHRA PRADESH,TRUE,532127,RSC/Rajam,India
2647,RSC,0.01,0.001,Approved,PENUKONDA,South-1,PENUKONDA,ANDHRA PRADESH,TRUE,515110,,India
2039,RSC,17.068915,80.9855417,Approved,Chintalapudi,South-1,CHINTALAPUDI,ANDHRA PRADESH,TRUE,534462,RSC/Chintalapudi,India
7103,RSC,16.433946,81.915506,Approved,MALKIPURAM,South-1,Palakol,ANDHRA PRADESH,TRUE,533250,,India
2559,RSC,0.01,0.001,Approved,NAIDUPETA1,South-1,NAIDUPETA,ANDHRA PRADESH,TRUE,524126,,India
2811,RSC,17.28576,82.105611,Approved,YELESWARAM,South-1,YELESWARAM,ANDHRA PRADESH,TRUE,533429,,India
6523,RSC,16.524658,78.233737,Approved,BIJINAPALLY,South-1,Mahabubnagar,TELANGANA,TRUE,509203,,India
4127,RSC,0.01,0.001,Approved,ANANTHASAGARAM,South-1,ANANTHASAGARAM,ANDHRA PRADESH,TRUE,524302,,India
4223,RSC,18.8698474,84.4602472,Approved,MANDASA,South-1,MANDASA,ANDHRA PRADESH,TRUE,532243,,India
6854,RSC,12.68259,79.98672,Approved,CHENGALPATTU TN,South-2,Chengalpet,TAMIL NADU,TRUE,603002,,India
7198,RSC,18.707853,78.022466,Approved,JANKAMPET,South-1,Nizamabad,TELANGANA,TRUE,503186,,India
2405,RSC,12,91.52,Approved,KANCHIKACHERLA,South-1,kanchikacherla,ANDHRA PRADESH,TRUE,521180,,India
7197,RSC,18.248488,78.441828,Approved,BIBIPET,South-1,Kamareddy,TELANGANA,TRUE,503123,,India
7217,RSC,13.4864188,79.695116,Approved,KVB PURAM,South-1,Puttur,ANDHRA PRADESH,TRUE,517643,,India
7218,RSC,11.56008084,79.575474,Approved,VADALUR,South-2,Cuddalore,TAMIL NADU,TRUE,607303,,India
7247,RSC,16.9607104,82.0482425,Approved,BICCAVOLU,South-1,Samalkot,ANDHRA PRADESH,TRUE,533343,,India
4305,RSC,14.1932501,78.0043214,Approved,MUDDIGUBA,South-1,MUDDIGUBA,ANDHRA PRADESH,TRUE,515511,,India
1647,RSC,18.59493658,84.22218282,Approved,Tekkali,South-1,TEKKALI,ANDHRA PRADESH,TRUE,532201,RSC/Tekkali,India
1964,RSC,21,65,Approved,Nandigama1,South-1,Nandigama,ANDHRA PRADESH,TRUE,521185,RSC/Nandigana1,India
7285,RSC,15.3157722,78.5326743,Approved,SIRIVELLA,South-1,Nandyal,ANDHRA PRADESH,TRUE,518563,,India
3344,RSC,19.110389,84.682923,Approved,KAVITI AP,South-1,KAVITI AP,ANDHRA PRADESH,TRUE,532312,,India
5492,RSC,17.0906992,82.3124305,Approved,UPPADA,South-1,kakinada,ANDHRA PRADESH,TRUE,533445,,India
2818,RSC,0.01,0.001,Approved,NARSAPUR,South-1,NARSAPUR,TELANGANA,TRUE,502313,,India
2805,RSC,0.01,0.001,Approved,GHANPUR TG,South-1,Ghanpur,TELANGANA,TRUE,506143,,India
4397,RSC,16.8329955,81.2513412,Approved,BHIMADOLE,South-1,Bhimadole,ANDHRA PRADESH,TRUE,534425,,India
9174,RSC,15.4132047,79.3405759,Approved,ONG/CHN/LM,South-1,Ongole,ANDHRA PRADESH,TRUE,523227,CHINTALAPALEM,India
9175,RSC,16.929023,82.231374,Approved,KKD/NKD/LM,South-1,kakinada,ANDHRA PRADESH,TRUE,533002,NADAKUDURU,India
9225,RSC,16.704405,81.449658,Approved,TDP/NDM/LM1,South-1,Tadepalligudem,ANDHRA PRADESH,TRUE,534195,NIDAMARRU,India
3013,RSC,18.07404,80.82672,Approved,CHERLA,South-1,CHERLA,TELANGANA,TRUE,507133,,India
9244,RSC,15.538058,77.551693,Approved,DKD/DKD/LM1,South-1,DEVANAKONDA,ANDHRA PRADESH,TRUE,518465,DEVANAKONDA ,India
9184,RSC,11.242361,79.78179,Approved,CUD/SAT/LM,South-2,Cuddalore,TAMIL NADU,TRUE,609109,SATTANATHAPURAM,India
3351,RSC,0.01,0.001,Approved,BICHKUNDA,South-1,BICHKUNDA,TELANGANA,TRUE,503187,,India
5156,RSC,16.6134824,80.9082854,Approved,VERAVALLI,South-1,Gannavaram,ANDHRA PRADESH,TRUE,521109,,India
9331,RSC,13.3063042,79.1117933,Approved,CTO/MMT/LM1,South-1,Chittoor,ANDHRA PRADESH,TRUE,517127,MURUKAMBATTU,India
9346,RSC,14.5827507,79.7457056,Approved,ATK/SGM/LM1,South-1,Atmakur,ANDHRA PRADESH,TRUE,524308,Sangam,India
6850,RSC,18.951837,84.584145,Approved,SOMPETA,South-1,ICHAPURAM,ANDHRA PRADESH,TRUE,532284,,India
3342,RSC,18.250795,79.021797,Approved,BEJJANKI,South-1,BEJJANKI,TELANGANA,TRUE,505402,,India
5660,RSC,14.5144598,77.7605406,Approved,BATHALAPALLI,South-1,Dharmavaram,ANDHRA PRADESH,TRUE,515661,,India
9389,RSC,12.679242,78.628863,Approved,ABR/VNB/LM1,South-2,AMBUR,TAMIL NADU,TRUE,635751,MAA/APT,India
3194,RSC,0.01,0.001,Approved,CHITVEL,South-1,CHITVEL,ANDHRA PRADESH,TRUE,516104,,India
9390,RSC,17.942227,79.177241,Approved,CHY/TUG/LM1,South-1,CHERIYAL,TELANGANA,TRUE,506224,Tarigoppula,India
7243,RSC,38.00737,59.16559,Approved,PANRUTHI,South-2,Cuddalore,TAMIL NADU,TRUE,607106,,India
9442,RSC,18.006512,78.889256,Approved,SDP/DUD/LM1,South-1,Siddipet,TELANGANA,TRUE,502277,Duddeda,India
1970,RSC,19.1052536,77.9569108,Approved,Bhainsa,South-1,BHAINSA,TELANGANA,TRUE,504103,RSC/Bhainsa,India
9431,RSC,16.889253,78.937391,Approved,NLD/NMP/LM1,South-1,Nalgonda,TELANGANA,TRUE,508373,NAMPALLY,India
9444,RSC,17.50102,78.54228,Approved,THA/BAN/LM1,South-1,TALLADA,TELANGANA,TRUE,507302,VM BANJAR,India
6492,RSC,15.5818153,80.1405901,Approved,AMMANABROLU,South-1,Ongole,ANDHRA PRADESH,TRUE,523180,,India
7196,RSC,17.828968,78.076303,Approved,JOGIPET,South-1,Medak,TELANGANA,TRUE,502270,,India
2370,RSC,14.2341,78.50529,Approved,GALIVEEDU,South-1,GALIVEEDU,ANDHRA PRADESH,TRUE,516267,RSC/GALIVEEDU,India
4768,RSC,13.363222,78.5700845,Approved,PALAMANER,South-1,BANGARUPALEM,ANDHRA PRADESH,TRUE,517416,,India
2740,RSC,17.547006,78.211244,Approved,DORNAKAL,South-1,DORNAKAL,TELANGANA,TRUE,506381,,India
1971,RSC,17.038003,81.558861,Approved,Devarapalli1,South-1,DEVARAPALLI,ANDHRA PRADESH,TRUE,534313,RSC/Devarapalli1,India
1331,RSC,25.27,77,Approved,Perecharla,South-1,PERECHARLA,ANDHRA PRADESH,TRUE,522005,RSC/Perecharla,India
3251,RSC,0.01,0.001,Approved,BALANAGAR TG,South-1,BALANAGAR TG,TELANGANA,TRUE,509202,,India
6490,RSC,16.967973,81.8057,Approved,BOMMURU,South-1,BOMMURU,ANDHRA PRADESH,TRUE,533124,BOMMURU,India
9699,RSC,17.731171,78.467628,Approved,MDC/KAL/LM1,South-1,Medchal,TELANGANA,TRUE,502336,Kallakal,India
9687,RSC,16.529243,78.201534,Approved,MBN/PAM/LM1,South-1,Mahabubnagar,TELANGANA,TRUE,509203,Palem,India
3014,RSC,14.6831,80.0533,Approved,ALLURU,South-1,ALLURU,ANDHRA PRADESH,TRUE,524315,,India
6326,RSC,12.857224,77.678956,Approved,GANGAPATNAM,South-1,Nellore,ANDHRA PRADESH,TRUE,524314,GANGAPATNAM,India
1592,RSC,21.76,68.94,Approved,Dwarakatirumala,South-1,DWARAKATIRUMALA,ANDHRA PRADESH,TRUE,534330,RSC/Dwarakatirumala,India
2466,RSC,17.175784,77.884304,Approved,PARGI,South-1,PARGI,TELANGANA,TRUE,501501,,India
6821,RSC,12.503766,79.608712,Approved,VANDAVASI,South-2,Tiruvannamalai,TAMIL NADU,TRUE,604408,,India
6240,RSC,17.143627,78.292797,Approved,KOTHUR TG,South-1,SHADNAGAR,TELANGANA,TRUE,509228,,India
7250,RSC,17.79059588,79.59394436,Approved,Wardhannapet,South-1,WARDHANNAPET,TELANGANA,TRUE,506313,,India
3206,RSC,17.112367,77.624683,Approved,KODANGAL,South-1,KODANGAL,TELANGANA,TRUE,509338,,India
6674,RSC,22.3601326,71.2053343,Approved,Kuvadva,West,Rajkot,GUJARAT,TRUE,360023,KUA,India
1303,RSC,23.0993,77.5115,Approved,Mandideep,Central,Mandideep,MADHYA PRADESH,TRUE,462046,RSC/Mandideep,India
4878,RSC,17.1720166,78.648678,Approved,IBRAHIMPATNAM,South-1,IBRAHIMPATNAM,TELANGANA,TRUE,501506,,India
6109,RSC,16.0443,78.5503,Approved,SRISAILAM,South-1,SRISAILAM,ANDHRA PRADESH,TRUE,518101,SRISAILAM,India
719,RSC,14.550632,77.108718,Approved,Kalyanadurgam,South-1,Kalyanadurgam,ANDHRA PRADESH,TRUE,515761,RSC/Kalyanadurgam,India
9936,Hub PC,21.180921,72.8335371,Approved,SRT/ADC/FM1,West,Surat,GUJARAT,TRUE,395002,ADC,India
9919,Hub PC,21.1898342,72.8741301,Approved,SRT/SRL/FM1,West,Surat,GUJARAT,TRUE,395010,Surat,India
9916,Hub PC,21.1942354,72.878036,Approved,SRT/PNG/FM1,West,Surat,GUJARAT,TRUE,395010,Punagam,India
9915,Hub PC,21.1853083,72.84287,Approved,SRT/RGR/FM1,West,Surat,GUJARAT,TRUE,395002,RGR,India
9910,Hub PC,25.2500306,82.927996,Approved,VNS/VGS/FM1,North,VARANASI,UTTAR PRADESH,TRUE,221011,Vill Ghusipur,India
9906,Hub PC,26.2218467,73.0048433,Approved,JOD/BAS/FM1,North,Jodhpur,RAJASTHAN,TRUE,342001,Basni,India
9901,Hub PC,27.1816917,78.3920033,Approved,FRO/KKT/FM1,North,Firozabad,UTTAR PRADESH,TRUE,283203,Kakrau Koti,India
9900,Hub PC,28.678955,77.015225,Approved,DEL/MDK/FM1,North,Delhi NCR,DELHI,TRUE,110041,Mundka,India
9897,Hub PC,21.0849915,72.9032296,Approved,SRT/SCN/FM1,West,Surat,GUJARAT,TRUE,394230,Sachin,India
9848,SC,28.70381,77.2675633,Approved,DEL/EDL/RT1,North,Delhi NCR,DELHI,TRUE,110053,Yamuna Vihar,India
9838,Hub PC,28.5300333,77.0897683,Approved,DEL/PC2,North,Delhi NCR,DELHI,TRUE,110037,New Delhi,India
9835,SC,12.9893483,77.7224517,Approved,BLR/HOD/IPC,South-2,BANGALORE,KARNATAKA,TRUE,560048,Hoodi,India
9829,SC,12.9226934,80.0977711,Approved,MAA/TMB/IPC,South-2,Chennai,TAMIL NADU,TRUE,600045,TAMBARAM,India
9511,SC,28.4392548,77.5422183,Approved,DEL/KSN/LM1,North,Delhi NCR,DELHI,TRUE,201312,Kasna,India
9477,SC,19.2910497,72.8787223,Approved,BOM/MIR/LM1,West,Thane,MAHARASHTRA,TRUE,401107,Mira Rd East,India
9413,SC,31.3722383,76.7481017,Approved,BLP/BLP/LM1,North,Ghumarwin,HIMACHAL PRADESH,TRUE,174021,Bilaspur,India
9369,Hub PC,12.347615,76.5964767,Approved,RTO/MYS/FM1,South-2,Mysore,KARNATAKA,TRUE,570018,Hebbal industrial area,India
9307,SC,17.4112638,78.4251256,Approved,HYD/BJH/LM1,South-1,Hyderabad,TELANGANA,TRUE,500034,Banjarahills,India
9105,Hub LH,32.2639855,75.6641282,Approved,PTK/HUB,North,Taragarh,PUNJAB,TRUE,145001,PTK/HUB,India
9039,SC,13.0259515,77.6498218,Approved,BLR/KYN-SVC,South-2,BANGALORE,KARNATAKA,TRUE,560043,BLR/KYN-SVC,India
9019,SC,22.9667863,72.5878062,Approved,AMD/ISP1,West,Ahmedabad,GUJARAT,TRUE,382405,SHL,India
7242,SC,19.4066531,72.823724,Approved,BOM/Vasai,West,Palghar,MAHARASHTRA,TRUE,401209,VAI,India
7070,Hub,22.5435422,88.4174086,Approved,CCU/FM1,East,Kolkata,WEST BENGAL,TRUE,700105,DHA2,India
6973,Hub PC,17.2431188,80.1495679,Approved,KMM/HUB,South-1,Khammam,TELANGANA,TRUE,507002,TMD,India
6852,Hub,19.1196479,72.8589551,Approved,BOM/APT,West,Mumbai,MAHARASHTRA,TRUE,400093,ANI6,India
6804,SC,28.5958951,77.4027723,Approved,Noida/PAL,North,Delhi NCR,DELHI,TRUE,201307,Noida/PAL,India
6120,SC,28.4334223,77.0794849,Approved,DEL/WZB,North,Delhi NCR,DELHI,TRUE,122003,DEL/WZB,India
2265,RSC,11.6542278,92.7363634,Approved,Port Blair,East,Port Blair,ANDAMAN AND NICOBAR,TRUE,744101,RSC/Port Blair,India
2233,SC,27.5232383,95.32468,Approved,TINSUKIA,North East,Tinsukia,ASSAM,TRUE,786192,TKA,India
1374,Hub,22.3342264,70.8474045,Approved,RKT/HUB,West,Rajkot,GUJARAT,TRUE,360003,RTR,India
306,Hub,13.1413626,77.8336841,Approved,RTO/FC1,South-2,BANGALORE,KARNATAKA,TRUE,561000,HOE,India
31,SC,30.691925,76.8308826,Approved,Chandigarh,North,Chandigarh,CHANDIGARH,TRUE,160002,RAA1,India
4921,SC,26.0817828,91.4710648,Approved,BIJAYNAGAR,North East,Bijaynagar,ASSAM,TRUE,781122,BJYN,India
4925,Hub,17.3816567,78.4314133,Approved,PCK/SPT,South-1,Hyderabad,TELANGANA,TRUE,500089,SHT,India
4592,Hub PC,29.1733438,75.7254605,Approved,PCK/HISSAR,North,Hissar,HARYANA,TRUE,125001,MRD,India
5916,Terminal,18.5265865,73.9096131,Approved,PNQ/MUN-TML,West,PUNE,MAHARASHTRA,TRUE,411036,PNQ/MUN-TML,India
5796,SC,23.1433133,83.16856,Approved,AMBKP/AMBIKAPUR,Central,Ambikapur,CHHATTISGARH,TRUE,497001,BCK,India
5399,SC,30.6567747,76.8125304,Approved,Zirakpur,North,MOHALI,CHANDIGARH,TRUE,140603,ZRKA,India
5341,Hub,26.8469245,75.6366728,Approved,RTO/RJT,North,Jaipur,RAJASTHAN,TRUE,302000,SAA,India
5242,Hub,26.0964093,91.5846828,Approved,GAU/PC1,North East,Guwahati,ASSAM,TRUE,781131,AZA,India
5154,SC,18.9831615,73.1001732,Approved,NBM/PNV,West,Navi Mumbai,MAHARASHTRA,TRUE,410206,PAL,India
4996,Hub,28.6790307,77.0165693,Approved,RTO/MDK,North,Delhi NCR,DELHI,TRUE,110041,MAI2,India
4874,Terminal,12.9044273,77.6259634,Approved,BLR/BMN-TML,South-2,BANGALORE,KARNATAKA,TRUE,560068,BLR/BMN-TML,India
4871,Terminal,13.0211967,77.6921283,Approved,BLR/TKR-TML,South-2,BANGALORE,KARNATAKA,TRUE,560036,BLR/TKR-TML,India
4756,Hub PC,24.5317436,73.6825965,Approved,UDI/HUB,North,Udaipur,RAJASTHAN,TRUE,313004,NVR1,India
4757,Hub PC,14.6991329,77.6083605,Approved,ANP/HUB,South-1,ANANTAPUR,ANDHRA PRADESH,TRUE,515004,KNR,India
4728,Terminal,12.9047167,80.1932602,Approved,MAA/MAD-TML,South-2,Chennai,TAMIL NADU,TRUE,600016,MAA/MAD-TML,India
4578,SC,26.8583761,80.9634329,Approved,LKO/HZG,North,Lucknow,UTTAR PRADESH,TRUE,226001,LKO/HZG,India
4583,Terminal,22.7626099,88.3052667,Approved,HWH/MDN-TML,East,HOWRAH,WEST BENGAL,TRUE,119630,HWH/MDN-TML,India
4580,Hub,21.1531095,72.8425053,Approved,RTO/UDN,West,Surat,GUJARAT,TRUE,395017,UDA2,India
4455,Terminal,12.9744582,77.5238567,Approved,BLR/MCL-TML,South-2,BANGALORE,KARNATAKA,TRUE,560040,BLR/MCL - TML,India
4302,Hub,22.7623094,88.3051931,Approved,CCU/PC2,East,Hooghly,WEST BENGAL,TRUE,712204,CC2,India
4257,Hub,25.5609298,81.7582137,Approved,ALD/LH1,North,Allahabad,UTTAR PRADESH,TRUE,229412,NAJ,India
3037,Hub PC,13.0636009,80.1007671,Approved,MAA/PC1,South-2,Chennai,TAMIL NADU,TRUE,600072,TAI,India
3752,Hub,21.46851,86.8828283,Approved,Balasore Hub,East,Balasore,Odisha,TRUE,756056,KCA,India
3751,Hub,19.3021283,84.781825,Approved,Berhampur HUB,East,Berhampur,Odisha,TRUE,760000,ARD,India
3727,Hub,23.4981835,87.3393943,Approved,DGR/HUB,East,DURGAPUR,WEST BENGAL,TRUE,713000,ACR,India
3433,Hub,22.5438817,88.4171633,Approved,CCU/IB2,East,Kolkata,WEST BENGAL,TRUE,700132,DOA,India
3223,Hub,21.0854283,72.9036583,Approved,SRT/PC2,West,Surat,GUJARAT,TRUE,394325,HAA,India
3225,Hub PC,21.085586,72.905036,Approved,SRT/PC3,West,Surat,GUJARAT,TRUE,394220,SRT/PC3,India
3208,RSC,28.5560455,77.4653001,Approved,DEL/GNA1,North,Delhi NCR,DELHI,TRUE,201305,GNA,India
3112,Hub PC,13.0521033,77.4589583,Approved,RTO/TUM,South-2,BANGALORE,KARNATAKA,TRUE,561000,HOE,India
2950,Hub,25.2499667,82.927715,Approved,VNS/LH1,North,VARANASI,UTTAR PRADESH,TRUE,221011,BAN,India
2919,RSC,26.8590208,80.8732381,Approved,LKO/CHK,North,Lucknow,UTTAR PRADESH,TRUE,226003,,India
2735,Hub,31.33071,75.6144017,Approved,JLD/HUB,North,Jalandhar,PUNJAB,TRUE,144009,GRD,India
2620,Hub PC,26.0824615,85.407908,Approved,MFP/HUB,East,Muzaffarpur,BIHAR,TRUE,842001,SHR,India
2459,Hub,25.007953,88.1576445,Approved,MLD/HUB,East,Malda,WEST BENGAL,TRUE,732142,TAA,India
2323,Hub,26.7774079,80.8628997,Approved,UPH/RTO,North,Lucknow,UTTAR PRADESH,TRUE,226008,SNR,India
2321,SC,22.778565,86.2232149,Approved,JMD/GMR,East,Jamshedpur,JHARKHAND,TRUE,831003,JMD2,India
2270,SC,28.731235,77.3275533,Approved,DEL/SLG,North,Delhi NCR,DELHI,TRUE,201102,DEL/SLG,India
2160,Hub,21.6051469,73.0361629,Approved,SRT/PC1,West,Surat,GUJARAT,TRUE,395004,SRT/PC1,India
2070,Hub PC,12.8725798,74.8840395,Approved,MLR/HUB,South-2,Mangalore,KARNATAKA,TRUE,575013,PAL,India
2069,Hub PC,13.0135899,76.1315313,Approved,HAS/HUB,South-2,Hassan,KARNATAKA,TRUE,573201,B.I,India
2052,Hub,30.2383443,74.9150325,Approved,Bathinda/HUB,North,Bhatinda,PUNJAB,TRUE,151001,KNR,India
2047,SC,30.7587783,76.6470183,Approved,Kharar,North,MOHALI,CHANDIGARH,TRUE,140301,KHR,India
150,SC,29.97844833,76.85456833,Approved,KURUKSHETRA,North,KURUKSHETRA,HARYANA,TRUE,136118,KRA,India
1954,SC,25.7744961,87.4734965,Approved,Purnia,East,Purnia,BIHAR,TRUE,854301,PRNA,India
1949,Hub,16.7596522,74.2829376,Approved,KHL/HUB,West,Kolhapur,MAHARASHTRA,TRUE,416122,NPA,India
1912,Hub,28.5904013,77.3252812,Approved,RTO/Noida,North,Delhi NCR,DELHI,TRUE,110096,NOA,India
1879,SC,24.0058317,85.3778667,Approved,Hazaribagh,East,Hazaribagh,JHARKHAND,TRUE,825301,HZD,India
1837,SC,28.4061937,76.9794296,Approved,manesar1,North,Delhi NCR,DELHI,TRUE,122001,mane,India
1835,Hub,22.8406104,86.2220106,Approved,JMD/HUB,East,Jamshedpur,JHARKHAND,TRUE,831012,MAO1,India
1822,Hub PC,14.4580233,75.9381567,Approved,DVG/HUB,South-2,DAVANGERE,KARNATAKA,TRUE,577003,AYD,India
1773,SC,19.0226983,73.02452,Approved,NBM/NRL,West,Navi Mumbai,MAHARASHTRA,TRUE,400706,NEL1,India
1739,Hub PC,15.5188316,80.0408307,Approved,Ongole/Hub,South-1,Ongole,ANDHRA PRADESH,TRUE,523002,VCY,India
1737,SC,22.2555461,70.7957713,Approved,Rajkot/OMN,West,Rajkot,GUJARAT,TRUE,360004,RAN,India
1718,SC,28.5057881,77.4670076,Approved,DEL/GNA,North,Delhi NCR,DELHI,TRUE,201308,DEL/GNA,India
1698,Hub PC,18.6933164,78.1147429,Approved,NZB/HUB,South-1,Nizamabad,TELANGANA,TRUE,503001,VNR,India
1634,SC,28.5345712,77.2219142,Approved,DEL/SPJ,North,New Delhi,DELHI,TRUE,110017,DEL/SPJ,India
1602,Hub PC,28.6547039,77.324498,Approved,DEL/SHB,North,Delhi NCR,DELHI,TRUE,201010,SAD,India
1566,SC,22.2838218,73.167033,Approved,Vadodara/AKT,West,VADODARA,GUJARAT,TRUE,390020,VAT,India
1511,Hub PC,24.7468467,93.9338667,Approved,Imphal,North East,Imphal,MANIPUR,TRUE,795001,IMPH,India
1502,SC,28.6082817,76.99685,Approved,DEL/NFG,North,Delhi NCR,DELHI,TRUE,110043,DEL/NFG,India
901,SC,25.4858685,78.5597327,Approved,Jhansi,North,Jhansi,UTTAR PRADESH,TRUE,284003,JNS,India
1442,SC,28.4042977,77.3049532,Approved,FBD/NIT,North,Delhi NCR,DELHI,TRUE,121001,FBD/NIT,India
1447,SC,30.774667,76.7938002,Approved,CAR/NGN,North,MOHALI,CHANDIGARH,TRUE,160103,CAR/NGN,India
1407,SC,26.1440383,91.8155436,Approved,GAU/SML,North East,Guwahati,ASSAM,TRUE,781022,GAU/SML,India
1403,Hub PC,15.847695,78.0051567,Approved,KNL/HUB,South-1,KURNOOL,ANDHRA PRADESH,TRUE,518001,SNR,India
135,SC,29.7125536,77.0058938,Approved,KARNAL,North,Karnal,HARYANA,TRUE,132001,KRN,India
1213,SC,12.9107197,79.3227347,Approved,Ranipet,South-2,Ranipet,TAMIL NADU,TRUE,632401,RNP,India
1210,Hub,19.8807833,75.2101899,Approved,AUR/HUB,West,CHHATRAPATI SAMBHAJINAGAR,MAHARASHTRA,TRUE,431033,WAJ,India
1144,Hub PC,23.2337591,79.8922186,Approved,JBL/HUB,Central,Jabalpur,MADHYA PRADESH,TRUE,482002,KAI,India
1135,Hub PC,23.2521694,77.5325493,Approved,BHO/HUB,Central,Bhopal,MADHYA PRADESH,TRUE,462022,CAR,India
1053,SC,28.3283773,77.3338112,Approved,Ballabgarh,North,Delhi NCR,DELHI,TRUE,121004,BGB,India
1049,Hub PC,13.6119167,79.39864,Approved,TPT/HUB,South-1,Tirupati,ANDHRA PRADESH,TRUE,517520,REA,India
851,SC,28.6074128,77.0818113,Approved,DEL/PLM,North,New Delhi,DELHI,TRUE,110045,DEL/PLM,India
793,SC,28.6780168,77.422103,Approved,DEL/ANG,North,Delhi NCR,DELHI,TRUE,201001,DEL/ANG,India
762,Hub PC,15.3651733,73.9482469,Approved,PNJ/HUB,West,Porvorim,GOA,TRUE,403722,VIE,India
759,SC,28.4782826,77.1005407,Approved,DEL/DLF,North,Delhi NCR,DELHI,TRUE,122002,DEL/DLF,India
680,Hub PC,18.744365,73.7904667,Approved,CHK/RTO,West,PUNE,MAHARASHTRA,TRUE,410501,CHN2,India
682,SC,31.6542229,76.9452264,Approved,Mandi,North,Mandi,HIMACHAL PRADESH,TRUE,175021,MND,India
672,SC,19.2530151,72.8671638,Approved,BOM/DSR,West,Mumbai,MAHARASHTRA,TRUE,400067,DAA1,India
1774,SC,19.1543537,72.9349775,Approved,BOM/BDP,West,Thane,MAHARASHTRA,TRUE,400078,BHP,India
1743,SC,18.6654235,73.7971832,Approved,PNQ/NGD,West,PUNE,MAHARASHTRA,TRUE,411044,SNR,India
1693,SC,21.7625343,72.1526688,Approved,Bhavnagar,West,BHAVNAGAR,GUJARAT,TRUE,364001,GCE,India
2068,Hub,9.9858667,78.1008583,Approved,MAD/HUB,South-2,Madurai,TAMIL NADU,TRUE,625018,PAM,India
573,SC,20.9954256,75.5877511,Approved,Jalgaon,West,Jalgaon,MAHARASHTRA,TRUE,425003,JLG,India
545,Hub,11.0940223,77.3085158,Approved,TRP/HUB,South-2,Tirupur,TAMIL NADU,TRUE,641603,ANM,India
346,SC,19.13599,72.99731,Approved,NBM/GHN,West,Navi Mumbai,MAHARASHTRA,TRUE,400701,GHI1,India
6444,Hub PC,22.9738213,72.5827163,Approved,NRL/AMD,West,Ahmedabad,GUJARAT,TRUE,382405,NAL,India
712,Hub,26.6664748,88.4732505,Approved,SLG/HUB,East,SILIGURI,WEST BENGAL,TRUE,735135,SAI1,India
673,Hub,21.2348195,81.5797208,Approved,RAIPUR/HUB,Central,Raipur,CHHATTISGARH,TRUE,492099,RPR/HUB,India
433,Hub,22.6477569,88.4395145,Approved,CCU/APT,East,Kolkata,WEST BENGAL,TRUE,700000,DDM,India
430,Hub PC,22.7631713,88.3057384,Approved,CCU/RTO,East,Kolkata,WEST BENGAL,TRUE,712223,SEE,India
212,Hub PC,18.5794478,73.8979972,Approved,PNQ/HUB,West,PUNE,MAHARASHTRA,TRUE,411032,VII2,India
392,Hub PC,10.0656417,76.287835,Approved,COK/HUB,South-2,Cochin,KERALA,TRUE,682000,CHE,India
370,Hub PC,22.3588984,73.2281225,Approved,BDQ/HUB,West,VADODARA,GUJARAT,TRUE,390019,ARD1,India
378,Hub,28.3124707,76.8189659,Approved,RTO/PTD,North,Delhi NCR,DELHI,TRUE,122503,PAI,India
194,SC,22.4830974,70.0483127,Approved,Jamnagar,West,Jamnagar,GUJARAT,TRUE,361002,JAM,India
368,SC,30.7008252,76.7100577,Approved,Mohali,North,MOHALI,CHANDIGARH,TRUE,160070,MHL,India
337,Hub,12.8928163,77.6453629,Approved,RTO/CHD,South-2,BANGALORE,KARNATAKA,TRUE,560068,KGE,India
174,SC,19.1793401,77.2872731,Approved,Nanded,West,Nanded,MAHARASHTRA,TRUE,431605,NED,India
4994,Hub,28.61935,77.0246634,Approved,RTO/UTN,North,Delhi NCR,DELHI,TRUE,110078,DWA,India
127,SC,19.2064152,73.1106202,Approved,DKU,West,Mumbai,MAHARASHTRA,TRUE,421301,DOI,India
61,SC,25.3038333,82.9673117,Approved,Varanasi,North,VARANASI,UTTAR PRADESH,TRUE,221103,VNS,India
305,RTO,13.141186,77.8337023,Approved,RTO/CNT,South-2,BANGALORE,KARNATAKA,TRUE,561000,HOE,India
112,SC,19.8902484,75.3303628,Approved,Aurangabad,West,CHHATRAPATI SAMBHAJINAGAR,MAHARASHTRA,TRUE,431001,AUR,India
291,SC,28.6284114,77.3190169,Approved,DEL/IPX,North,New Delhi,DELHI,TRUE,110096,DEL/IPX,India
268,SC,28.618025,77.026,Approved,DEL/DWA,North,Delhi NCR,DELHI,TRUE,110078,DEL/DWA,India
89,SC,19.0805678,73.0066585,Approved,NBM/NBM,West,Mumbai,MAHARASHTRA,TRUE,400703,VAI1,India
261,SC,25.6228754,85.0764911,Approved,PAT/PCK,East,Patna,BIHAR,TRUE,800001,PAT/PCK,India
257,SC,28.6463239,77.2008194,Approved,DEL/JWN,North,New Delhi,DELHI,TRUE,110005,DEL/JWN,India
252,SC,28.5271423,77.4000312,Approved,DEL/MVR,North,Delhi NCR,DELHI,TRUE,201305,DEL/MVR,India
303,Hub,21.20321333,72.888,Approved,SRT/RTO,West,Surat,GUJARAT,TRUE,394325,PPA,India
236,SC,23.6243607,86.1899177,Approved,BOKARO,East,Bokaro,JHARKHAND,TRUE,827001,BOK,India
235,SC,22.3067032,87.2952912,Approved,Kharagpur,East,Kharagpur,WEST BENGAL,TRUE,721306,KGP,India
225,SC,18.4600561,73.8884305,Approved,PNQ/HDP,West,PUNE,MAHARASHTRA,TRUE,411048,PNQ/HDP,India
210,Hub,22.9489017,72.4828883,Approved,AMD/HUB,West,Ahmedabad,GUJARAT,TRUE,382405,SCL1,India
199,SC,28.5653351,77.1858686,Approved,DEL/RKP,North,New Delhi,DELHI,TRUE,110066,DEL/RKP,India
455,Hub PC,30.8838265,75.9052681,Approved,PCK/LUD,North,Ludhiana,PUNJAB,TRUE,141010,FPT1,India
1995,Hub PC,18.4664097,79.1107703,Approved,KRM/HUB,South-1,Karimnagar,TELANGANA,TRUE,505001,SNR,India
179,SC,20.9277867,77.754795,Approved,Amravati,Central,AMRAVATI,MAHARASHTRA,TRUE,444601,AMV,India
178,Hub PC,28.514859,77.2958927,Approved,DEL/OKH,North,New Delhi,DELHI,TRUE,110044,OKA,India
6475,SC,24.0987491,88.2623001,Approved,BPC/HUB,East,Murshidabad,WEST BENGAL,TRUE,742101,BPC/HUB,India
62,SC,28.5148022,77.2956961,Approved,DEL/SDE,North,Delhi NCR,DELHI,TRUE,110044,OKA2,India
250,Hub PC,28.530152,77.0898382,Approved,PCK/BJE,North,Delhi NCR,DELHI,TRUE,110037,GUN2,India
282,Hub PC,28.7097985,77.0647172,Approved,RTO/NDL,North,Delhi NCR,DELHI,TRUE,110086,BER,India
267,Hub,30.6920924,76.8309568,Approved,CAR/HUB,North,Chandigarh,CHANDIGARH,TRUE,160002,RAA1,India
140,Hub PC,11.0307884,77.0746377,Approved,CJB/HUB,South-2,Coimbatore,TAMIL NADU,TRUE,641062,APR,India
249,Hub,28.6782879,77.3401726,Approved,PCK/EDL,North,Delhi NCR,DELHI,TRUE,201010,SAD,India
1411,SC,22.7635179,88.3050913,Approved,CCU/PCK,East,Kolkata,WEST BENGAL,TRUE,712223,SEE,India
88,SC,22.3323967,70.7649383,Approved,Rajkot,West,Rajkot,GUJARAT,TRUE,411001,RJK,India
68,SC,28.6571079,77.1437986,Approved,DEL/KMP,North,New Delhi,DELHI,TRUE,110015,DEL/KMP,India
2048,SC,26.7625234,82.0899133,Approved,Ayodhya,North,Ayodhya,UTTAR PRADESH,TRUE,224001,AYD,India
55,SC,8.4912346,76.9958751,Approved,TRV/TRV,South-2,Trivandrum,KERALA,TRUE,695573,TRV,India
54,SC,10.7615458,78.6903473,Approved,TRICHY,South-2,Trichy,TAMIL NADU,TRUE,620008,TRA,India
2018,SC,25.594705,85.1693333,Approved,PAT/ARP,East,Patna,BIHAR,TRUE,800020,PAT/ARP,India
30,SC,16.3336366,80.4403473,Approved,Guntur,South-1,Guntur,ANDHRA PRADESH,TRUE,522034,GNT,India
13,SC,21.1899071,72.8739848,Approved,SURAT/SRT,West,Surat,GUJARAT,TRUE,395010,PPA4,India
1947,SC,13.0861962,79.6704364,Approved,ARAKKONAM,South-2,ARAKKONAM,TAMIL NADU,TRUE,631003,AKM,India
143,Hub,26.7780963,80.8621111,Approved,UPH,North,Lucknow,UTTAR PRADESH,TRUE,226008,SNR,India
1633,SC,23.3800811,85.3612048,Approved,RNC/KKR,East,Ranchi,JHARKHAND,TRUE,834001,RAN2,India
1517,SC,26.9705117,94.621095,Approved,SIVSAGAR,North East,SIVSAGAR,ASSAM,TRUE,785640,SIVG,India
1388,Hub PC,15.8906336,74.54121,Approved,IXG/HUB,South-2,Belgaum,KARNATAKA,TRUE,590016,ANR,India
138,SC,28.9781823,77.0508468,Approved,SONIPAT,North,Sonipat,HARYANA,TRUE,131001,SOP,India
136,SC,30.3521405,76.3994246,Approved,PATIALA,North,Patiala,PUNJAB,TRUE,147001,PTL,India
2396,Hub,24.8256274,92.7442706,Approved,IXS/HUB,North East,Silchar,ASSAM,TRUE,788003,RAR1,India
656,SC,18.4955373,73.9290381,Approved,PNQ/MGR,West,PUNE,MAHARASHTRA,TRUE,411028,PNQ/MGR,India
270,Hub PC,13.1399233,77.8331583,Approved,BLR/FC1,South-2,BANGALORE,KARNATAKA,TRUE,561000,HOE,India
854,SC,26.77761,94.2327183,Approved,Jorhat,North East,Jorhat,ASSAM,TRUE,785001,JOR,India
763,SC,23.1776678,72.6370226,Approved,Gandhinagar,West,Gandhinagar,GUJARAT,TRUE,382422,GDH,India
1133,Hub PC,26.237055,78.1449717,Approved,GWL/HUB,Central,Gwalior,MADHYA PRADESH,TRUE,474012,TNR1,India
34,SC,30.3181417,76.8372194,Approved,Ambala,North,AMBALA,HARYANA,TRUE,133004,ABA,India
242,SC,24.8184423,85.0056093,Approved,GAYA,East,Gaya,BIHAR,TRUE,823001,GYA,India
279,SC,18.6954346,73.8500954,Approved,PNQ/CHN,West,Chakan,MAHARASHTRA,TRUE,410501,CHA,India
129,Hub,28.3120851,76.8193883,Approved,DEL/RTO,North,Delhi NCR,DELHI,TRUE,122503,PAI,India
248,Hub,28.5148723,77.295527,Approved,PCK/OKH,North,Delhi NCR,DELHI,TRUE,110044,OKA1,India
232,SC,23.7800899,86.4100465,Approved,Dhanbad,East,Dhanbad,JHARKHAND,TRUE,826001,DHN,India
198,SC,10.5126067,76.247325,Approved,Trichur,South-2,TRICHUR,KERALA,TRUE,680001,TCR,India
166,SC,16.7466553,74.2863777,Approved,Kolhapur,West,Kolhapur,MAHARASHTRA,TRUE,416122,KHL,India
434,Hub,28.5379765,77.1180747,Approved,DEL/APT,North,Delhi NCR,DELHI,TRUE,110037,PAM,India
326,Hub,28.3126243,76.818122,Approved,DEL/PTD,North,Delhi NCR,DELHI,TRUE,122503,PAI,India
95,SC,20.4393875,85.9129897,Approved,Cuttack,East,Cuttack,Odisha,TRUE,753010,CTK,India
4078,SC,17.3606021,78.386777,Approved,HYD/NSG,South-1,Hyderabad,TELANGANA,TRUE,500086,HYD/NSG,India
1438,SC,22.6287052,88.4267367,Approved,CCU/DDM,East,Kolkata,WEST BENGAL,TRUE,700080,CCU/DDM,India
3750,Hub PC,21.4985451,83.9588369,Approved,SBP/HUB,East,Sambalpur,Odisha,TRUE,768000,BAI,India
106,SC,14.4063011,79.9449139,Approved,Nellore,South-1,Nellore,ANDHRA PRADESH,TRUE,524004,NLR,India
1712,Hub,28.6788511,77.0159723,Approved,RTO/Dummy,North,Delhi NCR,DELHI,TRUE,122503,RTO/Dummy,India
153,SC,30.1709131,77.3001411,Approved,YAMUNANAGAR,North,Yamunanagar,HARYANA,TRUE,135003,YMN,India
1160,Hub,22.543665,88.4172217,Approved,CCU/IB1,East,Kolkata,WEST BENGAL,TRUE,700100,DHA,India
3141,RSC,5,5,Approved,Sinhor,West,Sinhor,GUJARAT,TRUE,364240,,India
5036,RSC,22.11143,73.0268,Approved,Kawant,West,Kawant,GUJARAT,TRUE,391170,,India
1061,SC,24.1607223,72.411012,Approved,Palanpur,West,Palanpur,GUJARAT,TRUE,385001,PLP,India
2611,RSC,24.07055,71.59608,Approved,Bhabhar,West,Banaskantha,GUJARAT,TRUE,385330,,India
2824,RSC,24.04024,72.2378744,Approved,Shihorith,West,Shihorith,GUJARAT,TRUE,385550,,India
4956,RSC,22.2733,72.9289,Approved,Bodeli,West,Bodeli,GUJARAT,TRUE,391135,,India
2393,RSC,22.353615,72.496727,Approved,Ranpur,West,RANPUR,GUJARAT,TRUE,382245,RSC/Ranpur,India
4463,RSC,24.038126,72.599904,Approved,Khedbrahma,West,KHEDBRAHMA,GUJARAT,TRUE,383255,,India
2869,RSC,24.330499,72.854011,Approved,Ambaji,West,AMBAJI,GUJARAT,TRUE,385110,,India
4263,RSC,23.4384,72.854011,Approved,Prantij,West,Prantij,GUJARAT,TRUE,383205,,India
4030,RSC,5,5,Approved,Nadiad1,West,Nadiad,GUJARAT,TRUE,387001,NA1,India
3138,RSC,23.288126,72.496727,Approved,Kadi GJ,West,Kadi GJ,GUJARAT,TRUE,382715,KGJ,India
3770,RSC,21.602474,71.219525,Approved,Amreli1,West,Amreli,GUJARAT,TRUE,365601,AM1,India
9582,SC,22.9589972,72.554065,Approved,AMD/PLJ/FM1,West,Ahmedabad,GUJARAT,TRUE,382315,Piplaj,India
1524,SC,22.9794218,72.6014559,Approved,AMD/ISP,West,Ahmedabad,GUJARAT,TRUE,382443,SCE,India
5323,RSC,5,5,Approved,Jabugam,West,Bodeli,GUJARAT,TRUE,391155,,India
5075,RSC,5,5,Approved,Vitthalapur,West,Viramgam,GUJARAT,TRUE,382130,,India
2571,RSC,5,5,Approved,Tharad,West,Ahmedabad,GUJARAT,TRUE,385575,,India
6421,RSC,22.254015,71.219525,Approved,Paliyad,West,Botad,GUJARAT,TRUE,364720,PAD,India
5988,RSC,21.619369,71.219525,Approved,Liliya,West,Amreli,GUJARAT,TRUE,364515,,India
6172,RSC,24.4048,72.2378744,Approved,Iqbalgadh,West,Iqbalgadh,GUJARAT,TRUE,385135,,India
6562,RSC,21.328118,71.219525,Approved,Bagdana,West,Bagdana,GUJARAT,TRUE,364145,,India
6228,RSC,23.0982,72.9289,Approved,Jhalod,West,JHALOD,GUJARAT,TRUE,389170,,India
6595,RSC,21.489,70.3123,Approved,Vanthali,West,Junagadh,GUJARAT,TRUE,362610,DBD,India
6749,RSC,23.3885,72.4021,Approved,Nandasan,West,Mehsana,GUJARAT,TRUE,382705,,India
6563,RSC,22.8187,72.941,Approved,Mahudha,West,Nadiad,GUJARAT,TRUE,387335,MAA,India
6652,RSC,23.7743,73.2647,Approved,Bhiloda,West,Modasa,GUJARAT,TRUE,383245,,India
6748,RSC,21.143993,71.219525,Approved,Khambha,West,Khambha,GUJARAT,TRUE,365650,KHA,India
3464,RSC,5,5,Approved,Modinagar GJ,West,ANKLESHWAR,GUJARAT,TRUE,393001,MGJ,India
6705,RSC,22.944,73.8184,Approved,Morva Hadaf,West,Morva Hadaf,GUJARAT,TRUE,389115,,India
6249,RSC,23.2418,72.493,Approved,Kalol VDR,West,Kalol,GUJARAT,TRUE,389330,KVR,India
6527,RSC,21.64,73.3606,Approved,Netrang,West,Netrang,GUJARAT,TRUE,393130,,India
4980,RSC,22.1331,72.9289,Approved,Dabhoi,West,Dabhoi,GUJARAT,TRUE,391110,,India
6245,RSC,24.506384,72.2378744,Approved,Dhanera,West,Dhanera,GUJARAT,TRUE,385310,,India
6441,RSC,23.6851,71.7771,Approved,Sami,West,Harij,GUJARAT,TRUE,384245,SAI,India
5908,RSC,23.2779,72.4417,Approved,Chhatral,West,Kalol,GUJARAT,TRUE,382729,,India
6089,SC,22.97718,72.58672,Approved,AMD/MNG-TML,West,Ahmedabad,GUJARAT,TRUE,382405,AMD/MNG-TML,India
6803,RSC,23.03698,73.54873,Approved,Kothamba,West,Lunavada,GUJARAT,TRUE,389220,KOA,India
4846,RSC,22.898206,72.599904,Approved,Bavla,West,Bavala,GUJARAT,TRUE,382220,,India
5310,RSC,22.1448955,73.5695621,Approved,Sankheda,West,Bodeli,GUJARAT,TRUE,391145,,India
2358,RSC,5,5,Approved,Patadi,West,Patadi,GUJARAT,TRUE,382765,PAI,India
7,SC,23.055193,72.5585,Approved,AMD/VDJ,West,Ahmedabad,GUJARAT,TRUE,380013,VAJ,India
6088,Terminal,23.02312,72.45969,Approved,AMD/BPL-TML,West,Ahmedabad,GUJARAT,TRUE,380058,BOL,India
5493,Terminal,22.97892,72.50882,Approved,AMD/SKJ-TML,West,Ahmedabad,GUJARAT,TRUE,380055,ATJ,India
9197,SC,21.61346669,71.23854602,Approved,AMR/NAR/LM,West,Amreli,GUJARAT,TRUE,365601,Narayan Nagar,India
4950,RSC,22.1517049,71.2053343,Approved,BarwalaGJ,West,Barwada,GUJARAT,TRUE,382450,,India
7053,RSC,22.2974,72.1179,Approved,BhadiyadGJ,West,Dhanduka,GUJARAT,TRUE,382463,,India
6750,RSC,21.6267,73.5859,Approved,Dediapada,West,Dediapada,GUJARAT,TRUE,393040,,India
4012,RSC,21.818029,71.219525,Approved,Dhola,West,Dhola,GUJARAT,TRUE,364320,,India
2965,RSC,22.54019,73.0268,Approved,Halol,West,Halol,GUJARAT,TRUE,389350,,India
2092,RSC,21.535165,71.219525,Approved,Palitana1,West,Palitana,GUJARAT,TRUE,364270,BRD,India
6594,RSC,21.425336,71.219525,Approved,Trapaj,West,TALAJA,GUJARAT,TRUE,364150,,India
5034,RSC,21.8925985,71.2053343,Approved,Vallabhipur,West,BHAVNAGAR,GUJARAT,TRUE,364310,VRD,India
1093,RSC,22.83952,69.721329,Approved,MUNDRA,West,MUNDRA,GUJARAT,TRUE,370421,RSC/MUDRA,India
6307,RSC,22.538651,72.496727,Approved,Sayla,West,Sayla GJ,GUJARAT,TRUE,363430,MRD,India
6373,RSC,23.2278,73.4416,Approved,Bharodi,West,Thasra,GUJARAT,TRUE,388260,BHI,India
4922,RSC,23.093664,72.599904,Approved,Gota,West,Ahmedabad,GUJARAT,TRUE,382470,GOA,India
2706,RSC,22.353615,72.496727,Approved,Halvad,West,Halvad,GUJARAT,TRUE,363330,SMT,India
5162,RSC,22.8256,72.9289,Approved,Mahemdavad,West,Nadiad,GUJARAT,TRUE,387130,MAD,India
2562,RSC,18.66921,74.150665,Approved,Shikrapur,West,Shikrapur,MAHARASHTRA,TRUE,412208,,India
5737,RSC,30.0379,76.7853,Approved,Pehowa,North,Pehwa,HARYANA,TRUE,136128,,India
9204,RSC,26.566684,80.234852,Approved,MDN/MDN/LM,North,Shivrajpur,UTTAR PRADESH,TRUE,209217,Mandhana,India
4276,RSC,21.627548,82.423813,Approved,Kasdol,Central,KASDOL,CHHATTISGARH,TRUE,493335,,India
1649,RSC,21.76,68.94,Approved,Siltara,Central,Siltara,CHHATTISGARH,TRUE,493111,RSC/Siltara,India
9800,RVP,28.3855,76.909639,Approved,GGN/IMT/RP1,North,Delhi NCR,DELHI,TRUE,122050,Gurgaon,India
9752,Hub PC,28.511978,77.087617,Approved,Meesho UV/FM1,North,Gurgaon,HARYANA,TRUE,122008,Gurugaon,India
9299,WH,28.43042,76.642531,Approved,RBL KOKA,North,Jhajjar,HARYANA,TRUE,124108,Koka ,India
9799,RVP,28.433343,77.079972,Approved,GGN/WZB/RP1,North,Delhi NCR,DELHI,TRUE,122003,Gurgaon,India
2808,RSC,9.826,78.2576,Approved,Thiruppuvanam,South-2,THIRUPPUVANAM,TAMIL NADU,TRUE,630561,,India
10015,SC,18.44989367,73.828758,Approved,Dummy_PNQ/TBG,West,PUNE,MAHARASHTRA,TRUE,999002,Dummy Facility,India
952,RSC,16.367497,73.965371,Approved,Gunupur,East,Gunupur,Odisha,TRUE,926900,RSC/Gunupur,India
4065,RSC,22.0217,83.1006,Approved,Kharsia,Central,Karshia,CHHATTISGARH,TRUE,496661,KHA,India
3994,RSC,27.9614,79.73962,Approved,Tilhar,North,Tilhar,UTTAR PRADESH,TRUE,242307,,India
5083,RSC,123567.212,123567.11,Approved,BrookTest,West,PUNE,MAHARASHTRA,TRUE,411014,,India
2036,RSC,23.3882,76.7163,Approved,Shujalpur,Central,Shujalpur,MADHYA PRADESH,TRUE,465331,RSC/Shujalpur,India
9717,SC,12.91530402,77.51386642,Approved,TestArea01,West,PUNE,MAHARASHTRA,TRUE,999002,Dummy,India
4075,RSC,22.510412,82.554181,Approved,Katghora,Central,Katgora,CHHATTISGARH,TRUE,495445,KAA,India
6704,RSC,17.6829162,75.3307394,Approved,Bhose K,West,Bhose,MAHARASHTRA,TRUE,413304,BKK,India
3061,RSC,24.5537,87.6581,Approved,Pakur,East,PAKUR,JHARKHAND,TRUE,904707,,India
9688,RSC,25.131726,86.698616,Approved,SUP/CHR/LM1,East,SUPAUL,BIHAR,TRUE,852137,CHHATAPUR,India
10012,SC,12.91588964,77.5135231,Approved,TestSNS,West,PUNE,MAHARASHTRA,TRUE,999002,TestSNS,India
4638,RSC,5,5,Approved,Kamathi,West,Mohol,MAHARASHTRA,TRUE,413253,,India
5623,RSC,19.918543,75.347725,Approved,Sawangi,West,CHHATRAPATI SAMBHAJINAGAR,MAHARASHTRA,TRUE,431008,SAI,India
9875,RSC,27.101354,83.27674,Approved,MRG/ANR/LM1,North,Maharajganj,UTTAR PRADESH,TRUE,273155,Anand Nagar,India
9973,RSC,25.610408,83.598546,Approved,GZP/MER/LM1,North,Ghazipur,UTTAR PRADESH,TRUE,233001,Mirdadpur,India
4304,RSC,18.1017884,82.6654062,Approved,BHEEMUNIPATNAM,South-1,BHEEMUNIPATNAM,ANDHRA PRADESH,TRUE,531162,,India
1895,RSC,18.044166,78.4262716,Approved,Medak2,South-1,Medak,TELANGANA,TRUE,502110,RSC/Medak2,India
9735,RSC,18.53592,83.917208,Approved,SKM/NVI/LM1,South-1,SARIBUJILI,ANDHRA PRADESH,TRUE,532190,Neyyala Veedhi,India
2015,RSC,13.45739,74.89291,Approved,Railway Kodur1,South-1,Railway Kodur,ANDHRA PRADESH,TRUE,516101,RSC/Railway Kodur1,India
2779,RSC,18.422279,79.554932,Approved,POCHAMPALLY,South-1,POCHAMPALLY,TELANGANA,TRUE,508284,,India
2475,RSC,20.5885,80.4104,Approved,Kurkheda,Central,Kurkhude,MAHARASHTRA,TRUE,441209,,India
10002,RSC,24.97648,81.69789,Approved,SOH/TER/LM1,Central,Sohagi,MADHYA PRADESH,TRUE,486220,Teonthar,India
3834,RSC,21.0438,83.571,Approved,Dunguripali,East,Dunguripali,Odisha,TRUE,767023,,India
6785,Terminal,13.924675,75.5726582,Approved,SMG/KRP-TML,South-2,SHIVAMOGGA,KARNATAKA,TRUE,577202,SMG/KRP-TML,India
4299,RSC,14.1966,76.31011,Approved,Sirigere,South-2,Sirigere,KARNATAKA,TRUE,577520,,India
5287,RSC,14.15222222,75.71361111,Approved,Sasvehalli,South-2,Honnalli,KARNATAKA,TRUE,577224,,India
1185,RSC,25.27,77,Approved,Hosadurga,South-2,Hosadurga,KARNATAKA,TRUE,577527,RSC/Hosadurga,India
5977,RSC,14.0394959,75.970412,Approved,Honnainakanahalli,South-2,Channagiri,KARNATAKA,TRUE,577213,,India
511,RSC,12.9856503,77.6056927,Approved,Haveri,South-2,Haveri,KARNATAKA,TRUE,581110,RSC/Haveri,India
1588,RSC,21.76,71.67,Approved,Harapanahalli,South-2,Harapanahalli,KARNATAKA,TRUE,583131,RSC/Harapanahalli,India
6943,RSC,14.382543,75.24449,Approved,Bharmasagara,South-2,CHITRADURGA,KARNATAKA,TRUE,577519,,India
6794,RSC,13.327142,75.763177,Approved,Basarikatte,South-2,Basarikatte,KARNATAKA,TRUE,577123,,India
1944,RSC,14.40579,75.29335,Approved,Byadagi,South-2,Byadagi,KARNATAKA,TRUE,581106,RSC/Byadagi,India
3713,RSC,13.537384,75.369452,Approved,Koppa City,South-2,KOPPA,KARNATAKA,TRUE,577127,,India
3399,RSC,14.7718,75.1253,Approved,Hangal,South-2,Ishwaramangala,KARNATAKA,TRUE,581102,,India
5088,RSC,14.022522,75.928534,Approved,Channagiri2,South-2,Channagiri,KARNATAKA,TRUE,577213,,India
6382,RSC,14.038013,75.683548,Approved,HOLALUR,South-2,SHIVAMOGGA,KARNATAKA,TRUE,577416,,India
3991,RSC,5,5,Approved,Pokhardi,West,AHILYANAGAR,MAHARASHTRA,TRUE,414601,POI,India
3990,RSC,5,5,Approved,Chincholepatil,West,AHILYANAGAR,MAHARASHTRA,TRUE,414201,CHL,India
4959,RSC,18.95946,74.53497,Approved,Supa,West,AHILYANAGAR,MAHARASHTRA,TRUE,414301,SUA,India
9521,RSC,18.997436,74.436697,Approved,SHR/PAR/LM1,West,Shirur,MAHARASHTRA,TRUE,414302,Parner,India
1025,SC,19.876005,75.321297,Approved,AUR/BYP,West,CHHATRAPATI SAMBHAJINAGAR,MAHARASHTRA,TRUE,431033,AUR/BYP,India
2615,RSC,5,5,Approved,Phulambri,West,CHHATRAPATI SAMBHAJINAGAR,MAHARASHTRA,TRUE,431111,PHI,India
4863,RSC,19.87109722,75.35995556,Approved,AUR/CIDCO,West,CHHATRAPATI SAMBHAJINAGAR,MAHARASHTRA,TRUE,431001,AUO,India
5312,RSC,19.8588073,75.3059559,Approved,Bidkin,West,CHHATRAPATI SAMBHAJINAGAR,MAHARASHTRA,TRUE,431005,BIN,India
5101,RSC,5,5,Approved,AUR/SA-USR,West,CHHATRAPATI SAMBHAJINAGAR,MAHARASHTRA,TRUE,431005,AUR,India
9638,SC,19.8249402,75.2518488,Approved,AUR/WLJ/LM1,West,WALUJ,MAHARASHTRA,TRUE,431136,Waluj,India
1530,Hub PC,28.383367,76.709435,Approved,DEL/LH1,North,Delhi NCR,DELHI,TRUE,110037,Luhari,India
2971,RSC,17.9104,77.5199,Approved,Bidar2,South-2,Bidar,KARNATAKA,TRUE,585401,,India
3152,RSC,17.1784,77.2873,Approved,Sedam,South-2,SEDAM,KARNATAKA,TRUE,585222,,India
2640,RSC,17.9104,77.5199,Approved,Bidar1,South-2,Bidar,KARNATAKA,TRUE,585401,,India
556,SC,17.26157467,78.3787806,Approved,Shamshabad,South-1,Shamshabad,TELANGANA,TRUE,501218,SSB,India
6467,SC,30.5727,79.3011,Approved,HYD/Dummy-TEST PRODUCTION,South-1,Hyderabad,TELANGANA,TRUE,787878,HYD/Dummy-TEST PRODUCTION,India
9356,RSC,17.518283,79.734282,Approved,MDB/DTL/LM1,South-1,MARIPEDA BANGLA,TELANGANA,TRUE,506324,Danthalapally,India
6668,SC,17.58657,78.568768,Approved,SHAMIRPET-TML,South-1,shamirpet,TELANGANA,TRUE,500078,SHPT,India
9256,RVP,17.440887,78.364106,Approved,HYD/GCB/RP,South-1,Hyderabad,TELANGANA,TRUE,500081,Gachibowli,India
9605,Terminal,17.345852,78.418271,Approved,HYD/MPT/RP,South-1,Hyderabad,TELANGANA,TRUE,500030,Attapur,India
2634,SC,17.83963,78.477702,Approved,TOOPRAN,South-1,TOOPRAN,TELANGANA,TRUE,502334,,India
113,Hub,49.79148067,51.87135179,Approved,HYD/HUB,South-1,Hyderabad,TELANGANA,TRUE,510000,MUD,India
3360,RSC,16.393264,78.635478,Approved,ACHAMPET,South-1,ACHAMPETA,TELANGANA,TRUE,509325,Achamper,India
2894,RSC,17.788686,79.032586,Approved,BACHANNAPET,South-1,BACHANNAPET,TELANGANA,TRUE,506221,,India
3011,RSC,17.9125663,78.982454,Approved,CHERIYAL,South-1,CHERIYAL,TELANGANA,TRUE,506223,,India
2509,RSC,17.3244163,80.4369983,Approved,ENKOOR,South-1,Enkoor,TELANGANA,TRUE,507166,,India
919,RSC,16.7751461,78.1259365,Approved,Jadcherla,South-1,Jadcherla,TELANGANA,TRUE,509301,RSC/Jadcherla,India
2896,RSC,0.01,0.001,Approved,NAGARKURNOOL,South-1,NAGARKURNOOL,TELANGANA,TRUE,509209,,India
3132,RSC,0.01,0.001,Approved,NARAYANKHED,South-1,NARAYANKHED,TELANGANA,TRUE,502286,,India
3384,RSC,0.01,0.001,Approved,NEREDCHERLA,South-1,NEREDCHERLA,TELANGANA,TRUE,508218,,India
3115,RSC,0.01,0.001,Approved,PEBBAIR,South-1,PEBBAIR,TELANGANA,TRUE,509104,,India
495,RSC,16.2083763,77.3599481,Approved,Raichur,South-2,Raichur,KARNATAKA,TRUE,584101,RSC/Raichur,India
2926,RSC,0.01,0.001,Approved,SAIDAPUR TG,South-1,SAIDAPUR TG,TELANGANA,TRUE,505472,,India
2650,RSC,0.01,0.001,Approved,SHAMIRPET,South-1,shamirpet,TELANGANA,TRUE,500078,,India
1368,RSC,21.76,68.94,Approved,Suryapet1,South-1,Suryapet,TELANGANA,TRUE,508212,RSC/Suryapet1,India
2539,RSC,17.1946519,80.3601915,Approved,TALLADA,South-1,TALLADA,TELANGANA,TRUE,507167,,India
9339,RSC,17.561348,79.581941,Approved,THR/PDV/LM1,South-1,THORRUR,TELANGANA,TRUE,506317,Peddavangara,India
2471,RSC,17.59210792,80.32036599,Approved,YELLANDU,South-1,YELLANDU,TELANGANA,TRUE,507123,,India
1983,RSC,17.5320057,78.3963303,Approved,HYD/SAN,South-1,Hyderabad,TELANGANA,TRUE,500090,HYD/SAN,India
684,Hub,17.441169,78.469874,Approved,HYD/JD1,South-1,Hyderabad,TELANGANA,TRUE,500016,HYD/JD1,India
6227,RSC,17.737941,78.6384157,Approved,WARGAL,South-1,Gajwel,TELANGANA,TRUE,502279,,India
3899,RSC,0.01,0.001,Approved,TEKMAL,South-1,TEKMAL,TELANGANA,TRUE,502303,,India
3688,RSC,18.40919315,78.2724526,Approved,SADASHIVA NAGAR,South-1,SADASHIV NAGAR,TELANGANA,TRUE,503145,,India
1299,RSC,17.2610886,78.5809492,Approved,RSC/Turkayamjal,South-1,Turkayamjal,TELANGANA,TRUE,501510,RSC/Turkayamjal,India
6304,RSC,18.237917,79.77149,Approved,REGONDA,South-1,Parkal,TELANGANA,TRUE,506348,,India
1262,RSC,21.27,71.9,Approved,Ramayanpet,South-1,Ramayanpet,TELANGANA,TRUE,502248,RSC/Ramayanpet,India
3116,RSC,0.01,0.001,Approved,RAGHUNATHPALLY,South-1,RAGHUNATHPALLY,TELANGANA,TRUE,506244,,India
3331,RSC,0.01,0.001,Approved,PEDDEMUL,South-1,PEDDEMUL,TELANGANA,TRUE,501142,,India
3328,RSC,0.01,0.001,Approved,KADTHAL,South-1,KADTHAL,TELANGANA,TRUE,509321,,India
2481,RSC,18.6658502,78.1038101,Approved,HALIYA,South-1,HALIYA,TELANGANA,TRUE,508377,,India
3248,RSC,17.3877994,79.8852727,Approved,MARIPEDA BANGLA,South-1,MARIPEDA BANGLA,TELANGANA,TRUE,506315,,India
2765,RSC,0.01,0.001,Approved,DEVARKADRA,South-1,DEVARKADRA,TELANGANA,TRUE,509204,,India
6681,RSC,17.972763,78.458185,Approved,CHEGUNTA,South-1,Medak,TELANGANA,TRUE,502255,,India
2960,RSC,0.01,0.001,Approved,BURGHAMPAHAD,South-1,BURGHAMPAHAD,TELANGANA,TRUE,507114,,India
3046,RSC,0.01,0.001,Approved,BUDERA,South-1,budera,TELANGANA,TRUE,502291,,India
1684,RSC,16.7152966,78.9773464,Approved,Mallepally,South-1,MALLEPALLY,TELANGANA,TRUE,508243,RSC/Mallepally,India
3340,RSC,0.01,0.001,Approved,MAHESWARAM,South-1,MAHESWARAM,TELANGANA,TRUE,500005,,India
2820,RSC,0.01,0.001,Approved,BIBINAGAR,South-1,BIBINAGAR,TELANGANA,TRUE,508126,,India
1462,RSC,17.59915232,79.99434818,Approved,Mahabubabad1,South-1,Mahabubabad,TELANGANA,TRUE,506101,RSC/Mahabubabad1,India
1990,RSC,17.1821573,79.2548228,Approved,Aswaraopeta,South-1,ASWARAOPETA,TELANGANA,TRUE,507301,RSC/Aswaraopeta,India
6183,RSC,17.6446992,79.0473564,Approved,ALAIR,South-1,Bhongir,TELANGANA,TRUE,508101,,India
6328,RSC,18.158444,78.899347,Approved,MACHAPUR,South-1,Siddipet,TELANGANA,TRUE,502276,,India
3798,RSC,17.25554279,79.95532807,Approved,KUSUMANCHI,South-1,KUSUMANCHI,TELANGANA,TRUE,507159,,India
2547,RSC,0.01,0.001,Approved,KOTHAKOTA,South-1,KOTHAKOTA,TELANGANA,TRUE,509103,,India
4983,RSC,17.2384299,78.7111716,Approved,KMM/SA-MDG,South-1,Khammam,TELANGANA,TRUE,507160,,India
5050,SC,17.3916498,78.4124191,Approved,RVP/HYDNSG,South-1,Hyderabad,TELANGANA,TRUE,500031,RVP/HYDNSG,India
5780,SC,17.48879,78.4489,Approved,RVP/HYDCTL,South-1,Hyderabad,TELANGANA,TRUE,500054,RVP/HYDCTL,India
5783,SC,17.33026,78.6142,Approved,RVP/HYDHAT,South-1,Hyderabad,TELANGANA,TRUE,501505,RVP/HYDHAT,India
5786,SC,17.439432,78.556708,Approved,RVP/HYDSEC,South-1,Hyderabad,TELANGANA,TRUE,500076,RVP/HYDSEC,India
5017,SC,17.5,78.45,Approved,RVP/HYDJDM,South-1,Hyderabad,TELANGANA,TRUE,500055,RVP/HYDJDM,India
6343,SC,17.43281,78.436287,Approved,HYD/YOU-ICT,South-1,Hyderabad,TELANGANA,TRUE,500073,HYD/YOU-ICT,India
5785,SC,17.499193,78.403763,Approved,RVP/HYDKUK,South-1,Hyderabad,TELANGANA,TRUE,500072,RVP/HYDKUK,India
6345,SC,17.393617,78.365479,Approved,HYD/SPT-ICT,South-1,Hyderabad,TELANGANA,TRUE,500089,HYD/SPT-ICT,India
6346,SC,17.504772,78.573061,Approved,HYD/YAP-ICT,South-1,Hyderabad,TELANGANA,TRUE,500087,HYD/YAP-ICT,India
5784,SC,17.504736,78.573051,Approved,RVP/HYDYAP,South-1,Hyderabad,TELANGANA,TRUE,500087,RVP/HYDYAP,India
5362,SC,17.504644,78.57308,Approved,HYD/YAP-EHV,South-1,Hyderabad,TELANGANA,TRUE,500094,HYD/YAP-EHV,India
5016,SC,17.48,78.53,Approved,RVP/HYDSNK,South-1,Hyderabad,TELANGANA,TRUE,500056,RVP/HYDSNK,India
557,SC,17.6317398,78.483686,Approved,Medchal,South-1,Medchal,TELANGANA,TRUE,501401,MDC,India
745,SC,17.07123,78.204888,Approved,Shadnagar,South-1,SHADNAGAR,TELANGANA,TRUE,509216,RSC/Shadnagar,India
1812,SC,21.76,71.67,Approved,P2P/HYD,South-1,Hyderabad,TELANGANA,TRUE,500014,P2P/HYD,India
3642,SC,17.38,78.48,Approved,RVP/MPT,South-1,Hyderabad,TELANGANA,TRUE,500028,RVP/MPT,India
3644,SC,17.38,78.48,Approved,RVP/ NLK,South-1,Hyderabad,TELANGANA,TRUE,500013,RVP/ NLK,India
6344,SC,17.439303,78.556736,Approved,HYD/NAC-ICT,South-1,Hyderabad,TELANGANA,TRUE,500076,HYD/NAC-ICT,India
3110,Hub,17.38,78.48,Approved,HYD/LH1,South-1,Hyderabad,TELANGANA,TRUE,510000,MUD,India
5782,SC,17.393553,78.365479,Approved,RVP/HYDSPT,South-1,Hyderabad,TELANGANA,TRUE,500089,RVP/HYDSPT,India
752,SC,17.506005,78.884274,Approved,Bhongir,South-1,Bhongir,TELANGANA,TRUE,508116,RSC/Bhongir,India
9589,SC,18.13954,79.209965,Approved,HSB/HSB/LM1,South-1,Siddipet,TELANGANA,TRUE,505467,Husnabad,India
9614,SC,17.690889,79.897417,Approved,KDM/KDM/LM1,South-1,DORNAKAL,TELANGANA,TRUE,506112,Kesamudram ,India
9169,SC,18.33682,78.3331023,Approved,KMR/KMRD/LM,South-1,Kamareddy,TELANGANA,TRUE,503111,Panchamukahanuman Colony,India
9588,SC,17.221747,79.957694,Approved,KSH/KSH/LM1,South-1,Khammam,TELANGANA,TRUE,507159,Kusumanchi,India
9240,SC,17.599136,79.639087,Approved,TRR/VKT/LM1,South-1,THORRUR,TELANGANA,TRUE,506163,THORRUR,India
9680,SC,17.764353,79.578597,Approved,WRP/WRP/LM1,South-1,WARDHANNAPET,TELANGANA,TRUE,506313,wardhannapet,India
9570,RVP,17.3875122,78.3538907,Approved,HYD/NSG/RP,South-1,Hyderabad,TELANGANA,TRUE,500075,Narsingi,India
5238,Terminal,17.4158559,78.5758975,Approved,HYD/UPL-TML,South-1,Hyderabad,TELANGANA,TRUE,500092,HYD/UPL-TML,India
5913,SC,17.455802,78.388655,Approved,HYD/MDP-TML,South-1,Hyderabad,TELANGANA,TRUE,500081,HYD/MDP-TML,India
6022,Terminal,17.405979,78.512912,Approved,HYD/MSD-TML,South-1,Hyderabad,TELANGANA,TRUE,500044,HYD/MSD-TML,India
5899,SC,17.454627,78.402238,Approved,HYD/BRB-TML,South-1,Hyderabad,TELANGANA,TRUE,500018,HYD/BRB-TML,India
6466,SC,17.4178085,78.5122114,Approved,HYD/WAR-TML,South-1,Hyderabad,TELANGANA,TRUE,500061,HYD/WAR-TML,India
6515,Terminal,17.4081245,78.4049127,Approved,HYD/JBH-TML,South-1,Hyderabad,TELANGANA,TRUE,500008,HYD/JBH-TML,India
365,SC,17.441645,78.3655338,Approved,HYD/KDP,South-1,Hyderabad,TELANGANA,TRUE,500084,HYD/KDP,India
685,SC,17.4030194,78.5100739,Approved,HYD/RD1,South-1,Hyderabad,TELANGANA,TRUE,500044,HYD/RD1,India
686,SC,17.48659,78.39353,Approved,HYD/KU1,South-1,Hyderabad,TELANGANA,TRUE,500018,HYD/KU1,India
687,SC,17.391911,78.429008,Approved,HYD/MP1,South-1,Hyderabad,TELANGANA,TRUE,500264,HYD/MP1,India
1500,SC,21.76,71.67,Approved,HYD/MDP1,South-1,Hyderabad,TELANGANA,TRUE,500018,HYD/MDP1,India
2369,SC,17.38,78.48,Approved,HYD/SAM,South-1,Medchal,TELANGANA,TRUE,501401,HYD/SAM,India
2430,RSC,0.01,0.001,Approved,HYD/SHB,South-1,Shamshabad,TELANGANA,TRUE,501218,,India
4218,RSC,0.01,0.001,Approved,HYD/SAR,South-1,Hyderabad,TELANGANA,TRUE,500044,,India
4236,RSC,17.4774728,78.3499822,Approved,HYD/SAG,South-1,Hyderabad,TELANGANA,TRUE,500032,,India
4237,RSC,17.408626,78.3403449,Approved,HYD/SAK,South-1,Hyderabad,TELANGANA,TRUE,500084,,India
4350,RSC,17.5166347,78.2880157,Approved,HYD/SAB,South-1,Hyderabad,TELANGANA,TRUE,502032,,India
4441,SC,17.47,78.51,Approved,HYD/BWN-TML,South-1,Hyderabad,TELANGANA,TRUE,500015,HYD/BWN - T6,India
4464,RSC,17.4836808,78.3741292,Approved,HYD/SAH,South-1,Hyderabad,TELANGANA,TRUE,500085,,India
4466,RSC,17.5024159,78.4948122,Approved,HYD/SAA,South-1,Hyderabad,TELANGANA,TRUE,500010,,India
4478,SC,17.49,78.43,Approved,HYD/CTL - TML,South-1,Hyderabad,TELANGANA,TRUE,500037,HYD/CTL - TML,India
4517,SC,17.45,78.53,Approved,HYD/ADB-TML,South-1,Hyderabad,TELANGANA,TRUE,500047,HYD/ADB - TML,India
4519,SC,17.36,78.53,Approved,HYD/DIL-TML,South-1,Hyderabad,TELANGANA,TRUE,500060,HYD/DIL-TML,India
4710,RSC,17.4118148,78.3917374,Approved,HYD/SAJ,South-1,Hyderabad,TELANGANA,TRUE,500008,,India
4711,RSC,17.3438845,78.4478791,Approved,ARAMGHAR,South-1,Hyderabad,TELANGANA,TRUE,500052,,India
4755,SC,17.5,78.44,Approved,HYD/CNTL-TML,South-1,Hyderabad,TELANGANA,TRUE,500054,HYD/CNTL-TML,India
4767,RSC,17.3686883,78.5756604,Approved,HYD/SAL,South-1,Hyderabad,TELANGANA,TRUE,500068,,India
4896,RSC,17.54532,78.4898708,Approved,HYD/SAP,South-1,Hyderabad,TELANGANA,TRUE,500100,,India
5146,SC,17.456027,78.509722,Approved,HYD/WMP-TML,South-1,Hyderabad,TELANGANA,TRUE,500026,HYD / WMP - TML,India
5553,RSC,17.4551177,78.387004,Approved,HYD/SAV,South-1,Hyderabad,TELANGANA,TRUE,500081,,India
5612,SC,17.2808723,78.472485,Approved,HYD/CHA,South-1,Hyderabad,TELANGANA,TRUE,500005,HYD/CHA,India
5902,SC,17.532051,78.396222,Approved,HYD/NZP-TML,South-1,Hyderabad,TELANGANA,TRUE,500090,HYD/NZP-TML,India
6055,SC,17.429222,78.433243,Approved,HYD/BJH-TML,South-1,Hyderabad,TELANGANA,TRUE,500073,HYD/BJH-TML,India
6096,SC,17.483952,78.377143,Approved,HYD/SAH-TML,South-1,Hyderabad,TELANGANA,TRUE,500085,HYD/SAH-TML,India
6122,SC,17.518974,78.494499,Approved,HYD/SAA-TML,South-1,Hyderabad,TELANGANA,TRUE,500010,HYD/SAA-TML,India
6234,Terminal,17.27495,78.334,Approved,HYD/MOU-TML,South-1,Hyderabad,TELANGANA,TRUE,500040,HYD/MOU-TML,India
1501,RSC,17.455894,78.4033046,Approved,HYD/SA1,South-1,Hyderabad,TELANGANA,TRUE,500018,HYD/SA1,India
4362,SC,17.63,78.49,Approved,MEDCHAL-TG,South-1,Medchal,TELANGANA,TRUE,501401,MDTG,India
4550,SC,17.39,78.41,Approved,HYD/TCK-TML,South-1,Hyderabad,TELANGANA,TRUE,500008,HYD/TCK-TML,India
5401,SC,17.4470971,78.4475209,Approved,HYD/SRN-TML,South-1,Hyderabad,TELANGANA,TRUE,500038,HYD/SRN-TML,India
5995,SC,17.514999,78.285892,Approved,HYD/BRG-TML,South-1,Hyderabad,TELANGANA,TRUE,502032,HYD/BRG-TML,India
6673,SC,17.3593869,78.5178545,Approved,HYD/SAI,South-1,Hyderabad,TELANGANA,TRUE,500059,HYD/SAI,India
6656,SC,17.42833,78.435402,Approved,HYD/BAN-TML,South-1,Hyderabad,TELANGANA,TRUE,500034,HYD/BAN-TML,India
9288,Terminal,17.515441,78.4253535,Approved,HYD/JDM/RP,South-1,Hyderabad,TELANGANA,TRUE,500055,RVP/HYDJDM,India
9289,Terminal,17.3509955,78.5630129,Approved,HYD/LBN/RP,South-1,Hyderabad,TELANGANA,TRUE,500068,RVP/HYDLBN,India
9290,Terminal,17.5101414,78.5143852,Approved,HYD/BWN/RP,South-1,Hyderabad,TELANGANA,TRUE,500010,RVP/HYDBWN,India
9296,Terminal,17.4221667,78.5843889,Approved,HYD/SEC/RP,South-1,Hyderabad,TELANGANA,TRUE,500092,RVP/HYDSEC-TML,India
9298,Terminal,17.3711024,78.4964634,Approved,HYD/OLD/RP,South-1,Hyderabad,TELANGANA,TRUE,500024,HYD/OLD,India
9609,Terminal,17.48437,78.53735,Approved,HYD/ECL/RP,South-1,Hyderabad,TELANGANA,TRUE,500094,Sainikpuri,India
9795,SC,17.51083,78.49692,Approved,SEC/ALW/HV1,South-1,Hyderabad,TELANGANA,TRUE,500010,Alwal,India
6630,Terminal,17.5723318,78.4259658,Approved,Dundigal-TML,South-1,Medchal,TELANGANA,TRUE,500043,DINX,India
796,RSC,14.8529066,74.120288,Approved,Karwar,South-2,Kampli,KARNATAKA,TRUE,581301,RSC/Karwar,India
794,RSC,16.367497,76.641358,Approved,Gajendragad,South-2,Gajendragad,KARNATAKA,TRUE,582114,RSC/Gajendragad,India
2014,RSC,15.573419,76.422738,Approved,Kankgiri,South-2,Kanakgiri,KARNATAKA,TRUE,583283,RSC/Kankgiri,India
4597,RSC,15.5264,75.3552,Approved,Navalgund,South-2,Dharwad,KARNATAKA,TRUE,582208,,India
5179,RSC,14.9914,75.2217,Approved,Shiggaon,South-2,Haveri,KARNATAKA,TRUE,581205,,India
7078,RSC,14.9164,75.2663,Approved,BANKAPUR,South-2,Haveri,KARNATAKA,TRUE,581202,,India
1525,RSC,21.76,71.67,Approved,Koppal1,South-2,Koppal,KARNATAKA,TRUE,583231,RSC/Koppal1,India
9557,RSC,15.871674,76.044556,Approved,HMS/HMS/LM1,South-2,ILKAL,KARNATAKA,TRUE,583281,Near Banashankari temple,India
4274,RSC,15.1797,74.9695,Approved,Kalghatgi,South-2,Kalghatgi,KARNATAKA,TRUE,581204,,India
1950,RSC,15.438858,76.532507,Approved,Gangavathi2,South-2,GANGAVATHI,KARNATAKA,TRUE,583227,RSC/Gangavathi2,India
1992,RSC,15.404045,76.60074,Approved,Kampli1,South-2,Kampli,KARNATAKA,TRUE,581301,RSC/Kampli1,India
6341,RSC,15.3422,75.1151,Approved,HUBLI/SUB URB,South-2,Hubli,KARNATAKA,TRUE,580030,,India
6070,SC,17.683175,77.610671,Approved,Zaheerabad-TML,South-1,Zaheerabad,TELANGANA,TRUE,502220,ZZHH,India
4246,RSC,15.480411,77.389291,Approved,ASPARI,South-1,ASPARI,ANDHRA PRADESH,TRUE,518395,,India
2691,RSC,17.0114,76.7769,Approved,Jewargi,South-2,JEWARGI,KARNATAKA,TRUE,585310,,India
2976,RSC,0.01,0.001,Approved,ORVAKAL,South-1,ORVAKAL,ANDHRA PRADESH,TRUE,518010,,India
9419,RSC,17.355818,77.154666,Approved,KLB/KLB/LM1,South-2,Kalaburagi,KARNATAKA,TRUE,585312,Bus-stand ,India
3682,RSC,17.725681,77.369615,Approved,Mannaekhelli,South-2,MANNAEKHELLI,KARNATAKA,TRUE,585227,,India
4596,RSC,15.959165,76.65463,Approved,Maski,South-2,Lingasugur,KARNATAKA,TRUE,584124,,India
6141,RSC,18.251849,77.421045,Approved,Santhpaur,South-2,Bidar,KARNATAKA,TRUE,585421,,India
768,RSC,16.665598,76.715249,Approved,Shahapur,South-2,Shahapur,KARNATAKA,TRUE,585287,RSC/Shahapur,India
2903,RSC,0.01,0.001,Approved,VELDURTHI,South-1,VELDURTHI,ANDHRA PRADESH,TRUE,518216,,India
1825,RSC,21.76,71.67,Approved,Shanthinagar1,South-1,SHANTHINAGAR,ANDHRA PRADESH,TRUE,509126,RSC/Shanthinagar1,India
6867,RSC,17.17937264,75.951696,Approved,INDI,South-2,Bijapur,KARNATAKA,TRUE,586209,,India
3201,RSC,16.5878,77.068,Approved,Wadgera,South-2,WADGERA  KA,KARNATAKA,TRUE,585355,,India
6253,RSC,16.174163,77.028298,Approved,SIRWAR,South-2,Raichur,KARNATAKA,TRUE,584113,,India
2079,RSC,16.9173,76.2334,Approved,Sindagi,South-2,SINDAGI,KARNATAKA,TRUE,586128,RSC/Sindagi,India
6884,RSC,17.7248,76.9369,Approved,MUDBI,South-2,Bidar,KARNATAKA,TRUE,585327,,India
2465,RSC,0.01,0.001,Approved,PANCHALINGALA,South-1,PANCHALINGALA,ANDHRA PRADESH,TRUE,518004,,India
3198,RSC,0.01,0.001,Approved,OWK AP,South-1,OWK AP,ANDHRA PRADESH,TRUE,518122,,India
6429,RSC,18.04825,76.97736,Approved,HULSOOR,South-2,HUMNABAD,KARNATAKA,TRUE,585418,,India
7006,RSC,15.6824077,77.767652,Approved,GONEGANDLA,South-1,KODUMURU,ANDHRA PRADESH,TRUE,518464,,India
5723,RSC,15.4025338,78.6142857,Approved,GAJULAPALLI1,South-1,KURNOOL,ANDHRA PRADESH,TRUE,518583,,India
1681,RSC,21.76,68.94,Approved,Devadurga,South-2,DEVADURGA,KARNATAKA,TRUE,584111,RSC/Devadurga,India
6736,RSC,15.9167146,78.0192173,Approved,MANOPAD,South-1,KURNOOL,ANDHRA PRADESH,TRUE,509128,,India
799,RSC,14.550632,76.641358,Approved,Manvi,South-2,Manvi,KARNATAKA,TRUE,584123,RSC/Manvi,India
6553,RSC,17.61257,77.21764,Approved,Ainapur,South-2,Kalaburagi,KARNATAKA,TRUE,585306,,India
6868,RSC,17.1292196,76.21279432,Approved,Afzalpur,South-2,Kalaburagi,KARNATAKA,TRUE,585301,,India
9181,SC,17.573846,76.560564,Approved,ALD/ALD/LM,South-2,Aland,KARNATAKA,TRUE,585302,ALAND,India
6624,RSC,16.8669288,77.3912863,Approved,Gurmitkal,South-2,Yadgir,KARNATAKA,TRUE,585214,,India
604,RSC,15.7702099,76.7560495,Approved,Sirguppa,South-2,Sirguppa,KARNATAKA,TRUE,583121,RSC/Sirguppa,India
828,RSC,16.155,76.5199,Approved,Lingasugur,South-2,Lingasugur,KARNATAKA,TRUE,584122,RSC/Lingasugur,India
5684,SC,11.197084,76.226227,Approved,MJE/WDR- TML,South-2,Manjery,KERALA,TRUE,679328,MJE/WDR- TML,India
3562,RSC,11.6262,75.6743,Approved,Ayanchery,South-2,AYANCHERY,KERALA,TRUE,673542,,India
4811,RSC,12.3311,75.0915,Approved,KER/SA-Kanhangad,South-2,Kasargode,KERALA,TRUE,671531,,India
9281,RSC,9.5012334,76.5393347,Approved,KSR/MGP/LM1,South-2,Kasargode,KERALA,TRUE,671324,MANGALPADY,India
4510,RSC,11.6543,75.7535,Approved,Kuttiady,South-2,Kuttiady,KERALA,TRUE,673508,,India
3972,RSC,11.4146,75.9363,Approved,Thamarassery,South-2,Thamarassery,KERALA,TRUE,673585,,India
9693,RSC,12.16301252,75.17952747,Approved,KNR/TRR/LM1,South-2,Kannur,KERALA,TRUE,671310,TRIKKARIPUR,India
6622,RSC,11.74645,75.6614,Approved,RSC/Chekkiad,South-2,Vadakara,KERALA,TRUE,673509,,India
6599,RSC,11.609056,75.604904,Approved,Puthur,South-2,Vadakara,KERALA,TRUE,673542,,India
5478,RSC,11.909181,75.42328,Approved,PURATHEEL,South-2,Kannur,KERALA,TRUE,670591,,India
6259,RSC,12.266667,75.356667,Approved,PERINGOME,South-2,Kannur,KERALA,TRUE,670511,,India
6371,RSC,12.12505556,75.47555556,Approved,PAYYAVOOR,South-2,Kannur,KERALA,TRUE,670632,,India
4402,RSC,11.9293,75.5735,Approved,Mattannur,South-2,Mattannur,KERALA,TRUE,670702,,India
6034,RSC,11.844667,75.637167,Approved,MANANTHERI,South-2,Kannur,KERALA,TRUE,670741,,India
4255,RSC,11.5586,75.647,Approved,Kurunthodi,South-2,KURUNTHODI,KERALA,TRUE,673541,,India
6828,RSC,11.8839376,75.35032203,Approved,CHERUPUZHA1,South-2,CHERUPUZHA,KERALA,TRUE,670353,,India
9420,RSC,17.2499394,75.7990205,Approved,BDJ/KKT/LM1,South-2,Vadakara,KERALA,TRUE,673508,KUTTIYADI,India
9255,RSC,11.282505,76.235862,Approved,NIL/CDK/LM,South-2,NILAMBUR,KERALA,TRUE,679329,Nilambur,India
9533,RSC,11.693344,75.7052,Approved,VDK/NAP/LM1,South-2,Vadakara,KERALA,TRUE,673506,KAIVELI ROAD,India
2378,RSC,11.292389,75.825444,Approved,VELLIMADUKUNNU,South-2,VELLIMADUKUNNU,KERALA,TRUE,673571,RSC/VELLIMADUKUNNU,India
4512,RSC,11.451392,75.747849,Approved,Ulliyeri,South-2,Ulliyeri,KERALA,TRUE,673323,,India
6607,RSC,11.70439732,75.62433,Approved,Tuneri,South-2,NADAPURAM,KERALA,TRUE,673505,,India
5095,RSC,11.81517,75.99349,Approved,Thalappuzha,South-2,MANANTHAVADY,KERALA,TRUE,670645,,India
2275,RSC,11.98934,75.274322,Approved,Puthyangadi,South-2,Kannur,KERALA,TRUE,670325,RSC/Puthyangadi,India
5549,Terminal,12.1547864,75.1554199,Approved,PNR/TKP-TML,South-2,Kannur,KERALA,TRUE,671310,PNR/TKP-TML,India
4782,Terminal,12.23,75.19,Approved,Pilicode-TML,South-2,Kannur,KERALA,TRUE,671310,KPLI,India
4053,RSC,11.489623,76.342913,Approved,Pandalur,South-2,PANDALUR,TAMIL NADU,TRUE,643253,,India
6721,RSC,11.678625,75.967533,Approved,PADINJARATHARA,South-2,KALPETTA,KERALA,TRUE,673121,,India
4266,RSC,12.21328156,75.134622,Approved,Padanna,South-2,PADANNA,KERALA,TRUE,671312,,India
7007,RSC,11.316347,75.87056,Approved,Kunnamankalam,South-2,KOZHIKODE,KERALA,TRUE,673570,,India
1943,RSC,11.1663,75.9648,Approved,Kondotty,South-2,Kondotty,KERALA,TRUE,676503,RSC/Kondotty,India
4364,RSC,11.3349636,75.772037,Approved,Kakkodi,South-2,Kakkodi,KERALA,TRUE,673611,,India
6601,RSC,11.99393721,75.36808858,Approved,Bakkalam,South-2,Kannur,KERALA,TRUE,670562,,India
4064,RSC,11.4323,76.0073,Approved,KOLICHERRY,South-2,KOLICHERY,KERALA,TRUE,670701,,India
6370,RSC,11.55912,76.03828,Approved,VYTHIRI,South-2,KALPETTA,KERALA,TRUE,673576,,India
2280,RSC,11.049603,75.988984,Approved,VENGARA,South-2,Kannur,KERALA,TRUE,676519,RSC/VENGARA,India
6960,RSC,12.0478711,75.25919,Approved,VAYALAPRA,South-2,Kannur,KERALA,TRUE,670501,,India
4166,RSC,10.932531,76.000411,Approved,Puthanathani,South-2,PUTHANATHANI,KERALA,TRUE,676510,,India
4316,RSC,11.6887884,75.542073,Approved,Mahe,South-2,Mahe,KERALA,TRUE,673311,,India
2910,RSC,11.663943,76.255407,Approved,BATHERY,South-2,bathery,KERALA,TRUE,673592,,India
2836,RSC,12.25536178,75.138096,Approved,PARAPPA,South-2,PARAPPA,KERALA,TRUE,671314,,India
3787,RSC,12.46321857,75.215881,Approved,Rajapuram,South-2,RAJAPURAM,KERALA,TRUE,671541,,India
474,SC,11.5982233,75.59028,Approved,Vadakara,South-2,Vadakara,KERALA,TRUE,673106,VDK,India
6769,RSC,11.9397119,75.40956638,Approved,Kannadiparamba,South-2,Taliparamba,KERALA,TRUE,670604,,India
6597,RSC,11.6882232,75.57005,Approved,Padannakkara,South-2,Kannur,KERALA,TRUE,673316,,India
1902,RSC,21.76,71.67,Approved,Mukkam1,South-2,MUKKAM,KERALA,TRUE,673601,RSC/Mukkam1,India
6690,RSC,11.619913,76.209282,Approved,AMBALAVAYAL,South-2,bathery,KERALA,TRUE,673593,,India
3996,RSC,11.235673,75.861875,Approved,Pandeerankavu,South-2,PANDEERANKAVU,KERALA,TRUE,673019,,India
5359,RSC,11.773865,76.203861,Approved,Pulpally,South-2,bathery,KERALA,TRUE,673579,,India
4433,RSC,12.6775,75.4739,Approved,Panja,South-2,kadaba,KARNATAKA,TRUE,574221,,India
4297,RSC,12.844469,75.029966,Approved,Kalladka,South-2,Bantwal,KARNATAKA,TRUE,574231,,India
6077,RSC,13.06961111,75.15055556,Approved,Sidhakatte,South-2,Belthangady,KARNATAKA,TRUE,574236,,India
4764,Terminal,12.84,74.86,Approved,MLR/MGN-TML,South-2,Mangalore,KARNATAKA,TRUE,575002,MLR/MGN-TML,India
2519,RSC,12.2728,75.3672,Approved,Cherupuzha,South-2,CHERUPUZHA,KERALA,TRUE,670308,,India
3419,RSC,14.2861133,74.455235,Approved,Honnavara,South-2,HONNAVARA,KARNATAKA,TRUE,581334,,India
4116,RSC,13.2758,74.8244,Approved,Moodubelle1,South-2,Moodubelle,KARNATAKA,TRUE,576120,,India
5196,RSC,12.57179577,75.04764,Approved,Neerchal,South-2,Kasargode,KERALA,TRUE,671321,,India
2300,RSC,12.67045499,74.943414,Approved,UPPALA,South-2,UPPAL,KERALA,TRUE,671322,RSC/UPPALA,India
2584,RSC,12.7636,75.1016,Approved,VITLA,South-2,vitla,KARNATAKA,TRUE,574203,,India
3423,RSC,12.919,74.9033,Approved,Vamanjoor,South-2,Mangalore,KARNATAKA,TRUE,575028,,India
2117,RSC,13.0128,75.1414,Approved,Venur,South-2,Belthangady,KARNATAKA,TRUE,574217,RSC/Venur,India
4603,RSC,12.845454,75.36033,Approved,Nellyadi,South-2,Uppinangady,KARNATAKA,TRUE,574229,,India
4523,RSC,12.4795017,75.208891,Approved,Mulleria,South-2,Mulleria,KERALA,TRUE,671542,,India
6369,RSC,12.7972591,74.978432,Approved,MUDIPU,South-2,Belthangady,KARNATAKA,TRUE,574153,,India
4434,RSC,12.82892323,75.216103,Approved,Mani,South-2,Mani,KARNATAKA,TRUE,574325,,India
7129,RSC,14.5565,74.3914,Approved,Madangeri,South-2,KUMTA,KARNATAKA,TRUE,581333,,India
7291,RSC,12.56513133,75.20669611,Approved,KUNTAR,South-2,Kasargode,KERALA,TRUE,671543,,India
5559,RSC,12.7427497,75.090926,Approved,KANYANA,South-2,vitla,KARNATAKA,TRUE,574235,,India
2585,RSC,12.8388246,75.249181,Approved,Kalleri,South-2,kalleri,KARNATAKA,TRUE,574326,,India
3391,RSC,12.6159,75.2494,Approved,Ishwaramangala,South-2,Ishwaramangala,KARNATAKA,TRUE,574313,,India
3150,RSC,13.4587,74.9911,Approved,Hebri,South-2,Hebri,KARNATAKA,TRUE,576112,,India
3726,RSC,14.5479,74.3188,Approved,Gokarna,South-2,GOKARNA,KARNATAKA,TRUE,581326,,India
6254,RSC,12.9054243,74.947268,Approved,Farangipete,South-2,Mangalore,KARNATAKA,TRUE,575029,,India
2456,RSC,13.4202239,74.833539,Approved,Cherkady,South-2,PETHRI,KARNATAKA,TRUE,576215,,India
1679,RSC,21.76,68.94,Approved,Byndoor,South-2,BYNDOOR,KARNATAKA,TRUE,576214,RSC/Byndoor,India
1247,RSC,21.27,71.9,Approved,Belthangady,South-2,Belthangady,KARNATAKA,TRUE,574217,RSC/Belthangady,India
1821,SC,12.2865288,75.105826,Approved,NEELESWARAM,South-2,Kasargode,KERALA,TRUE,671315,NEEL,India
2407,SC,12.848229,74.851318,Approved,MLR/MGN,South-2,Mangalore,KARNATAKA,TRUE,575001,MLR/MGN,India
2980,RSC,14.653906,74.316443,Approved,Ankola,South-2,ANKOLA,KARNATAKA,TRUE,581314,,India
6995,RSC,14.5288,74.3533,Approved,Gokarna tadadi,South-2,GOKARNA,KARNATAKA,TRUE,581326,,India
4293,RSC,14.279358,74.455691,Approved,Kavalakki1,South-2,HONNAVARA,KARNATAKA,TRUE,581334,,India
4762,Terminal,12.84,74.86,Approved,MLR/KDY-TML,South-2,Mangalore,KARNATAKA,TRUE,575002,MLR/KDY-TML,India
2695,RSC,13.198808,75.076118,Approved,Naravi,South-2,NARAVI,KARNATAKA,TRUE,574122,,India
2426,RSC,13.8564478,74.628359,Approved,Shiroor,South-2,BYNDOOR,KARNATAKA,TRUE,576214,,India
2696,RSC,12.556165,75.386761,Approved,SULLIA,South-2,Sullia,KARNATAKA,TRUE,574239,,India
6931,RSC,13.458504,74.840793,Approved,Kokkarne,South-2,Mysore,KARNATAKA,TRUE,576234,,India
1811,RSC,21.76,68.94,Approved,Moodabidri,South-2,Moodabidri,KARNATAKA,TRUE,574227,RSC/Moodabidri,India
1276,RSC,12.89774,75.028633,Approved,Bc road1,South-2,BC Road,KARNATAKA,TRUE,574211,RSC/Bc road1,India
1680,RSC,13.434667,74.743804,Approved,Brahmavar,South-2,BRAHMAVAR,KARNATAKA,TRUE,576215,RSC/Brahmavar,India
6795,RSC,13.0471962,74.872069,Approved,Kateelu,South-2,Mangalore,KARNATAKA,TRUE,574148,,India
4545,RSC,13.2345733,74.996657,Approved,Bailoor,South-2,Manipal,KARNATAKA,TRUE,574104,,India
1277,RSC,21.27,77,Approved,Bantwal1,South-2,Bantwal,KARNATAKA,TRUE,575017,RSC/Bantwal1,India
4265,RSC,12.7246,74.8859,Approved,Manjeshwar,South-2,Manjeshwar,KERALA,TRUE,671323,,India
3280,RSC,12.957636,74.926626,Approved,Bajpe,South-2,GURUPURA,KARNATAKA,TRUE,574151,,India
636,RSC,16.5043199,75.2917512,Approved,Jamkhandi,South-2,Jamkhandi,KARNATAKA,TRUE,587301,RSC/Jamkhandi,India
733,RSC,15.918622,75.676082,Approved,Badami,South-2,Badami,KARNATAKA,TRUE,587201,RSC/Badami,India
1337,RSC,16.724083,75.063843,Approved,Athani,South-2,ATHANI,KARNATAKA,TRUE,591304,RSC/Athani,India
1677,RSC,21.76,68.94,Approved,Mudalgi,South-2,MUDALGI,KARNATAKA,TRUE,591312,RSC/Mudalgi,India
1700,RSC,21.76,71.67,Approved,Banahatti1,South-2,Banhatti,KARNATAKA,TRUE,587311,RSC/Banahatti1,India
2857,RSC,15.7651,75.111298,Approved,Saundatti,South-2,SAUNDATTI,KARNATAKA,TRUE,591126,,India
3607,RSC,16.185,75.6962,Approved,Navnagar,South-2,NAVNAGAR,KARNATAKA,TRUE,587101,,India
3808,RSC,16.3383987,76.130889,Approved,Muddebihal1,South-2,Muddebihal,KARNATAKA,TRUE,586212,,India
6175,RSC,16.2146,74.7026,Approved,Ghataprabha,South-2,Gokak,KARNATAKA,TRUE,591231,,India
6189,Terminal,13.9480469,75.576733,Approved,IXG/CTY-TML,South-2,Belgaum,KARNATAKA,TRUE,590003,IXG/CTY-TML,India
4546,RSC,15.9526,75.2958,Approved,Ramdurg,South-2,Ramdurg,KARNATAKA,TRUE,591123,,India
6893,RSC,16.0131,75.548,Approved,LOKAPUR1,South-2,Kerur,KARNATAKA,TRUE,587206,,India
5789,RSC,16.050852,75.782809,Approved,Guledgudda,South-2,Bagalkot,KARNATAKA,TRUE,587203,,India
9300,RSC,16.46985,75.689718,Approved,BJP/KLR/LM1,South-2,Vijayapura,KARNATAKA,TRUE,586210,Kolhar,India
7232,RSC,16.6666,75.5358,Approved,Babaleshwar,South-2,Bijapur,KARNATAKA,TRUE,586113,,India
9391,RSC,16.352251,75.904092,Approved,BJP/ALT/LM1,South-2,Bijapur,KARNATAKA,TRUE,586201,Alamatti,India
5403,RSC,13.166107,76.553898,Approved,Nonavinakere,South-2,Tumkur,KARNATAKA,TRUE,572224,,India
9710,RSC,13.30644,76.65675,Approved,TKR/TRK/LM1,South-2,Tumkur,KARNATAKA,TRUE,572114,Turvekere Road,India
2605,RSC,13.7079453,75.817097,Approved,Tarikere,South-2,Tarikere,KARNATAKA,TRUE,577228,,India
1701,RSC,21.76,68.94,Approved,Mudigere,South-2,Mudigere,KARNATAKA,TRUE,577132,RSC/Mudigere,India
6293,RSC,13.055074,76.75505,Approved,MAYASANDRA,South-2,TURVEKERE,KARNATAKA,TRUE,572221,,India
4533,RSC,12.772622,76.474996,Approved,Kikkeri,South-2,Kikkeri,KARNATAKA,TRUE,571436,,India
9058,SC,13.215775,75.98424,Approved,Halebeedu/LM,South-2,Hassan,KARNATAKA,TRUE,573121,Halebeedu ,India
1526,RSC,12.9611562,76.7431116,Approved,BG Nagar1,South-2,BG Nagar,KARNATAKA,TRUE,571418,RSC/BG Nagar1,India
6866,RSC,13.162316,75.867919,Approved,Belur,South-2,Hassan,KARNATAKA,TRUE,573115,,India
4422,RSC,12.9793,75.9913,Approved,Alur,South-2,Alur,KARNATAKA,TRUE,573213,,India
6011,RSC,12.625335,76.390866,Approved,Akkihebbalu,South-2,KR Pete,KARNATAKA,TRUE,571605,,India
6765,RSC,13.384681,76.581291,Approved,Bachihalli,South-2,Tumkur,KARNATAKA,TRUE,572226,,India
3063,RSC,13.5463,76.000592,Approved,Birur,South-2,Birur,KARNATAKA,TRUE,577116,,India
6072,RSC,12.6293721,76.049418,Approved,Konanur,South-2,Arakalgud,KARNATAKA,TRUE,573130,,India
4981,RSC,13.583274,76.540154,Approved,HULIYAR-1,South-2,HULIYAR,KARNATAKA,TRUE,577597,,India
795,RSC,16.367497,76.641358,Approved,Arsikere,South-2,Arsikere,KARNATAKA,TRUE,573103,RSC/Arsikere,India
3689,RSC,13.726808,76.003885,Approved,Ajjampura,South-2,AJJAMPUR,KARNATAKA,TRUE,577547,,India
9626,SC,19.087601,78.334111,Approved,NIR/NIR/LM1,South-1,NIRMAL,TELANGANA,TRUE,504106,NIRMAL,India
1256,RSC,18.6105505,79.3776983,Approved,Peddapalli1,South-1,Peddapalli,TELANGANA,TRUE,505172,RSC/Peddapalli1,India
3803,RSC,0.01,0.001,Approved,YELLAREDDYPET,South-1,YELLAREDDYPET,TELANGANA,TRUE,505303,,India
3053,RSC,16.8739,79.5662,Approved,GOLLAPALLY,South-1,GOLLAPALLY,TELANGANA,TRUE,505532,,India
2806,RSC,17.9230859,79.89083154,Approved,NARSAMPET,South-1,NARSAMPET,TELANGANA,TRUE,506132,,India
5391,RSC,18.2941128,79.4798624,Approved,VAVILALA,South-1,JAMMIKUNTA,TELANGANA,TRUE,505475,,India
6764,RSC,18.065502,79.690269,Approved,OORUGONDA,South-1,Warangal,TELANGANA,TRUE,506342,,India
6922,RSC,17.5857487,79.7991345,Approved,NEKKONDA,South-1,Warangal,TELANGANA,TRUE,506122,,India
6808,RSC,18.0908424,79.3683086,Approved,MULKANOOR,South-1,Karimnagar,TELANGANA,TRUE,505471,,India
6380,RSC,17.8000342,79.9796715,Approved,GUDOOR TG,South-1,NARSAMPET,TELANGANA,TRUE,506134,,India
6670,RSC,18.095026,79.449219,Approved,ELKATHURTHY,South-1,Warangal,TELANGANA,TRUE,505476,,India
1316,RSC,17.6878127,79.8918061,Approved,Kesamudram,South-1,Mahabubabad,TELANGANA,TRUE,506112,RSC/Kesamudram,India
2895,RSC,18.624004,79.941187,Approved,KATARAM,South-1,KATARAM,TELANGANA,TRUE,505503,,India
9471,SC,18.62184,79.945633,Approved,KTR/KTR/LM1,South-1,KATARAM,TELANGANA,TRUE,505503,KATARAM,India
6225,RSC,17.26898,81.01163,Approved,DAMMAPETA,South-1,ASWARAOPETA,TELANGANA,TRUE,507306,,India
3765,RSC,0.01,0.001,Approved,PINDIPROLU,South-1,PINDIPROLU,TELANGANA,TRUE,507183,,India
4056,Hub PC,18.803086,73.772778,Approved,CHK/FC,West,PUNE,MAHARASHTRA,TRUE,410501,BHI,India
315,Hub,22.9493005,72.482637,Approved,RTO/AMD,West,Ahmedabad,GUJARAT,TRUE,382405,SCL1,India
2757,RSC,14.68968,78.39275,Approved,MUDDANUR,South-1,MUDDANUR,ANDHRA PRADESH,TRUE,516380,,India
1064,RSC,14.550632,76.641358,Approved,Pulivendula,South-1,Pulivendula,ANDHRA PRADESH,TRUE,516390,RSC/Pulivendula,India
920,RSC,15.588919,73.965371,Approved,Tadipatri,South-1,Tadipatri,ANDHRA PRADESH,TRUE,515411,RSC/Tadipatri,India
3599,RSC,14.5621,77.15321,Approved,URVAKONDA,South-1,URVAKONDA,ANDHRA PRADESH,TRUE,515812,,India
1457,RSC,21.76,68.94,Approved,Rayadurgam,South-1,RAYADURGAM,ANDHRA PRADESH,TRUE,515865,RSC/Rayadurgam,India
4114,RSC,14.20366,77.13548,Approved,KAMBADUR,South-1,KAMBADUR,ANDHRA PRADESH,TRUE,515765,,India
3728,RSC,0.01,0.001,Approved,KANEKAL,South-1,kanekal,ANDHRA PRADESH,TRUE,515871,,India
2077,RSC,15.1155,76.45295,Approved,Kudithini,South-2,kudathini,KARNATAKA,TRUE,583101,RSC/Kudithini,India
503,RSC,15.1393932,76.9214428,Approved,Torangallu,South-2,Toranagallu,KARNATAKA,TRUE,583123,RSC/Torangallu,India
9066,RSC,15.362861,76.912472,Approved,SINDHIGERE,South-2,Bellary,KARNATAKA,TRUE,583120,ANP/HUB,India
4168,RSC,0.01,0.001,Approved,BITRAGUNTA,South-1,BITRAGUNTA,ANDHRA PRADESH,TRUE,524142,,India
2649,RSC,0.01,0.001,Approved,BUCHIREDDYPALEM,South-1,BUCHIREDDYPALEM,ANDHRA PRADESH,TRUE,524305,,India
4712,RSC,15.2121048,79.8983555,Approved,KANDHUKUR,South-1,Kandukur,ANDHRA PRADESH,TRUE,523105,,India
1315,RSC,21.27,71.9,Approved,Kavali,South-1,KAVALI,ANDHRA PRADESH,TRUE,524201,RSC/Kavali,India
1898,RSC,21.76,71.67,Approved,Martur,South-1,Martur,ANDHRA PRADESH,TRUE,523301,RSC/Martur,India
3093,RSC,0.01,0.001,Approved,NORTH RAJUPALEM,South-1,NORTH RAJUPALEM,ANDHRA PRADESH,TRUE,524366,,India
2803,RSC,0.01,0.001,Approved,VINJAMUR,South-1,VINJAMUR,ANDHRA PRADESH,TRUE,524228,,India
3092,RSC,16.04037,79.30011,Approved,YERRAGONDAPALEM,South-1,YERRAGONDAPALEM,ANDHRA PRADESH,TRUE,523327,,India
2610,RSC,14.29196,80.10389,Approved,MUTHUKURU,South-1,MUTHUKURU,ANDHRA PRADESH,TRUE,524344,,India
6379,RSC,14.913181,79.992981,Approved,JALADANKI,South-1,KAVALI,ANDHRA PRADESH,TRUE,524201,,India
3267,RSC,0.01,0.001,Approved,MARRIPADU,South-1,MARRIPADU,ANDHRA PRADESH,TRUE,524312,,India
4713,RSC,15.0719738,79.895129,Approved,GUDLLURU,South-1,GUDLLURU,ANDHRA PRADESH,TRUE,523113,,India
6221,RSC,15.47419,79.15295,Approved,DEVARAJUGATTU,South-1,MARKAPUR,ANDHRA PRADESH,TRUE,523320,,India
2897,RSC,14.62272,79.612302,Approved,AS PETA,South-1,A S PETA,ANDHRA PRADESH,TRUE,524322,,India
4741,RSC,14.0589195,78.7547588,Approved,CHINNAMANDAM,South-1,Rayachoty,ANDHRA PRADESH,TRUE,516214,,India
722,RSC,14.195512,79.149209,Approved,Rajampeta,South-1,Rajampeta,ANDHRA PRADESH,TRUE,516115,RSC/Rajampeta,India
1973,RSC,14.6422,78.536003,Approved,Yerraguntla,South-1,YERRAGUNTLA,ANDHRA PRADESH,TRUE,516309,RSC/Yerraguntla,India
6671,RSC,14.4747907,78.8028248,Approved,PENDLIMARRI AP,South-1,Cuddapah,ANDHRA PRADESH,TRUE,516005,,India
3764,RSC,0.01,0.001,Approved,GURRAMKONDA,South-1,GURRAMKONDA,ANDHRA PRADESH,TRUE,517297,,India
4582,SC,13.613599,79.413322,Approved,TPT/MRPL,South-1,Tirupati,ANDHRA PRADESH,TRUE,517502,TPT/MRPL,India
3086,RSC,18.4828343,83.5017622,Approved,BALIJIPETA,South-1,BALIJIPETA,ANDHRA PRADESH,TRUE,535126,,India
2778,RSC,0.01,0.001,Approved,CHINABHOGILI,South-1,CHINABHOGILI,ANDHRA PRADESH,TRUE,535546,,India
676,RSC,18.955992,84.579366,Approved,Ichapuram,South-1,ICHAPURAM,ANDHRA PRADESH,TRUE,532284,RSC/Ichapuram,India
1921,RSC,18.7737264,83.4247304,Approved,Narsipuram,South-1,NARSIPURAM,ANDHRA PRADESH,TRUE,535501,RSC/Narsipuram,India
2199,RSC,18.171281,83.6711689,Approved,RANASTHALAM,South-1,RANASTHALAM,ANDHRA PRADESH,TRUE,532409,RSC/RANASTHALAM,India
1648,RSC,18.5114772,83.1968836,Approved,Salur1,South-1,Salur,ANDHRA PRADESH,TRUE,535591,RSC/Salur1,India
4437,RSC,17.2421679,82.3304057,Approved,SANKHAVARAM,South-1,SANKHAVARAM,ANDHRA PRADESH,TRUE,533445,,India
4393,RSC,17.7472514,83.2131575,Approved,VPT/SAS1,South-1,Visakhapatnam,ANDHRA PRADESH,TRUE,530029,,India
6645,RSC,17.243358,82.119758,Approved,SARABHAVARAM,South-1,YELESWARAM,ANDHRA PRADESH,TRUE,533430,,India
4004,RSC,18.562481,84.297918,Approved,PUNDI,South-1,PUNDI,ANDHRA PRADESH,TRUE,532212,,India
1727,RSC,17.6603761,82.6228203,Approved,Narsipatnam1,South-1,Narsipatnam,ANDHRA PRADESH,TRUE,531116,RSC/Narsipatnam1,India
6719,RSC,18.609179,83.178507,Approved,MAMIDIPALLI,South-1,Salur,ANDHRA PRADESH,TRUE,535591,,India
1646,RSC,21.76,68.94,Approved,Madugula,South-1,MADUGULA,ANDHRA PRADESH,TRUE,531027,RSC/Madugula,India
6184,RSC,18.780247,83.440705,Approved,AP KOMARADA,South-1,Parvathipuram,ANDHRA PRADESH,TRUE,535501,,India
3677,RSC,17.279238,82.408386,Approved,ANNAVARAM,South-1,ANNAVARAM,ANDHRA PRADESH,TRUE,533408,,India
6489,RSC,17.91618,83.45371,Approved,ANANDAPURAM,South-1,BHEEMUNIPATNAM,ANDHRA PRADESH,TRUE,530052,,India
6773,RSC,18.570742,83.355582,Approved,MAANAPURAM,South-1,GAJAPATHINAGARAM,ANDHRA PRADESH,TRUE,535580,,India
1353,RSC,18.7713456,83.885284,Approved,Kotturu,South-1,KOTTURU,ANDHRA PRADESH,TRUE,532455,RSC/Kotturu,India
2093,RSC,17.241513,82.330718,Approved,Kathipudi,South-1,KATHIPUDI,ANDHRA PRADESH,TRUE,533444,RSC/Kathipudi,India
2315,RSC,25.430019,86.092608,Approved,DOWLESWARAM,South-1,DOWLESWARAM,ANDHRA PRADESH,TRUE,533124,RSC/DOWLESWARAM,India
5071,RSC,16.9380677,82.2436231,Approved,KKD/SA-JNP,South-1,kakinada,ANDHRA PRADESH,TRUE,533002,,India
4259,RSC,15.9618138,80.7449412,Approved,KUCHINAPUDI,South-1,kuchinapudi,ANDHRA PRADESH,TRUE,522265,,India
1728,RSC,21.76,68.94,Approved,Peravalli,South-1,PERAVALLI,ANDHRA PRADESH,TRUE,534326,RSC/Peravalli,India
4037,RSC,16.754172,81.841562,Approved,RAVULAPALEM,South-1,RAVULAPALEM,ANDHRA PRADESH,TRUE,533238,,India
1223,RSC,21.27,71.9,Approved,Yanam1,South-1,Yanam,ANDHRA PRADESH,TRUE,533464,RSC/Yanam1,India
7249,RSC,16.9485346,80.9902039,Approved,TADIKELAPUDI,South-1,Eluru,ANDHRA PRADESH,TRUE,534452,,India
6107,RSC,16.5273217,81.5081396,Approved,RAYALAM,South-1,Bhimavaram,ANDHRA PRADESH,TRUE,534201,,India
4001,RSC,16.54035,81.635488,Approved,NAVUDURU,South-1,NAVUDURU,ANDHRA PRADESH,TRUE,534245,,India
5390,RSC,16.564809,81.629567,Approved,BMV/SA-VRM,South-1,Bhimavaram,ANDHRA PRADESH,TRUE,534247,,India
5210,RSC,14.4897018,76.2845893,Approved,APPARAOPETA,South-1,Tadepalligudem,ANDHRA PRADESH,TRUE,534101,,India
3204,RSC,18.9163156,84.571644,Approved,LAKKAVARAM,South-1,LAKKAVARM,ANDHRA PRADESH,TRUE,533242,,India
5209,RSC,17.0446583,79.1218148,Approved,PULLETIKURRU,South-1,AMALAPURAM,ANDHRA PRADESH,TRUE,533201,,India
1810,Hub,21.76,71.67,Approved,ELR/HUB,South-1,Eluru,ANDHRA PRADESH,TRUE,534001,ELR/HUB,India
1440,SC,13.8940481,79.8826126,Approved,Naidupeta,South-1,NAIDUPETA,ANDHRA PRADESH,TRUE,524126,NAID,India
808,RSC,16.367497,73.965371,Approved,Kandukur,South-1,Kandukur,ANDHRA PRADESH,TRUE,523105,RSC/Kandukur,India
2192,RSC,0.01,0.001,Approved,KANNAPURAM,South-1,KANNAPURAM,ANDHRA PRADESH,TRUE,534311,RSC/KANNAPURAM,India
2974,RSC,16.104,80.44236,Approved,KOLLURU,South-1,KOLLURU,ANDHRA PRADESH,TRUE,522261,,India
2798,RSC,16.53675,80.17355,Approved,KROSUR,South-1,KROSUR,ANDHRA PRADESH,TRUE,522410,,India
2791,RSC,16.328648,80.961626,Approved,KUCHIPUDI,South-1,KUCHIPUDI,ANDHRA PRADESH,TRUE,521157,,India
1541,RSC,21.76,71.67,Approved,Kuppam,South-1,KUPPAM,ANDHRA PRADESH,TRUE,517425,RSC/Kuppam,India
1222,RSC,25.27,76,Approved,Kurupam,South-1,kurupam,ANDHRA PRADESH,TRUE,535524,RSC/Kurupam,India
5903,RSC,16.95914,80.649844,Approved,AKONDURU,South-1,GAMPALAGUDEM,ANDHRA PRADESH,TRUE,521226,,India
2505,RSC,17.2485354,81.0089958,Approved,MANDALAPALLY,South-1,MANDALAPALLY,TELANGANA,TRUE,507303,,India
1450,RSC,21.76,68.94,Approved,Manubolu,South-1,MANUBOLU,ANDHRA PRADESH,TRUE,524405,RSC/Manubolu,India
1172,RSC,27,77,Approved,Gundugolanu,South-1,Gundugolanu,ANDHRA PRADESH,TRUE,534427,RSC/Gundugolanu,India
6682,RSC,16.1749,80.1847,Approved,NADENDLA AP,South-1,CHILAKALURIPETA,ANDHRA PRADESH,TRUE,522234,,India
6930,RSC,16.3599487,80.5087055,Approved,NAMBUR,South-1,Tadikonda,ANDHRA PRADESH,TRUE,522508,,India
5721,RSC,16.8218797,81.3933043,Approved,NARAYANAPURAM,South-1,Eluru,ANDHRA PRADESH,TRUE,534411,,India
873,RSC,14.550632,80.843539,Approved,Nuzvid,South-1,Nuzvid,ANDHRA PRADESH,TRUE,521201,RSC/Nuzvid,India
6330,RSC,16.357322,80.985605,Approved,PEDAMADDALI,South-1,Gudivada,ANDHRA PRADESH,TRUE,521390,,India
2239,RSC,23.434355,45.42424,Approved,POLAVARAM,South-1,POLAVARAM,ANDHRA PRADESH,TRUE,534315,RSC/POLAVARAM,India
2074,RSC,0.001,0.002,Approved,Seethanagaram,South-1,SEETHAMNAGARAM,ANDHRA PRADESH,TRUE,533287,RSC/Seethanagaram,India
2126,RSC,0.001,0.002,Approved,Tanuku,South-1,TANUKU,ANDHRA PRADESH,TRUE,534211,RSC/Tanuku,India
1894,RSC,13.432366,68.94,Approved,Vuyyuru1,South-1,Vuyyur,ANDHRA PRADESH,TRUE,521165,RSC/Vuyyuru1,India
1141,RSC,16.0453864,79.7372096,Approved,Vinukonda,South-1,Vinukonda,ANDHRA PRADESH,TRUE,522647,RSC/Vinukonda,India
965,RSC,14.550632,76.931367,Approved,Tadikonda,South-1,Tadikonda,ANDHRA PRADESH,TRUE,522236,RSC/Tadikonda,India
1989,RSC,23,79,Approved,Sattenapalli1,South-1,SATTENAPALLI,ANDHRA PRADESH,TRUE,522403,RSC/Sattenpalli1,India
472,RSC,16.508303,80.7042693,Approved,RSC/Machilipatnam,South-1,Machilipatnam,ANDHRA PRADESH,TRUE,521002,RSC/Machilipatnam,India
2248,RSC,16.10585,80.20078,Approved,PRATHIPADU,South-1,PRATHIPADU,ANDHRA PRADESH,TRUE,522019,RSC/PRATHIPADU,India
727,RSC,16.4806337,79.887154,Approved,Piduguralla,South-1,PIDUGURALLA,ANDHRA PRADESH,TRUE,522413,RSC/Piduguralla,India
1412,RSC,21.76,68.94,Approved,Parchoor,South-1,Parchoor,ANDHRA PRADESH,TRUE,523169,RSC/Parchoor,India
1290,RSC,16.2439318,80.0553399,Approved,Narasaraopet1,South-1,Narasaraopet,ANDHRA PRADESH,TRUE,522601,RSC/Narasaraopet1,India
2612,RSC,16.9467605,81.4009739,Approved,NALLAJERLA,South-1,NALLAJERLA,ANDHRA PRADESH,TRUE,534112,,India
1542,RSC,21.76,71.67,Approved,Macherla,South-1,MACHERLA,ANDHRA PRADESH,TRUE,522426,RSC/Macherla,India
1140,RSC,28,72,Approved,Jaggaiahpeta,South-1,Jaggaiahpeta,ANDHRA PRADESH,TRUE,521175,RSC/Jaggaiahpeta,India
3008,RSC,16.293298,80.637848,Approved,DUGGIRALA,South-1,DUGGIRALA,ANDHRA PRADESH,TRUE,522306,,India
3126,RSC,16.11306,80.31319,Approved,CHEBROLU,South-1,CHEBROLU,ANDHRA PRADESH,TRUE,522212,,India
1685,RSC,21.76,68.94,Approved,Chataparru,South-1,CHATAPARRU,ANDHRA PRADESH,TRUE,534001,RSC/Chataparru,India
726,RSC,15.905897,80.471587,Approved,Bapatla,South-1,BAPATLA,ANDHRA PRADESH,TRUE,522101,RSC/Bapatla,India
2753,RSC,0.01,0.001,Approved,BANTUMILI,South-1,BANTUMILI,ANDHRA PRADESH,TRUE,521329,,India
9914,Hub PC,21.13555,72.53337,Approved,SRT/NNV/FM1,West,Surat,GUJARAT,TRUE,395013,NNV,India
139,SC,18.544609,73.91059,Approved,PNQ/HQC,West,PUNE,MAHARASHTRA,TRUE,411001,TNR,India
5647,RSC,26.00694,83.06604,Approved,Nijamabad,North,Azamgarh,UTTAR PRADESH,TRUE,276206,,India
9632,RSC,26.029297,83.372315,Approved,AZA/MHM/LM1,North,Azamgarh,UTTAR PRADESH,TRUE,276403,Mohammadbad,India
9481,RSC,25.782707,83.094632,Approved,AZG/TRW/LM1,North,Azamgarh,UTTAR PRADESH,TRUE,276202,Tarwa,India
3995,RSC,26.351498,83.343399,Approved,Bindra Bazar,North,Bindra Bazar,UTTAR PRADESH,TRUE,276205,,India
2630,RSC,25.796165,84.4769,Approved,Bairia,North,BAIRIA,UTTAR PRADESH,TRUE,277201,,India
6300,RSC,25.8824,83.3308,Approved,Chiryakot,North,Chiryakot,UTTAR PRADESH,TRUE,276131,,India
9332,SC,18.519,73.859,Approved,PNQ/DummyTest10,West,PUNE,MAHARASHTRA,TRUE,999002,PNQ/DummyTest09,India
9276,WMS,18.522283,73.875732,Approved,PNQ/DummyTest09,West,PUNE,MAHARASHTRA,TRUE,999002,PNQ/DummyTest09,India
9246,SC,18.552,73.918,Approved,TestDummyDeActivation,West,PUNE,MAHARASHTRA,TRUE,999002,Test ,India
9651,SC,18.6,73.95,Approved,DummyTestApproval02,West,PUNE,MAHARASHTRA,TRUE,999002,Dummy area,India
9653,SC,18.49,73.87,Approved,DummyTrackonFacility01,West,PUNE,MAHARASHTRA,TRUE,999002,Dummy test,India
5748,RSC,32.12009,75.59708,Approved,Mirthal,North,Pathankot,PUNJAB,TRUE,145101,,India
6648,RSC,33.5387685,74.3694426,Approved,Thana Mandi,North,Rajouri,JAMMU AND KASHMIR,TRUE,185212,,India
9083,SC,33.634512,74.265434,Approved,JMU/SKT,North,POONCH,JAMMU AND KASHMIR,TRUE,185121,Surankote,India
7335,RSC,33.2821,75.0144,Approved,Sangaldhan,North,Ramban,JAMMU AND KASHMIR,TRUE,182144,,India
4308,RSC,32.1167,76.1667,Approved,RAJATALAB HP,North,RajaTalab HP,HIMACHAL PRADESH,TRUE,176051,,India
3299,RSC,32.370462,75.679167,Approved,Jugial,North,Jugiyal,PUNJAB,TRUE,145029,,India
5001,RSC,32.1955847,76.3564859,Approved,Sansarpur Terrace,North,Kangra,HIMACHAL PRADESH,TRUE,176025,,India
2514,RSC,32.1502832,76.0003167,Approved,Jawali,North,Jawali,HIMACHAL PRADESH,TRUE,176023,,India
5444,RSC,32.2706482,75.6425457,Approved,Sujanpur,North,Pathankot,PUNJAB,TRUE,145023,,India
6895,RSC,33.796,74.2539,Approved,Mandi Poonch,North,POONCH,JAMMU AND KASHMIR,TRUE,185102,,India
5970,RSC,32.6137716,75.6045615,Approved,Nagrota Gujroo,North,Kathua,JAMMU AND KASHMIR,TRUE,184205,,India
5772,RSC,33.22711,74.46601,Approved,Kalakot,North,Kalakote,JAMMU AND KASHMIR,TRUE,185202,,India
5653,RSC,32.7917,74.7667,Approved,Kaghote,North,Udhampur,JAMMU AND KASHMIR,TRUE,182126,,India
4918,RSC,33.242134,75.233688,Approved,Chanderkote,North,Ramban,JAMMU AND KASHMIR,TRUE,182148,,India
4244,RSC,33.634274,74.265407,Approved,Surankote,North,Surankote,JAMMU AND KASHMIR,TRUE,185121,,India
6103,RSC,38.181145,15.556465,Approved,Purmandal,North,Samba,JAMMU AND KASHMIR,TRUE,181145,,India
6615,RSC,33.04225,75.11375,Approved,Pinchari,North,Udhampur,JAMMU AND KASHMIR,TRUE,182101,,India
5426,RSC,32.7389,74.7519,Approved,Ghaink,North,Akhnoor,JAMMU AND KASHMIR,TRUE,181122,,India
3964,RSC,32.56295,75.64765,Approved,Mahanpur,North,Manpur,JAMMU AND KASHMIR,TRUE,184202,,India
4919,RSC,33.1,75.3167,Approved,Batote,North,Ramban,JAMMU AND KASHMIR,TRUE,182143,,India
3718,RSC,34.0834,74.869,Approved,Jawaharnagar,North,Rajouri,JAMMU AND KASHMIR,TRUE,185132,,India
3343,SC,32.4675839,75.3273635,Approved,Hira Nagar,North,Heera Nagar,JAMMU AND KASHMIR,TRUE,184144,,India
2786,RSC,33.756181,74.0696613,Approved,Poonch,North,POONCH,JAMMU AND KASHMIR,TRUE,185101,,India
2789,RSC,75.238159,75.238159,Approved,RAMBAN,North,Ramban,JAMMU AND KASHMIR,TRUE,182144,,India
2251,RSC,33.382905,74.291013,Approved,Rajouri,North,Rajouri,JAMMU AND KASHMIR,TRUE,185132,RSC/Rajouri,India
1230,RSC,21.27,71.9,Approved,JMU/JNP,North,Jammu,JAMMU AND KASHMIR,TRUE,180007,JMU/JNP,India
612,RSC,32.896957,74.735489,Approved,Akhnoor,North,Akhnoor,JAMMU AND KASHMIR,TRUE,181201,RSC/Akhnoor,India
4188,RSC,24.464886,83.1648951,Approved,Duddhi,North,Duddhi,UTTAR PRADESH,TRUE,274304,,India
1598,RSC,21.76,68.94,Approved,Rajura,Central,Rajura,MAHARASHTRA,TRUE,442905,RSC/Rajura,India
1084,RSC,29.248522,77.007605,Approved,NORTH PARAVOOR,South-2,Perumbavoor,KERALA,TRUE,683520,RSC/NORTH PARAVOOR,India
1102,RSC,27,77,Approved,GOKAK,South-2,Gokak,KARNATAKA,TRUE,591307,RSC/GOKAK,India
1115,RSC,27,78,Approved,NORTH PARAVOOR,South-2,NORTH PARAVOOR,KERALA,TRUE,680734,RSC/NORTH PARAVOOR,India
2005,RSC,23.8008407,86.1972645,Approved,Baghmara,East,Dhanbad,JHARKHAND,TRUE,828306,RSC/Baghmara,India
7261,RSC,24.5991,85.4788,Approved,Rajauli,East,NAWADA,BIHAR,TRUE,805125,,India
9978,Terminal,8.8289934,78.1396104,Approved,THT/TUT/LM1,South-2,Tuticorin,TAMIL NADU,TRUE,628002,Tuticorin,India
9971,RSC,24.366865,73.174495,Approved,KOT/BAG/LM1,North,Kotra,RAJASTHAN,TRUE,307025,Kotra,India
9956,RSC,16.7493727,74.2810997,Approved,KHL/SHR/LM1,West,Kolhapur,MAHARASHTRA,TRUE,416122,Shiroli,India
2067,RSC,12.91588964,77.5135231,Approved,Dummy1,West,PUNE,MAHARASHTRA,TRUE,999002,RSC/Dummy1,India
3619,RSC,25.62926,81.54779,Approved,Unchahar,North,Unchahar,UTTAR PRADESH,TRUE,229404,,India
7330,RSC,19.1406,19.1406,Approved,Palava,West,DESAIGAON,MAHARASHTRA,TRUE,421204,,India
3561,RSC,15.8133887,73.8619882,Approved,Banda MH,West,Banda MH,MAHARASHTRA,TRUE,416511,BAA,India
5716,RSC,10.541697,76.985062,Approved,Anamalai,South-2,Pollachi,TAMIL NADU,TRUE,642114,,India
4452,RSC,25.6384429,82.9160552,Approved,Kerakat,North,Kerakat,UTTAR PRADESH,TRUE,232142,,India
1078,RSC,14.550632,78.395599,Approved,Ratia,North,RATIA,PUNJAB,TRUE,125051,RSC/Ratia,India
3783,RSC,27.8484,77.6438,Approved,Naujheel,North,Naujheel,UTTAR PRADESH,TRUE,281201,,India
9156,RSC,25.669956,82.85574,Approved,MUFTIGANJ/LM,North,Kerakat,UTTAR PRADESH,TRUE,222170,MUFTIGANJ,India
9229,RSC,25.4854,82.509245,Approved,BDH/BST/LM1,North,Bhadohi,UTTAR PRADESH,TRUE,222203,Barsathi,India
674,SC,27.382613,79.594054,Approved,Farrukhabad,North,Farrukhabad,UTTAR PRADESH,TRUE,209601,FKB,India
4369,RSC,27.87812,76.0814,Approved,Nangal Chaudhary,North,Nangal Chaudhary,HARYANA,TRUE,123023,,India
6262,RSC,25.2468,81.997,Approved,Bheerpur,North,Naini,UTTAR PRADESH,TRUE,212307,,India
9155,RSC,25.871276,82.62493,Approved,MALHANI/LM,North,Jaunpur,UTTAR PRADESH,TRUE,222139,MALHANI,India
4383,RSC,29.83557,78.71348,Approved,Lansdowne,North,Lansdowne,UTTARAKHAND,TRUE,246155,,India
4623,RSC,27.939196,77.842445,Approved,Khair_UP,North,Khair UP,UTTAR PRADESH,TRUE,202138,,India
4360,RSC,28.6952409,76.5705832,Approved,Beri,North,Beri,HARYANA,TRUE,124201,,India
3285,RSC,27.2217418,78.1982022,Approved,Etmadpur,North,Etmadpur,UTTAR PRADESH,TRUE,283202,,India
852,RSC,23.505277,56.87678,Approved,Sangaria,North,SANGARIA,HARYANA,TRUE,335063,RSC/Sangaria,India
4256,RSC,28.268407,77.661492,Approved,Jhajhar UP,North,jhajhar UP,UTTAR PRADESH,TRUE,203203,,India
4356,RSC,30.284414,78.98114,Approved,Rudraprayag,North,Rudraprayag,UTTARAKHAND,TRUE,246171,,India
4228,RSC,25.584042,83.577019,Approved,Zangipur,North,ZANGIPUR,UTTAR PRADESH,TRUE,233001,,India
5236,RSC,25.133699,82.56443,Approved,Lalganj MZP,North,Mirzapur,UTTAR PRADESH,TRUE,231211,,India
4567,RSC,26.540243,74.239876,Approved,Riyan Bari,North,Riyan Bari,RAJASTHAN,TRUE,341513,,India
5953,RSC,25.2036263,71.7118279,Approved,Dhorimanna,North,Dhorimanna,RAJASTHAN,TRUE,344704,,India
5674,RSC,26.9905,76.7567,Approved,Manpur RJ,North,Manpur RJ,RAJASTHAN,TRUE,303509,,India
5654,RSC,26.8012,76.7106,Approved,Gudha Chandar Ji,North,Gudha chandar ji,RAJASTHAN,TRUE,322213,,India
3377,RSC,74.41906,25.8157,Approved,Badnor,North,BADNOR,RAJASTHAN,TRUE,311204,,India
5389,RSC,26.9728,76.5719,Approved,Sikandra,North,Sikandra,RAJASTHAN,TRUE,303326,,India
5303,RSC,26.7076,76.7167,Approved,Nadoti,North,Nadoti,RAJASTHAN,TRUE,322215,,India
5381,RSC,27.1709,76.7106,Approved,Reni,North,RENI,RAJASTHAN,TRUE,301413,,India
3291,RSC,26.5747762,72.8430167,Approved,Mathania,North,MATHANIA,RAJASTHAN,TRUE,342305,,India
5944,RSC,27.6041,75.5015,Approved,Jajod,North,Khandela,RAJASTHAN,TRUE,332411,,India
5297,RSC,27.037661,77.048782,Approved,Bhusawar,North,Bhusawar,RAJASTHAN,TRUE,321406,,India
5773,RSC,34.0167,74.7167,Approved,Charari Sharif,North,Srinagar,JAMMU AND KASHMIR,TRUE,191112,,India
3672,RSC,31.1296,77.2283,Approved,Mashobra,North,Mashobra,HIMACHAL PRADESH,TRUE,171201,,India
3810,RSC,34.2152382,74.7717339,Approved,Ganderbaal,North,Ganderbal,JAMMU AND KASHMIR,TRUE,191201,,India
415,RSC,21.76,71.67,Approved,RSC/Kashipur,North,Kashipur,UTTARAKHAND,TRUE,244713,RSC/Kashipur,India
1827,SC,21.76,71.67,Approved,P2P/ISR,North,Gurugram,HARYANA,TRUE,122003,P2P/ISR,India
5880,RSC,25.6905,72.4495,Approved,Siwana,North,Siwana,RAJASTHAN,TRUE,344022,,India
3556,RSC,28.6339998,78.0662708,Approved,Siyana,North,Siyana,UTTAR PRADESH,TRUE,245412,,India
6729,RSC,26.072067,83.185654,Approved,Martinganj,North,Azamgarh,UTTAR PRADESH,TRUE,276303,,India
3434,RSC,28.0701352,78.7514458,Approved,Sahaswan,North,SAHASWAN,UTTAR PRADESH,TRUE,243638,,India
3298,RSC,29.28055833,77.47044722,Approved,Budhana,North,Budhana,UTTAR PRADESH,TRUE,251309,,India
3666,RSC,30.45498056,78.07068056,Approved,Mussorie,North,MUSSORIE,UTTARAKHAND,TRUE,248179,,India
3709,RSC,27.026152,75.007225,Approved,Nawa RJ,North,Nawa RJ,RAJASTHAN,TRUE,341509,,India
3190,RSC,25.720005,81.519995,Approved,Kunda,North,Kunda,UTTAR PRADESH,TRUE,230204,,India
4184,RSC,29.45041,76.18438,Approved,Naguran,North,Naguran,HARYANA,TRUE,126125,,India
1641,RSC,21.76,68.94,Approved,Tosham,North,Tosham,HARYANA,TRUE,127040,RSC/Tosham,India
3458,RSC,31.71651077,74.80944061,Approved,Ajnala,North,AJNALA,PUNJAB,TRUE,143101,,India
5237,RSC,25.748695,82.698441,Approved,Sujanganj,North,Jaunpur,UTTAR PRADESH,TRUE,222145,,India
5586,RSC,25.1821,81.9317,Approved,Karchhana,North,Allahabad,UTTAR PRADESH,TRUE,212301,,India
5641,RSC,28.5664612,75.1105529,Approved,Dudhwa Khara,North,Dudhwa khara,RAJASTHAN,TRUE,331029,,India
5632,RSC,25.5893,82.99995,Approved,Chandwak,North,Kerakat,UTTAR PRADESH,TRUE,222129,,India
5777,RSC,25.3047,82.9793,Approved,Mahmoorganj,North,VARANASI,UTTAR PRADESH,TRUE,221010,,India
5821,RSC,25.6105071,71.7577957,Approved,Sindhari,North,Sindhari,RAJASTHAN,TRUE,344033,,India
5959,RSC,26.0523,74.7718,Approved,Bhinai,North,Bhinai,RAJASTHAN,TRUE,305622,,India
5958,RSC,27.56093,74.77489,Approved,Nechhawa,North,Nechhawa,RAJASTHAN,TRUE,332026,,India
5937,RSC,25.1908,81.6117,Approved,Shankargarh,North,Allahabad,UTTAR PRADESH,TRUE,212108,,India
5930,RSC,33.8833,74.9167,Approved,Kakapora,North,Pulwama,JAMMU AND KASHMIR,TRUE,192304,,India
5927,RSC,26.1298,74.7044,Approved,Bandanwara,North,Bandanwada,RAJASTHAN,TRUE,305621,,India
5982,RSC,29.513446,75.453103,Approved,Ding Mandi,North,Ding,HARYANA,TRUE,125050,,India
5979,RSC,30.0198,77.3985,Approved,Sarsawa,North,SAHARANPUR,UTTAR PRADESH,TRUE,247232,,India
6754,RSC,28.5626,77.2914,Approved,DEL/OKH2,North,Okhla,DELHI,TRUE,110020,,India
5740,RSC,27.8699,76.5064,Approved,Mundawar_,North,MUNDAWAR,RAJASTHAN,TRUE,301407,,India
1156,SC,27.90266288,78.10441308,Approved,AGR/TJN,North,Agra,UTTAR PRADESH,TRUE,282006,AGR/TJN,India
1157,SC,25.27,71.9,Approved,GZB/VSR,North,Ghaziabad,UTTAR PRADESH,TRUE,201012,GZB/VSR,India
1741,SC,21.76,68.94,Approved,GZB/VDR,North,Ghaziabad,UTTAR PRADESH,TRUE,201010,GZB/VDR,India
979,RSC,15.588919,73.965371,Approved,Ballia,North,Ballia,UTTAR PRADESH,TRUE,277001,RSC/Ballia,India
5266,RSC,25.1305718,83.034788,Approved,Adlahat,North,Mirzapur,UTTAR PRADESH,TRUE,231305,,India
1127,RSC,23,76,Approved,Bhadohi,North,Bhadohi,UTTAR PRADESH,TRUE,221401,RSC/Bhadohi,India
5326,RSC,24.4229,83.3496,Approved,Kone,North,Duddhi,UTTAR PRADESH,TRUE,231226,,India
4733,RSC,27.8129478,80.4710823,Approved,Mitauli,North,Mitauli,UTTAR PRADESH,TRUE,262727,,India
5941,RSC,25.6028,82.5884,Approved,Mariahu,North,Jaunpur,UTTAR PRADESH,TRUE,222161,,India
1096,RSC,27,71.9,Approved,Madlauda,North,Panipat,HARYANA,TRUE,132113,RSC/Madlauda,India
3315,RSC,30.1666697,77.6166637,Approved,Saharanpur1,North,SAHARANPUR,UTTAR PRADESH,TRUE,247002,,India
3406,RSC,29.1491925,75.7216477,Approved,Pabra,North,Pabra,HARYANA,TRUE,125112,,India
3704,RSC,28.2528004,77.0688309,Approved,Sohna,North,Sohna,HARYANA,TRUE,122103,,India
3692,RSC,28.701616,77.164238,Approved,Wazirpur HR,North,Wazirpur HR,HARYANA,TRUE,122505,,India
3908,RSC,29.4447,73.3127,Approved,Sameja,North,Sameja,RAJASTHAN,TRUE,335021,,India
5640,RSC,29.011003,75.099075,Approved,Bojhla,North,Bojhla,RAJASTHAN,TRUE,335502,,India
5933,RSC,30.0254474,78.2147,Approved,Raiwala,North,Rishikesh,UTTARAKHAND,TRUE,249202,,India
5235,RSC,25.798983,82.216483,Approved,Machhlishahar,North,Jaunpur,UTTAR PRADESH,TRUE,222143,,India
5482,RSC,25.016665,82.3591,Approved,Bheera,North,Lalganj,UTTAR PRADESH,TRUE,276202,,India
3767,RSC,25.016665,82.3591,Approved,Lalganj Azm,North,Lalganj,UTTAR PRADESH,TRUE,276202,,India
5014,RSC,25.06702,82.09197,Approved,Meja Road,North,Allahabad,UTTAR PRADESH,TRUE,212305,,India
5447,RSC,25.5840479,83.5770142,Approved,Mardah,North,Kasimabad,UTTAR PRADESH,TRUE,233226,,India
5957,RSC,26.07751,82.875521,Approved,Pushpnagar,North,Azamgarh,UTTAR PRADESH,TRUE,223226,,India
5768,RSC,25.5411,82.3115,Approved,Janghai,North,Handia,UTTAR PRADESH,TRUE,212401,,India
1169,RSC,28,72,Approved,Israna,North,Israna,HARYANA,TRUE,132113,RSC/Israna,India
1097,RSC,28,76,Approved,Bhirani,North,Bhadra,RAJASTHAN,TRUE,335501,RSC/Bhirani,India
1468,RSC,21.76,68.94,Approved,Meham,North,Meham,HARYANA,TRUE,124112,RSC/Meham,India
5879,RSC,26.767679,81.111336,Approved,Bheempura,North,Ballia,UTTAR PRADESH,TRUE,221617,,India
2629,RSC,28.4601,77.02635,Approved,DEL/CKR,North,Gurgaon,HARYANA,TRUE,110078,,India
2703,RSC,28.652934,77.428408,Approved,DEL/KSB,North,Ghaziabad,UTTAR PRADESH,TRUE,110031,,India
5012,RSC,25.432571,81.851311,Approved,Gauhania,North,Allahabad,UTTAR PRADESH,TRUE,212107,,India
5766,RSC,25.1644,82.4035,Approved,Gaipura,North,Mirzapur,UTTAR PRADESH,TRUE,231303,,India
5010,RSC,25.361561,82.189255,Approved,Saidabad,North,Handia,UTTAR PRADESH,TRUE,221508,,India
2742,RSC,26.0213748,83.1774796,Approved,Azamgarh Khalsa,North,Azamgarh Khalsa,UTTAR PRADESH,TRUE,276001,,India
2743,RSC,25.5413417,81.4876442,Approved,Bharwari,North,Bharwari,UTTAR PRADESH,TRUE,212201,,India
5645,RSC,28.6559,79.1549,Approved,Milak,North,Rampur,UTTAR PRADESH,TRUE,243701,,India
5746,RSC,28.5851678,76.3796383,Approved,Khaparwas,North,KHAPARWAS,HARYANA,TRUE,124106,,India
6178,RSC,28.64,80.28,Approved,Pooranpur,North,Pilibhit,UTTAR PRADESH,TRUE,262122,,India
2662,RSC,30.2012608,74.663271,Approved,Gidderbaha,North,Gidderbaha,PUNJAB,TRUE,152101,,India
1623,RSC,21.76,71.67,Approved,Pataudi,North,Pataudi,HARYANA,TRUE,122503,PAI,India
1204,RSC,21.27,71.9,Approved,Ding,North,Ding,HARYANA,TRUE,125058,RSC/Ding,India
2395,RSC,29.3868702,79.459833,Approved,Nanital,North,Nainital,UTTARAKHAND,TRUE,263001,RSC/Nanital,India
2507,RSC,30.274147,78.035486,Approved,DDN/MTW,North,Dehradun,UTTARAKHAND,TRUE,248001,,India
2641,RSC,29.5216969,74.847087,Approved,Rania,North,RANIA,HARYANA,TRUE,125076,,India
3073,RSC,29.1082848,77.2656528,Approved,Baraut,North,Baraut,UTTAR PRADESH,TRUE,250611,,India
3821,RSC,28.776157,76.773109,Approved,Sampla,North,Sampla,HARYANA,TRUE,124501,,India
1491,Hub,34.027176,74.755678,Approved,SXR/HUM,North,Srinagar,JAMMU AND KASHMIR,TRUE,190021,SXR/HUM,India
3723,RSC,28.3240338,76.7855324,Approved,Pataudi HR,North,Delhi NCR,DELHI,TRUE,122503,,India
4942,RSC,30.3042028,77.3022788,Approved,Bilaspur HR,North,Delhi NCR,DELHI,TRUE,122413,,India
4473,RSC,28.5315316,77.2620672,Approved,DEL/GKL,North,New Delhi,DELHI,TRUE,110019,,India
4377,RSC,28.457523,77.026344,Approved,DEL/GGN1,North,Delhi NCR,DELHI,TRUE,122002,,India
4840,RSC,28.41272,76.79812,Approved,DEL/FKN,North,Delhi NCR,DELHI,TRUE,122506,,India
1776,SC,21.76,68.94,Approved,P2P/BDR,North,New Delhi,DELHI,TRUE,110086,P2P/BDR,India
1620,SC,21.76,71.67,Approved,DEL/KWN,North,New Delhi,DELHI,TRUE,110094,DEL/KWN,India
1131,SC,21.27,71.9,Approved,DEL/JML,North,New Delhi,DELHI,TRUE,110095,DEL/JML,India
4573,SC,28.54,77.2,Approved,DEL/KWS-TML,North,New Delhi,DELHI,TRUE,110016,DEL/KWS-TML,India
4778,SC,28.7015964,77.2966359,Approved,RVP/MTN,North,New Delhi,DELHI,TRUE,110094,RVP/MTN,India
1287,SC,25.27,71.9,Approved,DEL/TKN,North,New Delhi,DELHI,TRUE,110018,DEL/TKN,India
1132,SC,28.7100887,77.1013952,Approved,DEL/RHN,North,New Delhi,DELHI,TRUE,110085,DEL/RHN,India
9322,SC,28.608227,76.996835,Approved,DEL/NFG/RP,North,Delhi NCR,DELHI,TRUE,110043,Najafgarh,India
9159,SC,28.433421,77.07954,Approved,DEL/WZB-EHV1,North,Delhi NCR,DELHI,TRUE,122003,Wazirabad,India
5418,RSC,27.07025,81.88615,Approved,Tarabganj,North,Gonda,UTTAR PRADESH,TRUE,271319,,India
4039,RSC,25.15794,82.89356,Approved,Rudauli,North,Rudauli,UTTAR PRADESH,TRUE,225411,,India
4509,RSC,26.8850026,80.7978009,Approved,Mohan,North,Mohan UP,UTTAR PRADESH,TRUE,227107,,India
5945,RSC,27.9928,81.092,Approved,Dhaurahara,North,Lakhimpur Khiri,UTTAR PRADESH,TRUE,262723,,India
5926,RSC,27.5404,79.597,Approved,Amritpur,North,Farrukhabad,UTTAR PRADESH,TRUE,209622,,India
5650,RSC,26.44993,80.3318666,Approved,Maharajpur,North,Kanpur,UTTAR PRADESH,TRUE,209402,,India
5769,RSC,26.5613,79.7363,Approved,Jhinjhak,North,Kanpur,UTTAR PRADESH,TRUE,209302,,India
1585,RSC,21.76,71.67,Approved,Fatehpur1,North,Fatehpur,UTTAR PRADESH,TRUE,212601,RSC/Fatehpur1,India
4664,RSC,26.449923,80.331871,Approved,KNP/JMU,North,Kanpur,UTTAR PRADESH,TRUE,208015,,India
5634,RSC,25.2229,81.0092,Approved,Pachokhar,North,Atarra,UTTAR PRADESH,TRUE,210205,,India
6053,RSC,27.047874,79.646004,Approved,Talgram,North,Kannauj,UTTAR PRADESH,TRUE,646004,,India
2775,RSC,26.937469,80.712968,Approved,Malihabad,North,Malihabad,UTTAR PRADESH,TRUE,226102,,India
2009,RSC,21,67,Approved,Deoria1,North,Deoria,UTTAR PRADESH,TRUE,274001,RSC/Deoria1,India
705,RSC,26.751238,82.092455,Approved,Faizabad,North,Faizabad,UTTAR PRADESH,TRUE,224001,RSC/Faizabad,India
1883,RSC,21.76,71.67,Approved,Balrampur1,North,Balrampur,UTTAR PRADESH,TRUE,271201,RSC/Balrampur1,India
5325,RSC,26.7532066,81.4937993,Approved,Ram Sanehi Ghat,North,Barabanki,UTTAR PRADESH,TRUE,225409,,India
5294,RSC,26.125,81.9753,Approved,Durgapur UP,North,Sultanpur,UTTAR PRADESH,TRUE,227406,,India
5135,RSC,26.264776,82.072708,Approved,Kalyanpur,North,Sultanpur,UTTAR PRADESH,TRUE,227408,,India
6033,RSC,26.548059,80.484598,Approved,Ghatampur KNP,North,Ghatampur,UTTAR PRADESH,TRUE,209206,,India
5946,RSC,28.0022,80.15545,Approved,Mohammadi,North,Mohammadi,UTTAR PRADESH,TRUE,262804,,India
5573,RSC,27.0131,82.7994,Approved,Rudranagar,North,Basti,UTTAR PRADESH,TRUE,272151,,India
3804,RSC,26.9682847,83.6015668,Approved,Partawal,North,Partawal,UTTAR PRADESH,TRUE,273301,,India
3611,RSC,26.8473,83.50718,Approved,Maharaja Ganj,North,Partawal,UTTAR PRADESH,TRUE,273301,,India
5420,RSC,26.147612,80.170769,Approved,Ghatampur,North,Ghatampur,UTTAR PRADESH,TRUE,209206,,India
1533,RSC,26.483004,80.2775822,Approved,Lalitpur,North,Lalitpur,UTTAR PRADESH,TRUE,284403,RSC/Lalitpur,India
5428,RSC,26.4333383,81.9166617,Approved,Barun Bazar,North,Ayodhya,UTTAR PRADESH,TRUE,224127,,India
6123,RSC,26.4034,80.3368,Approved,KNP/TPN,North,Kanpur,UTTAR PRADESH,TRUE,208023,,India
5430,RSC,27.0931559,83.283491,Approved,Farenda,North,Maharajganj,UTTAR PRADESH,TRUE,273155,,India
5929,RSC,26.95973,82.75941,Approved,Bankati,North,Bankati,UTTAR PRADESH,TRUE,272123,,India
5950,RSC,26.355776,83.360002,Approved,Urva,North,Gorakhpur,UTTAR PRADESH,TRUE,273407,,India
5955,RSC,25.8099,82.5504,Approved,Naupedwa,North,Jaunpur,UTTAR PRADESH,TRUE,222109,,India
5956,RSC,26.68,79.7778,Approved,Rasulabad,North,Kanpur,UTTAR PRADESH,TRUE,205306,,India
5131,RSC,26.73855,83.74382,Approved,Hata,North,Deoria,UTTAR PRADESH,TRUE,274203,,India
5635,RSC,27.2515,82.0189,Approved,Intyathok,North,Gonda,UTTAR PRADESH,TRUE,271202,,India
5339,RSC,26.763036,80.921859,Approved,Omaxe City,North,Lucknow,UTTAR PRADESH,TRUE,226025,,India
4290,RSC,27.5246311,82.4156829,Approved,Tulsipur,North,TULSIPUR,UTTAR PRADESH,TRUE,271208,,India
4229,RSC,26.4666359,83.4736856,Approved,Janiganj,North,Janiganj,UTTAR PRADESH,TRUE,273411,,India
4185,RSC,27.04313,83.81053,Approved,Laxmiganj,North,Laxmiganj,UTTAR PRADESH,TRUE,274306,,India
3966,RSC,27.144604,83.562172,Approved,Aanand Nagar,North,Aanand Nagar,UTTAR PRADESH,TRUE,273155,,India
4022,RSC,27.31247,83.7253,Approved,Baidauli,North,Nichlaul,UTTAR PRADESH,TRUE,273304,,India
3812,RSC,25.2666512,82.5605074,Approved,Aurai,North,Aurai,UTTAR PRADESH,TRUE,221303,,India
3831,RSC,26.3034441,83.0784027,Approved,Rajesultanpur,North,Rajesultanpur,UTTAR PRADESH,TRUE,276137,,India
3743,RSC,26.21397,83.99398,Approved,Laar,North,Laar,UTTAR PRADESH,TRUE,274508,,India
3185,RSC,26.2738,83.7205,Approved,Bahraj,North,Barhaj UP,UTTAR PRADESH,TRUE,274509,,India
3076,RSC,27.979849,80.753632,Approved,Kheri,North,Khiri,UTTAR PRADESH,TRUE,262701,,India
3432,RSC,26.6871491,80.9841599,Approved,Mohanlalganj,North,Mohanlalganj,UTTAR PRADESH,TRUE,226301,,India
3283,RSC,26.81825,80.92505,Approved,Sarojani Nagar,North,Sarijani Nagar,UTTAR PRADESH,TRUE,226008,,India
5765,RSC,28.0679,80.0968,Approved,Khutar,North,Shahijahanpur,UTTAR PRADESH,TRUE,242401,,India
5572,RSC,26.7918,83.3041,Approved,Gorakhnath,North,Gorakhpur,UTTAR PRADESH,TRUE,273015,,India
5947,RSC,27.499206,80.994428,Approved,Tambour,North,Sitapur,UTTAR PRADESH,TRUE,261208,,India
5631,RSC,26.6638,83.5816,Approved,Chauri Chaura,North,Chauri Chaura,UTTAR PRADESH,TRUE,273201,,India
5438,RSC,27.0412519,82.2268682,Approved,Mankapur,North,Gonda,UTTAR PRADESH,TRUE,271302,,India
1081,RSC,67.87786,87.654445,Approved,Maharajganj,North,Maharajganj,UTTAR PRADESH,TRUE,273303,RSC/Maharajganj,India
3099,RSC,26.153912,81.813087,Approved,Amethi,North,Amethi,UTTAR PRADESH,TRUE,227405,,India
5436,RSC,26.7824,82.204,Approved,Darshan Nagar,North,Ayodhya,UTTAR PRADESH,TRUE,224135,,India
4344,RSC,26.1275159,81.895828,Approved,Tikarmafi,North,TIKARMAFI,UTTAR PRADESH,TRUE,227413,,India
5433,RSC,27.6043,81.6693,Approved,Chilwariya,North,Behraich,UTTAR PRADESH,TRUE,271871,,India
2652,RSC,27.1762379,82.9282329,Approved,BANSI,North,Bansi,UTTAR PRADESH,TRUE,272153,,India
4753,RSC,28.53363,77.26317,Approved,DEL/GDP,North,New Delhi,DELHI,TRUE,110019,,India
6212,RSC,28.341639,77.325348,Approved,FBD/BLG,North,Delhi NCR,DELHI,TRUE,121004,,India
5896,Hub,28.514831,77.295647,Approved,RTO/FRBD,North,Delhi NCR,DELHI,TRUE,121001,DHR,India
6811,RSC,28.6448,77.216721,Approved,Noida/MRA,North,Delhi NCR,DELHI,TRUE,201307,,India
3279,RSC,28.708205,77.312057,Approved,DEL/EDL1,North,Delhi NCR,DELHI,TRUE,123401,,India
3860,RSC,28.474388,77.50399,Approved,Noida1,North,Delhi NCR,DELHI,TRUE,201304,,India
1040,SC,15.588919,73.863035,Approved,GZB/MHN,North,Delhi NCR,DELHI,TRUE,201007,GZB/MHN,India
4916,RSC,28.6305,77.607,Approved,GZB/MHN1,North,Delhi NCR,DELHI,TRUE,201007,,India
4358,RSC,27.31995,72.6504,Approved,Balesar,North,Balesar,RAJASTHAN,TRUE,342023,,India
5588,RSC,27.143144,76.580139,Approved,Baswa,North,Baswa,RAJASTHAN,TRUE,303327,,India
2586,RSC,27,74,Approved,Baytu,North,baytu,RAJASTHAN,TRUE,344034,,India
2866,RSC,26.650884,73.490034,Approved,Bhopalgarh,North,BHOPALGARH,RAJASTHAN,TRUE,342603,,India
4572,RSC,29.9475338,73.6212287,Approved,Keshrisinghpur,North,Keshrisinghpur,RAJASTHAN,TRUE,335027,,India
5302,RSC,26.8192,75.766,Approved,Sanganer,North,Jaipur,RAJASTHAN,TRUE,302029,,India
5770,RSC,33.849,75.1623,Approved,Sirgufwara,North,Anantnag,JAMMU AND KASHMIR,TRUE,192401,,India
3684,RSC,28.9575032,77.272296,Approved,Baghpat2,North,BAGHPAT,UTTAR PRADESH,TRUE,250609,,India
5483,RSC,25.5289564,81.39291,Approved,Kaushambi,North,MANJHANPUR,UTTAR PRADESH,TRUE,212207,,India
616,SC,28.5988067,77.3117616,Approved,NOI/Dummy1,West,Rewari,HARYANA,TRUE,999003,NOI/Dummy,India
5840,Hub TSP,28.526478,77.086515,Approved,DEL/WDL-ICT,North,New Delhi,DELHI,TRUE,110037,DEL/WDL-ICT,India
5827,Hub TSP,28.748705,77.114492,Approved,DEL/NDL-ICT,North,New Delhi,DELHI,TRUE,110086,DEL/NDL-ICT,India
5826,Hub TSP,28.6590663,77.1490145,Approved,DEL/CDL-ICT,North,New Delhi,DELHI,TRUE,110015,DEL/CDL-ICT,India
9730,Hub TSP,28.31065,76.82843,Approved,DEL/DMG/BB1,North,Delhi NCR,DELHI,TRUE,122503,majra,India
9747,Hub LH,28.556,77.0286,Approved,DELHI NORTH SUPER HUB,North,Delhi NCR,DELHI,TRUE,110077,DWARKA,India
1756,Hub TSP,28.5264634,77.0865263,Approved,DEL/HUB-TSP,North,New Delhi,DELHI,TRUE,110037,PAI,India
22,Hub,28.2820609,76.8764956,Approved,DEL/HUB,North,Delhi NCR,DELHI,TRUE,110037,DEL/HUB,India
1604,Hub,28.6707704,76.997247,Approved,DEL/MDK,North,New Delhi,DELHI,TRUE,110041,DEL/MDK,India
1703,Hub,21.76,71.67,Approved,DEL/XYZ,North,New Delhi,DELHI,TRUE,123505,DEL/XYZ,India
561,Hub,28.5342052,77.087384,Approved,DEL/RON,North,Delhi NCR,DELHI,TRUE,110037,UVR,India
5384,Transportation-M,28.312038,76.819207,Approved,DEL/PTD-TSP,North,Delhi NCR,DELHI,TRUE,122503,PAI,India
251,Hub,28.50282,77.030253,Approved,DEL/FC1,North,Delhi NCR,DELHI,TRUE,110061,GUN1,India
320,Hub,23.434355,45.42424,Approved,DEL/DMG,North,Delhi NCR,DELHI,TRUE,122503,PAI,India
119,Hub,28.6262233,77.1248617,Approved,DEL/WDL,North,Delhi NCR,DELHI,TRUE,110064,MAI1,India
1877,Transportation-H,28.675166,76.997367,Approved,DEL/MDK-TSP,North,New Delhi,DELHI,TRUE,110041,DEL/MDK-TSP,India
6445,Hub,28.683932,77.02433,Approved,PCK/MDK,North,New Delhi,DELHI,TRUE,110041,MAI,India
7094,Hub,28.40513,77.25376,Approved,GZB/LHS/Trackon,North,Delhi NCR,DELHI,TRUE,201001,GZB/LHS/Trackon,India
3541,SC,28.7,77.1,Approved,DEL/NDL-EHV1,North,New Delhi,DELHI,TRUE,110042,DEL/NDL-EHV1,India
1801,SC,28.677898,77.012178,Approved,PCK/NDL,North,New Delhi,DELHI,TRUE,110041,PCK/NDL,India
1381,SC,21.76,71.67,Approved,P2P/SDE,North,New Delhi,DELHI,TRUE,110044,P2P/SDE,India
1382,SC,28.5344414,77.0952943,Approved,P2P/BGN,North,New Delhi,DELHI,TRUE,110037,P2P/BGN,India
1380,SC,28.6333869,77.3165582,Approved,P2P/EDL,North,New Delhi,DELHI,TRUE,110092,P2P/EDL,India
6443,SC,28.756973,77.159836,Approved,PCK/SWP,North,New Delhi,DELHI,TRUE,110042,PCK/SWP,India
5397,Hub,28.30487,77.05128,Approved,DEL/LH3,North,Delhi NCR,DELHI,TRUE,122503,GUN2,India
3495,Transportation-H,28.78065594,77.13928595,Approved,DEL/BDH-TSP,North,New Delhi,DELHI,TRUE,110036,DEL/BDH-TSP,India
5692,SC,28.5344766,77.2219154,Approved,RVP/DLSPJ,North,New Delhi,DELHI,TRUE,110017,RVP/DLSPJ,India
2245,Transportation-H,21,65,Approved,DEL/IPX-TSP,North,New Delhi,DELHI,TRUE,110092,DEL/IPX-TSP,India
1994,Hub,21,67,Approved,DEL/GHS,North,Delhi NCR,DELHI,TRUE,201013,DEL/GHS,India
300,Hub,28.7483234,77.1138297,Approved,RVP/NDL,North,Delhi NCR,DELHI,TRUE,201013,RVP/NDL,India
1783,Hub,21.76,71.67,Approved,DEL/LH2,North,New Delhi,DELHI,TRUE,110041,PCK,India
5681,SC,28.64043,77.22238,Approved,DEL/CNP-TML,North,New Delhi,DELHI,TRUE,110006,DEL/CNP-TML,India
6832,Hub,28.555983,77.028528,Approved,DEL/TRACKON,North,New Delhi,DELHI,TRUE,110077,DEL/TRACKON,India
5694,SC,28.3854841,76.9094017,Approved,RVP/DLIMT,North,New Delhi,DELHI,TRUE,122050,RVP/DLIMT,India
4554,SC,28.63,77.24,Approved,DEL/MSR-TML,North,New Delhi,DELHI,TRUE,110002,DEL/MSR-TML,India
1039,SC,28.682118,77.17668,Approved,DEL/ASV,North,New Delhi,DELHI,TRUE,110035,DEL/ASV,India
9753,Hub PC,28.65357,77.32802,Approved,Meesho SHB/FM1,North,Delhi NCR,DELHI,TRUE,201010,Sahibabad,India
5108,RSC,27.897551,77.384117,Approved,Hodal1,North,Delhi NCR,DELHI,TRUE,121106,,India
6461,SC,28.5626,77.2914,Approved,DEL/DUMMY,North,Delhi NCR,DELHI,TRUE,989898,DEL/DUMMY,India
312,Hub,28.511857,77.087295,Approved,RTO/BJE,North,Delhi NCR,DELHI,TRUE,122503,BIN,India
281,Hub,28.62953,77.125923,Approved,RTO/WDL,North,Delhi NCR,DELHI,TRUE,110064,MAI1,India
5825,Hub TSP,28.514799,77.295778,Approved,DEL/SDL-ICT,North,New Delhi,DELHI,TRUE,110044,DEL/SDL-ICT,India
319,Hub,28.4184855,77.3099597,Approved,PCK/FBD,North,Delhi NCR,DELHI,TRUE,121002,KBH,India
284,Hub,28.5147268,77.2956424,Approved,RTO/SDE,North,Delhi NCR,DELHI,TRUE,110044,OKA,India
6066,Hub TSP,28.530068,77.089565,Approved,DEL/PC1-ICT,North,Delhi NCR,DELHI,TRUE,110037,GUN2,India
7228,Terminal,17.6303416,78.4984584,Approved,MEDCHAL-TML,South-1,Medchal,TELANGANA,TRUE,501401,MDCA,India
7113,Terminal,17.418898,78.517005,Approved,RVP/HYDPRN-TML,South-1,Hyderabad,TELANGANA,TRUE,500061,RVP/HYDPRN-TML,India
5555,RSC,12.3464206,76.097892,Approved,Bettadapura,South-2,BETTADAPURA,KARNATAKA,TRUE,571102,Mysore Building8,India
3202,RSC,8.940827,76.538299,Approved,NEENDAKARA,South-2,NEENDAKARA,KERALA,TRUE,691582,,India
2814,RSC,9.2547,76.7813,Approved,PATHANAMTHITTA,South-2,Pathanamthitta,KERALA,TRUE,689645,,India
200,SC,11.9326747,79.4844428,Approved,Villupuram,South-2,VILLUPURAM,TAMIL NADU,TRUE,605602,VLP,India
6020,Terminal,12.959316,80.139808,Approved,MAA/TMB-TML,South-2,Chennai,TAMIL NADU,TRUE,600045,MAA/TMB-TML,India
9696,SC,12.818513,80.160834,Approved,MAA/MBK/LM1,South-2,Chennai,TAMIL NADU,TRUE,600048,MAMBAKKAM,India
5357,RSC,24.5727,81.250844,Approved,Govindgarh,Central,Rewa,MADHYA PRADESH,TRUE,486001,,India
1666,RSC,21.652,78.7958,Approved,Sausar,Central,Sausar,MADHYA PRADESH,TRUE,480106,BON,India
2880,RSC,23.770571,77.581299,Approved,Bichiya,Central,BICHIYA,MADHYA PRADESH,TRUE,481995,,India
2362,RSC,22.4258,80.1097,Approved,Nainpur,Central,Nainpur,MADHYA PRADESH,TRUE,481776,NAR,India
2114,RSC,21.3728,79.3353,Approved,Ramtek,Central,Ramtek,MAHARASHTRA,TRUE,441106,RSC/Ramtek,India
2383,RSC,23.1179,81.7349,Approved,Anuppur,Central,Anuppur,MADHYA PRADESH,TRUE,484001,ANR,India
2518,RSC,20.501314,79.380173,Approved,Chimur,Central,Chimur,MAHARASHTRA,TRUE,442903,,India
2524,RSC,20.9178,79.8591,Approved,Palandur,Central,Palandur,MAHARASHTRA,TRUE,441809,,India
2645,RSC,24.0222,81.379303,Approved,Beohari,Central,Beohari,MADHYA PRADESH,TRUE,484774,BEI,India
2705,RSC,23.679388,81.385234,Approved,Jaisinghnagar,Central,Jaisinghnagar,MADHYA PRADESH,TRUE,484771,JAR,India
2712,RSC,20.804199,77.980797,Approved,Chandur Railway,Central,Chandur Railway,MAHARASHTRA,TRUE,444904,,India
2721,RSC,24.669779,81.881497,Approved,Mauganj,Central,Mauganj,MADHYA PRADESH,TRUE,486331,,India
2827,RSC,20.0619,79.8521,Approved,Saoli,Central,Saoli,MAHARASHTRA,TRUE,441225,,India
2858,RSC,24.570179,80.799948,Approved,Nagod,Central,NAGOD,MADHYA PRADESH,TRUE,485446,,India
2944,RSC,19.6946,79.6164,Approved,Gondpipari,Central,Gondpipari,MAHARASHTRA,TRUE,442702,,India
3658,RSC,23.193491,80.692851,Approved,Shahpura SER,Central,SHAHPURA SER,MADHYA PRADESH,TRUE,481990,,India
4086,RSC,22.1715813,80.33155,Approved,Paraswada,Central,Paraswada,MADHYA PRADESH,TRUE,481556,PAA,India
4074,RSC,22.1876195,78.7598226,Approved,Parasiya,Central,parasiya,MADHYA PRADESH,TRUE,480441,MMT,India
4803,RSC,5,5,Approved,Ramnagar MP,Central,Amarpatan,MADHYA PRADESH,TRUE,485881,RAR,India
4876,RSC,20.4663,79.9831,Approved,ArmoriMH,Central,Armori,MAHARASHTRA,TRUE,441208,,India
5066,RSC,23.8688,80.0535,Approved,Rithi,Central,Rithi,MADHYA PRADESH,TRUE,483990,,India
5182,RSC,21.403,77.3268,Approved,Chikhaldara,Central,Paratwadda,MAHARASHTRA,TRUE,444805,,India
5811,RSC,24.6516,81.5514,Approved,Mangawan,Central,Deotalab,MADHYA PRADESH,TRUE,486111,,India
4841,RSC,24.176336,78.196342,Approved,Dhanora,Central,Gadchiroli,MAHARASHTRA,TRUE,442606,,India
4505,RSC,21.3684,80.3798,Approved,Amangaon,Central,Amangaon,MAHARASHTRA,TRUE,441902,,India
6932,RSC,20.96955,78.90022,Approved,Mauda,Central,Mauda,MAHARASHTRA,TRUE,441104,,India
9224,RSC,24.59208,80.94599,Approved,SAT/MDG/LM1,Central,Satna,MADHYA PRADESH,TRUE,485113,Madhavgarh,India
9771,RSC,20.13251,78.2746,Approved,YTL/MOA/LM1,Central,Yavatmal,MAHARASHTRA,TRUE,445323,Mohada,India
9587,Terminal,21.086467,79.078494,Approved,NGP/MNR/LM1,West,Nagpur,MAHARASHTRA,TRUE,440037,manish nagar,India
2034,RSC,24.3956,81.8825,Approved,Sidhi,Central,Sidhi,MADHYA PRADESH,TRUE,486661,RSC/Sidhi,India
4943,RSC,5,5,Approved,Rewa Khutehi,Central,Rewa,MADHYA PRADESH,TRUE,486001,,India
5126,RSC,21.0172,79.3677,Approved,Kuhi,Central,Umred,MAHARASHTRA,TRUE,441202,,India
5324,RSC,19.9732,79.2987,Approved,Babulpeth,Central,Chandrapur,MAHARASHTRA,TRUE,442401,,India
5813,RSC,24.3423,81.476,Approved,Rampur Naikin,Central,Rampur MP,MADHYA PRADESH,TRUE,486755,,India
6079,RSC,22.7106,81.639,Approved,Karanjiya,Central,Karanjia MP,MADHYA PRADESH,TRUE,481882,,India
6422,RSC,20.9199,78.95,Approved,Khapa,Central,Buttibori,MAHARASHTRA,TRUE,441101,KHA,India
3734,RSC,5,5,Approved,Ghugri,Central,GHUGRI,MADHYA PRADESH,TRUE,481664,,India
4026,RSC,26.3026,78.2818,Approved,Malanpur,Central,Malanpur,MADHYA PRADESH,TRUE,474020,,India
4224,RSC,5,5,Approved,Panagar,Central,Panagar,MADHYA PRADESH,TRUE,483220,,India
482,RSC,22.5942755,88.4056276,Approved,Katni,Central,Katni,MADHYA PRADESH,TRUE,483501,RSC/Katni,India
1229,RSC,21.812876,80.18383,Approved,Balaghat,Central,Balaghat,MADHYA PRADESH,TRUE,481001,RSC/Balaghat,India
1372,RSC,21.76,68.94,Approved,Rewa,Central,Rewa,MADHYA PRADESH,TRUE,486450,RSC/Rewa,India
1546,RSC,21.76,71.67,Approved,Wadsa,Central,Wadsa,MAHARASHTRA,TRUE,441207,RSC/Wadsa,India
5091,RSC,5,5,Approved,Barwha MH,Central,Palandur,MAHARASHTRA,TRUE,441805,,India
5104,RSC,5,5,Approved,Raipur Karchuliyan,Central,Raipur Karchulion,MADHYA PRADESH,TRUE,486114,,India
677,Hub,21.14846,79.095572,Approved,NGP/WADI,Central,Nagpur,MAHARASHTRA,TRUE,440018,NGP/WADI,India
6080,RSC,23.892,79.9584,Approved,Raipura,Central,Rithi,MADHYA PRADESH,TRUE,483330,RAA,India
7036,RSC,22.34918,80.62341,Approved,Amarkantak,Central,Karanjia MP,MADHYA PRADESH,TRUE,481884,AMK,India
1975,RSC,23,67,Approved,Arjuni Sadak,Central,Arjuni Sadak,MAHARASHTRA,TRUE,441807,RSC/Arjuni Sadak,India
2203,RSC,5,5,Approved,Malanjkhand,Central,Malanjkhand,MADHYA PRADESH,TRUE,481116,UKA,India
2713,RSC,5,5,Approved,Kamargaon,Central,Kamargaon,MAHARASHTRA,TRUE,444105,,India
3364,RSC,5,5,Approved,Barela MP,Central,BARELA MP,MADHYA PRADESH,TRUE,483001,,India
699,SC,21.1470512,79.1190644,Approved,NGP/MDC,Central,Nagpur,MAHARASHTRA,TRUE,440023,NGP/MDC,India
3614,RSC,22.77975678,81.4023304,Approved,Rajendragram,Central,RAJENDRAGRAM,MADHYA PRADESH,TRUE,484881,RAM,India
4699,RSC,20.775846,80.747114,Approved,Ambagarh Chowki,Central,Dongargarh,CHHATTISGARH,TRUE,491665,MRI,India
1068,RSC,16.367497,80.843539,Approved,Durg,Central,DURG,CHHATTISGARH,TRUE,491001,RSC/Durg,India
9187,RSC,23.74941,80.57737,Approved,KAT/BDW/LM,Central,Katni,MADHYA PRADESH,TRUE,483773,Badwara,India
5159,RSC,5,5,Approved,Samudrapur,Central,Hinganghat,MAHARASHTRA,TRUE,442305,,India
4667,RSC,21.091463,80.155418,Approved,Rewarathera,Central,Rewa,MADHYA PRADESH,TRUE,486002,REA,India
4504,RSC,5,5,Approved,Wadki,Central,wadki,MAHARASHTRA,TRUE,445308,,India
4234,RSC,5,5,Approved,Deotalab,Central,Deotalab,MADHYA PRADESH,TRUE,486341,,India
3823,RSC,20.2134473,77.562977,Approved,Manora,Central,MANORA,MAHARASHTRA,TRUE,444404,,India
2423,RSC,23.1611,79.6727,Approved,Bhitoni,Central,Bhitoni,MADHYA PRADESH,TRUE,483119,,India
4013,RSC,21.15983,78.41327,Approved,Karanja Ghadge,Central,Karanjaghadge,MAHARASHTRA,TRUE,442203,,India
464,RSC,22.057438,78.938171,Approved,Chindwara,Central,Chindwara,MADHYA PRADESH,TRUE,480001,RSC/Chindwara,India
3009,RSC,20.8852,77.1298,Approved,Dahihanda,Central,Dahihanda,MAHARASHTRA,TRUE,444111,,India
5077,RSC,24.6542871,81.5443872,Approved,Sirmaur MP,Central,SirmaurMP,MADHYA PRADESH,TRUE,486448,,India
2384,RSC,5,5,Approved,Arni,Central,Arni,MAHARASHTRA,TRUE,445105,RSC/Arni,India
4119,RSC,21.866108,75.958857,Approved,Bhikangaon,Central,Bhikangaon,MADHYA PRADESH,TRUE,451331,,India
6050,SC,23.854545,78.793529,Approved,Makroniya MP,Central,MAKRONIYA,MADHYA PRADESH,TRUE,470004,BRD,India
2618,RSC,24.200741,75.008305,Approved,Piplia Mandi,Central,Mandsaur,MADHYA PRADESH,TRUE,458664,BSI,India
2564,RSC,24.07964,75.06864,Approved,Sitamau,Central,Mandsaur,MADHYA PRADESH,TRUE,458001,NBU,India
2859,RSC,24.216313,74.929343,Approved,Jiran,Central,Jiran,MADHYA PRADESH,TRUE,458336,KAI,India
2747,RSC,23.022228,74.579218,Approved,Thandla,Central,Thandla,MADHYA PRADESH,TRUE,457777,NBA,India
2728,RSC,22.071859,75.400282,Approved,Thikri,Central,THIKRI,MADHYA PRADESH,TRUE,451660,ARI,India
3000,RSC,23.720385,76.006643,Approved,Agarmalwa,Central,Agarmalwa,MADHYA PRADESH,TRUE,465441,BEA,India
3572,RSC,22.165343,76.863057,Approved,Khirkiya,Central,Khirkiya,MADHYA PRADESH,TRUE,461441,CHR,India
3660,RSC,21.386,77.3748,Approved,Bhainsdehi,Central,BHAINSDEHI,MADHYA PRADESH,TRUE,460220,,India
4170,RSC,23.79262923,78.41111898,Approved,Rahatgarh,Central,rahatgarh,MADHYA PRADESH,TRUE,470119,,India
5628,RSC,23.5679134,76.4730305,Approved,Sarangpur,Central,Sarangpur,MADHYA PRADESH,TRUE,465697,,India
6149,RSC,22.9903,77.0564,Approved,Ichhawar,Central,ICHHAWAR,MADHYA PRADESH,TRUE,466115,,India
2288,RSC,22.68217,77.258862,Approved,Nasrullagunj,Central,Nasrullagunj,MADHYA PRADESH,TRUE,466331,RSC/Nasrullagunj,India
7073,SC,26.6988037,78.2162036,Approved,Ambah,Central,Morena,MADHYA PRADESH,TRUE,476111,AMH,India
6962,RSC,23.0036,76.3869,Approved,Sonkatch,Central,Sonkatch,MADHYA PRADESH,TRUE,455118,LNR,India
4158,RSC,5,5,Approved,Chapada,Central,CHAPADA,MADHYA PRADESH,TRUE,455227,,India
6761,RSC,22.0974,77.6078,Approved,ChicholiMP,Central,Chicholi,MADHYA PRADESH,TRUE,460330,,India
6680,RSC,23.0507639,75.9112469,Approved,Narwar,Central,Raisen,MADHYA PRADESH,TRUE,456664,,India
6790,RSC,22.817559,75.927478,Approved,Mangalaya,Central,Sanwer,MADHYA PRADESH,TRUE,453771,,India
3738,RSC,5,5,Approved,Betma,Central,BETMA,MADHYA PRADESH,TRUE,453001,,India
7233,RSC,24.8409,77.8767,Approved,Isagarh,Central,Isagarh,MADHYA PRADESH,TRUE,473335,,India
3157,RSC,5,5,Approved,Ratangarh MP,Central,Ratangarh MP,MADHYA PRADESH,TRUE,458226,,India
1548,RSC,21.76,71.67,Approved,Datiya,Central,Datiya,MADHYA PRADESH,TRUE,475661,RSC/Datiya,India
3165,RSC,22.889778,75.258944,Approved,Kanvan,Central,Kanvan,MADHYA PRADESH,TRUE,454665,BAR,India
2566,RSC,24.44327998,77.193405,Approved,Radhogarh,Central,Guna,MADHYA PRADESH,TRUE,473226,RAH,India
2758,RSC,19.220525,77.668757,Approved,Khategaone,Central,KHATEGAON,MADHYA PRADESH,TRUE,455336,YMA,India
2902,RSC,5,5,Approved,Nahargarh,Central,Nahargarh,MADHYA PRADESH,TRUE,458558,,India
1653,SC,21.76,71.67,Approved,RSC/Morena,Central,Morena,MADHYA PRADESH,TRUE,476001,RSC/Morena,India
176,SC,22.9653428,76.051837,Approved,Dewas,Central,Dewas,MADHYA PRADESH,TRUE,455001,DWS,India
3904,RSC,5,5,Approved,Chicholi,Central,Chicholi,MADHYA PRADESH,TRUE,460330,,India
9476,RSC,22.4295855,75.6193539,Approved,MPN/MPN/LM1,Central,Manpur,MADHYA PRADESH,TRUE,453661,Manpur,India
2256,RSC,26.398,78.4525,Approved,Gohad,Central,Gohad,MADHYA PRADESH,TRUE,477116,GOD,India
4726,RSC,22.847627,75.540152,Approved,Depalpur,Central,Depalpur,MADHYA PRADESH,TRUE,453115,,India
9001,SC,12.91965427,77.49966145,,DummyBuildingLive,West,PUNE,MAHARASHTRA,TRUE,999002,Wadgaonsheri,India
4331,RSC,23.213125,76.553222,Approved,Polaykalan,Central,POLAY KALAN,MADHYA PRADESH,TRUE,465116,,India
3905,RSC,22.972123,76.051833,Approved,Dewas1,Central,Dewas,MADHYA PRADESH,TRUE,455001,MRD,India
3358,RSC,22.05,79.246,Approved,Chourai,Central,Chourai,MADHYA PRADESH,TRUE,480115,,India
2198,RSC,23.0216726,75.2354583,Approved,Badnawar,Central,Badnawar,MADHYA PRADESH,TRUE,454660,BAR,India
3398,RSC,23.3053,79.4321,Approved,Tendukheda,Central,TENDUKHEDA,MADHYA PRADESH,TRUE,485001,PRD,India
4057,RSC,22.063839,76.496284,Approved,Mundi,Central,Mundi,MADHYA PRADESH,TRUE,450112,NBD,India
3429,RSC,24.974022,77.565579,Approved,Badrawas MP,Central,BADRAWAS,MADHYA PRADESH,TRUE,473001,BMP,India
3397,RSC,23.4211502,78.8039513,Approved,Kesli,Central,KESLI,MADHYA PRADESH,TRUE,470227,,India
3173,RSC,23.1906176,77.4292884,Approved,Ratibad,Central,Ratibad,MADHYA PRADESH,TRUE,464111,,India
485,RSC,24.5775148,77.7318495,Approved,RSC/Ujjain,Central,Ujjain,MADHYA PRADESH,TRUE,456010,RSC/Ujjain,India
181,SC,23.1778176,75.7911372,Approved,UJJAIN,Central,Ujjain,MADHYA PRADESH,TRUE,456001,UJN,India
6105,RSC,10.659547,76.6887,Approved,KOLLENGODE,South-2,PALAKKAD,KERALA,TRUE,678503,,India
9974,RVP,19.18690854,72.95342324,Approved,THN/WGH/RP1,West,Mumbai,MAHARASHTRA,TRUE,400604,Wagle West,India
3282,RSC,9.36449,77.40171,Approved,KRISHNANKOVIL,South-2,Rajapalayam,TAMIL NADU,TRUE,626126,KRISHNANKOVIL,India
4973,RSC,12.297007,75.875154,Approved,Pollibetta,South-2,Virajpet,KARNATAKA,TRUE,571253,,India
6058,RSC,12.4287045,76.702902,Approved,Pandavapura,South-2,Srirangapatna,KARNATAKA,TRUE,571427,,India
7061,RSC,11.58821989,75.65357844,Approved,THODANUR,South-2,KOZHIKODE,KERALA,TRUE,673541,,India
5537,RSC,10.05129,78.46564,Approved,Manamadurai,South-2,Sivagangai,TAMIL NADU,TRUE,630606,,India
7235,RSC,11.14530194,79.07343704,Approved,Minnagar,South-2,KALLAKURUCHI,TAMIL NADU,TRUE,621704,,India
3146,RSC,11.40573,78.06323,Approved,Mamangam,South-2,Omalur,TAMIL NADU,TRUE,636005,Mamangam,India
3824,RSC,12.39295,77.12048,Approved,Channapatna,South-2,CHANNAPATNA,KARNATAKA,TRUE,562160,,India
7215,RSC,13.94384431,75.58641107,Approved,Savalanga,South-2,SHIVAMOGGA,KARNATAKA,TRUE,577201,,India
1836,RSC,21.76,71.67,Approved,Sankeshwar1,South-2,Sankeshwar,KARNATAKA,TRUE,591313,RSC/Sankeshwar1,India
3453,RSC,8.41282,76.50511,Approved,KOTTIYOD,South-2,Kottiyod,KERALA,TRUE,691503,,India
9948,SC,25.3688776,85.0433103,Approved,MSU/MSU/LM1,East,Punpun,BIHAR,TRUE,804452,Masaurhi,India
9957,Hub PC,21.2035679,72.8856146,Approved,SRT/YOG/PC4,West,Surat,GUJARAT,TRUE,395010,Yogi Chowk,India
7209,RSC,12.421528,78.46825,Approved,Kakkankarai,South-2,THIRUPPATHUR,TAMIL NADU,TRUE,635654,,India
5793,SC,19.1590823,72.9407801,Approved,BOM/BDP-VEHV,West,Thane,MAHARASHTRA,TRUE,400078,BHP,India
6009,Terminal,22.4704215,88.385686,Approved,CCU/PATULI-TML,East,Kolkata,WEST BENGAL,TRUE,700094,CCU/PATULI-TML,India
6063,Terminal,12.8579059,77.796678,Approved,BLR/SPA-TML,South-2,SARJAPURA,KARNATAKA,TRUE,562125,BLR/SPA-TML,India
6651,Terminal,13.08287,80.0814,Approved,MAA/TMV-TML,South-2,Chennai,TAMIL NADU,TRUE,600071,MAA/TMV-TML,India
7020,SC,22.543295,88.417646,Approved,Dhapa1,East,DHAPA,WEST BENGAL,TRUE,700105,DPA1,India
4775,RSC,19.8958,86.1243,Approved,Konark,East,Konark,Odisha,TRUE,752111,,India
9944,HO/RO,28.52984,77.08922,Approved,DEL/RO,North,Delhi NCR,DELHI,TRUE,110037,Samalkha Block,India
9943,HO/RO,19.11282,72.89296,Approved,BOM/RO,West,Mumbai,MAHARASHTRA,TRUE,400072,Boomerage Business Park,India
9942,HO/RO,22.54364,88.41738,Approved,CCU/RO,East,Kolkata,WEST BENGAL,TRUE,700105,At Mouza Dhapa,India
9941,HO/RO,17.40524,78.45159,Approved,HYD/RO,South-1,Hyderabad,TELANGANA,TRUE,500004,Near Masab Tank,India
5121,RSC,26.7761,88.4113,Approved,Pradhannagar,East,SILIGURI,WEST BENGAL,TRUE,734003,,India
5513,RSC,15.2699,73.9918,Approved,Davorlim,West,Margao,GOA,TRUE,403707,DAM,India
9922,RSC,25.324483,84.7975257,Approved,BEL/PLI/LM1,East,Arwal,BIHAR,TRUE,801110,Paliganj,India
2998,RSC,28.2126908,76.8198116,Approved,Dharuhera,North,Dharuhera,HARYANA,TRUE,123106,,India
9716,RSC,26.00026,82.7702,Approved,MTG/KKN/LM1,North,MARTINGANJ,UTTAR PRADESH,TRUE,223224,Kharsan kalaan,India
9473,RSC,25.70383,83.53752,Approved,GZP/BRS/LM1,North,Ghazipur,UTTAR PRADESH,TRUE,233300,Bharsar,India
4347,RSC,25.8291073,84.0276472,Approved,Garwar,North,Garwar,UTTAR PRADESH,TRUE,277121,,India
9920,SC,23.434355,45.42424,Approved,3Sept Building Changes,South-1,Hyderabad,TELANGANA,TRUE,556661,Test Kalyaninagar,India
5338,RSC,34.21231,73.92957,Approved,Boniyar,North,Baramulla,JAMMU AND KASHMIR,TRUE,193122,,India
9889,RSC,22.9518602,72.583253,Approved,AMD/ASI/LM1,West,Ahmedabad,GUJARAT,TRUE,382405,Aslali,India
9903,RSC,25.40553,74.158573,Approved,RBH/KRD/LM1,North,RAIPUR BHILWARA,RAJASTHAN,TRUE,311804,Kareda,India
9894,SC,12.922694,80.097722,Approved,MAA/TMB/LM1,South-2,Chennai,TAMIL NADU,TRUE,600045,No 31 Kone Krishna nagar 2nd Street west thambram Chennai 600045,India
2658,RSC,13.153065,78.388729,Approved,Mulbagal,South-2,MUDHOL,KARNATAKA,TRUE,563131,,India
3609,RSC,13.0033,76.1004,Approved,Halebeedu,South-2,HALEBEEDU,KARNATAKA,TRUE,577101,,India
827,RSC,16.367497,78.395599,Approved,Chamarajanagar,South-2,Chamarajanagar,KARNATAKA,TRUE,571124,RSC/Chamarajanagar,India
3330,RSC,9.8782,76.3039,Approved,AROOR,South-2,Allapey,KERALA,TRUE,688537,,India
3385,RSC,0.01,0.001,Approved,CHEJARLA,South-1,CHEJARLA,ANDHRA PRADESH,TRUE,524341,,India
5068,RSC,26.323921,89.451088,Approved,Baranachina,East,Dinhata,WEST BENGAL,TRUE,995920,,India
2532,RSC,27.2038,77.5011,Approved,Hulasganj,East,Islampur BH,BIHAR,TRUE,801303,,India
2541,RSC,24.1562,85.7462,Approved,Suriya,East,Suriya,JHARKHAND,TRUE,825320,,India
2589,RSC,26.392718,85.506751,Approved,Runnisaidpur,East,Runni Saidpur,BIHAR,TRUE,843328,,India
3077,RSC,20.828,86.3275,Approved,Jajpur Town1,East,Jajpur Town,Odisha,TRUE,755001,,India
1092,RSC,25.27,89,Approved,Hilli,East,Hilli,WEST BENGAL,TRUE,590565,RSC/Hilli,India
6405,RSC,24.3176,84.7924,Approved,Jori,East,Jori,JHARKHAND,TRUE,126006,,India
4190,RSC,22.332,87.8844,Approved,Nimtouri,East,Nimtouri,WEST BENGAL,TRUE,721649,,India
4083,RSC,25.1959,84.249,Approved,Bikramganj,East,Bikramganj,BIHAR,TRUE,802212,,India
4129,RSC,25.8773,86.8521,Approved,Madhepura1,East,Madhepura,BIHAR,TRUE,852113,,India
3950,RSC,25.719,87.9139,Approved,Barsoi,East,Barsoi,BIHAR,TRUE,855102,,India
2718,RSC,24.7148,84.3437,Approved,Aurangabad BH,East,Aurangabad BH,BIHAR,TRUE,824101,,India
4966,RSC,20.9077,83.122,Approved,Padampur OR,East,Padampur OR,Odisha,TRUE,768036,,India
1510,RSC,21.76,71.67,Approved,Jehanabad,East,JEHANABAD,BIHAR,TRUE,804408,RSC/Jehanabad,India
3483,RSC,35.4479,80.818169,Approved,JIRIBAM,North East,Jiribam,MANIPUR,TRUE,995116,,India
2415,RSC,5,5,Approved,Deepnagar BSL,West,Bhusawal,MAHARASHTRA,TRUE,425201,,India
4634,RSC,5,5,Approved,Talkhed,West,Majalgaon,MAHARASHTRA,TRUE,431129,TAD,India
3591,RSC,5,5,Approved,Walchandnagar,West,Walchandnagar,MAHARASHTRA,TRUE,413130,,India
3156,RSC,5,5,Approved,Taloja,West,Taloja,MAHARASHTRA,TRUE,410208,TAA,India
9579,SC,12.97,77.59,Approved,BLR/BGR/HV,South-2,BANGALORE,KARNATAKA,TRUE,562123,Begur,India
9269,RSC,12.7136984,77.7017403,Approved,BLR/ANK/LM,South-2,BANGALORE,KARNATAKA,TRUE,562106,Anekal,India
6629,SC,13.01921117,77.64848949,Approved,RVP/BLRKYN-TML,South-2,BANGALORE,KARNATAKA,TRUE,560043,RVP/BLRKYN-TML,India
1443,SC,21.76,68.94,Approved,Kolar,South-2,BANGALORE,KARNATAKA,TRUE,563103,KOLA,India
5532,SC,12.933065,77.700833,Approved,BLR/BEL-TML,South-2,BANGALORE,KARNATAKA,TRUE,560103,BLR/BEL-TML,India
2659,RSC,13.437331,77.72032,Approved,CHIKKABALAPUR,South-2,Chikkabalapur,KARNATAKA,TRUE,562101,,India
2385,SC,12.9308009,77.7113503,Approved,BLR/PNT,South-2,BANGALORE,KARNATAKA,TRUE,560103,BLR/PNT,India
2338,SC,12.903,77.6242,Approved,BLR/BMN,South-2,BANGALORE,KARNATAKA,TRUE,560068,BLR/BMN,India
2324,SC,12.326968,76.661091,Approved,MYS/NRM,South-2,Mysore,KARNATAKA,TRUE,570007,MYS/NRM,India
1672,SC,12.879288,77.611396,Approved,BLR/HUL,South-2,BANGALORE,KARNATAKA,TRUE,560076,BLR/HUL,India
1134,SC,13.034511,77.742699,Approved,BLR/HSK,South-2,BANGALORE,KARNATAKA,TRUE,560049,BLR/HSK,India
1091,SC,12.8912513,77.6416605,Approved,BLR/ECY,South-2,BANGALORE,KARNATAKA,TRUE,560100,BLR/ECY,India
1083,SC,12.938261,77.579846,Approved,BLR/TYN,South-2,BANGALORE,KARNATAKA,TRUE,560004,BLR/TYN,India
1018,SC,12.9564076,77.6364793,Approved,BLR/TPS,South-2,BANGALORE,KARNATAKA,TRUE,560071,BLR/TPS,India
741,SC,12.9377216,77.6187642,Approved,BLR/KMG,South-2,BANGALORE,KARNATAKA,TRUE,560095,BLR/KMG,India
700,SC,12.9821238,77.5307577,Approved,BLR/KMP,South-2,BANGALORE,KARNATAKA,TRUE,560079,BLR/KMP,India
565,SC,13.0666687,77.4425893,Approved,Nelamangla,South-2,Nelamangala,KARNATAKA,TRUE,562123,NLA,India
564,SC,12.9243859,77.6667197,Approved,BLR/SAJ,South-2,BANGALORE,KARNATAKA,TRUE,560102,BLR/SAJ,India
369,SC,13.03939,77.50032,Approved,BLR/PNY,South-2,BANGALORE,KARNATAKA,TRUE,560073,BLR/PNY,India
360,SC,12.5279351,76.9050795,Approved,Mandya,South-2,Mandya,KARNATAKA,TRUE,571401,MDY,India
359,SC,12.9591619,77.5919748,Approved,BLR/SNN,South-2,BANGALORE,KARNATAKA,TRUE,560027,BLR/SNN,India
344,SC,12.7780045,77.6437255,Approved,BLR/JIG,South-2,BANGALORE,KARNATAKA,TRUE,560105,BLR/JIG,India
327,SC,12.734723,77.8330979,Approved,BLR/HOS,South-2,HOSUR,KARNATAKA,TRUE,635109,BLR/HOS,India
122,SC,13.0448177,77.5503914,Approved,BLR/MAT,South-2,BANGALORE,KARNATAKA,TRUE,560013,BLR/MAT,India
65,SC,12.894464,77.572184,Approved,BLR/JPN,South-2,BANGALORE,KARNATAKA,TRUE,560078,BLR/JPN,India
59,SC,12.9376718,77.5191958,Approved,BLR/EST,South-2,BANGALORE,KARNATAKA,TRUE,560039,BLR/EST,India
64,SC,13.017958,77.64555,Approved,BLR/BRY,South-2,BANGALORE,KARNATAKA,TRUE,560043,BLR/BRY,India
9327,Terminal,17.48437,78.53735,Approved,HYD/SNK/RP,South-1,Hyderabad,TELANGANA,TRUE,500094,Sainikpuri,India
7106,RSC,17.499069,78.36253,Approved,RVP/\HYDMYP-TML,South-1,Hyderabad,TELANGANA,TRUE,500049,,India
7105,Terminal,17.499069,78.36253,Approved,RVP/HYDMYP-TML,South-1,Hyderabad,TELANGANA,TRUE,500049,RVP/HYDMYP-TML,India
7083,RSC,17.474889,78.419466,Approved,RVP\HYDBLR-TML,South-1,Hyderabad,TELANGANA,TRUE,500018,,India
7067,SC,17.474889,78.419466,Approved,RVP/HYDBLR-TML,South-1,Hyderabad,TELANGANA,TRUE,500072,RVP/HYDBLR-TML,India
2790,Hub PC,12.97,77.59,Approved,BLR/PC1,South-2,BANGALORE,KARNATAKA,TRUE,562123,BLR/PC1,India
9283,Hub PC,26.84959428,75.63632462,Approved,Meesho JAI/HUB,North,Jaipur,RAJASTHAN,TRUE,302026,Jaipur,India
6476,Hub PC,11.669635,92.729774,Approved,IXZ/HUB,East,Port Blair,ANDAMAN AND NICOBAR,TRUE,744102,IXZ/HUB,India
9907,Hub LH,26.7234279,88.455542,Approved,SLG/SLG/LH1,East,SILIGURI,WEST BENGAL,TRUE,734006,SILIGURI,India
9497,RVP,19.02447,72.90708,Approved,BOM/VNK/RP,West,Mumbai,MAHARASHTRA,TRUE,400074,Vishnu Nagar,India
6010,Terminal,12.99233,80.102584,Approved,MAA/Kundrathur-TML,South-2,Chennai,TAMIL NADU,TRUE,600069,MAA/Kundrathur-TML,India
5467,RSC,24.2114,86.0326,Approved,Birni,East,Tandwa,JHARKHAND,TRUE,825324,,India
6211,RSC,26.767679,81.111336,Approved,Malihabad/Mall,North,Malihabad,UTTAR PRADESH,TRUE,226104,malihabad,India
9890,SC,19.15470508,72.83961387,Approved,BOM/GOR-West,West,Mumbai,MAHARASHTRA,TRUE,400062,Goregaon,India
6027,RSC,23.5728093,86.3545977,Approved,Chandankiyari,East,Chandankiyari,JHARKHAND,TRUE,828134,,India
264,Hub,12.9670599,77.5899396,Approved,PCK/VST,South-2,BANGALORE,KARNATAKA,TRUE,561111,PCK/VST,India
3323,RSC,12.3023835,76.291494,Approved,Hunsur,South-2,Hunsur,KARNATAKA,TRUE,571105,,India
263,Hub,13.0465047,77.5507387,Approved,PCK/MAT,South-2,BANGALORE,KARNATAKA,TRUE,561110,PCK/MAT,India
1823,Hub,13.070171,77.6118875,Approved,RTO/DVH,South-2,BANGALORE,KARNATAKA,TRUE,562110,RTO/DVH,India
262,Hub,13.0021325,77.6615534,Approved,PCK/BRY,South-2,BANGALORE,KARNATAKA,TRUE,560043,PCK/BRY,India
606,SC,13.013341,76.131604,Approved,Hassan,South-2,Hassan,KARNATAKA,TRUE,573201,HSS,India
2639,RSC,11.684,75.6552,Approved,Nadapuram1,South-2,NADAPURAM,KERALA,TRUE,673509,,India
2149,SC,11.409592,76.709363,Approved,Coonoor,South-2,Coonoor,TAMIL NADU,TRUE,643102,CONR,India
1778,SC,11.9819,75.6703,Approved,IRITTY,South-2,Kannur,KERALA,TRUE,670703,ITY,India
566,SC,13.4245974,77.7286402,Approved,Chikaballapur,South-2,BANGALORE,KARNATAKA,TRUE,562101,CKB,India
404,SC,14.2312999,76.4081012,Approved,CHITRADURGA,South-2,CHITRADURGA,KARNATAKA,TRUE,577501,CTD,India
491,RSC,12.9963057,78.2422672,Approved,RSC/Kolar,South-2,Kolar,KARNATAKA,TRUE,563115,RSC/Kolar,India
323,SC,11.89703538,75.36820248,Approved,KANNUR,South-2,Kannur,KERALA,TRUE,670014,KNR,India
110,SC,12.89836,77.617947,Approved,BLR/CHD,South-2,BANGALORE,KARNATAKA,TRUE,560068,BLR/CHD,India
17,Hub,13.0879633,77.654281,Approved,BLR/CNT,South-2,BANGALORE,KARNATAKA,TRUE,560064,BLR/CNT,India
7025,RSC,11.13783194,76.2631792,Approved,VANIYAMBLAM,South-2,Malappuram,KERALA,TRUE,679339,,India
2071,SC,21,67,Approved,Kunigal,South-2,Nagasandra,KARNATAKA,TRUE,572130,KGLH,India
331,SC,15.8744418,74.529715,Approved,Belgaum,South-2,Belgaum,KARNATAKA,TRUE,590016,IXG,India
2816,RSC,11.9819,75.6703,Approved,PALLIKKUNNU,South-2,Kannur,KERALA,TRUE,670593,,India
587,SC,10.99592,76.47114,Approved,MANNARKAD,South-2,PALAKKAD,KERALA,TRUE,678582,MKD,India
5204,RSC,13.01278,77.01367,Approved,Amruthur,South-2,Nagasandra,KARNATAKA,TRUE,572130,,India
3606,RSC,12.7091,77.6992,Approved,Anekal,South-2,ANEKAL,KARNATAKA,TRUE,635118,,India
3233,RSC,11.2324,76.0518,Approved,Areecode,South-2,AREECODE,KERALA,TRUE,673639,,India
1248,RSC,21.27,71.9,Approved,Bailhongal,South-2,BAILHONGAL,KARNATAKA,TRUE,591102,RSC/Bailhongal,India
4339,RSC,11.24403,75.801918,Approved,Beypore,South-2,Beypore,KERALA,TRUE,673301,,India
2332,RSC,13.833,75.7081,Approved,Bhadravathi,South-2,bhadravathi,KARNATAKA,TRUE,577301,RSC/Bhadravathi,India
5254,RSC,11.85927677,75.456711,Approved,Chakkarakkal,South-2,Kannur,KERALA,TRUE,670613,,India
2016,RSC,21,67,Approved,C K Palli,South-1,C K PALLI,ANDHRA PRADESH,TRUE,515101,RSC/C K Palli,India
3247,RSC,13.37134,78.574454,Approved,CHOWDEPALLI,South-1,CHOWDEPALLI,ANDHRA PRADESH,TRUE,517247,,India
4171,RSC,0.01,0.001,Approved,KALAKADA,South-1,KALAKADA,ANDHRA PRADESH,TRUE,517236,,India
6513,RSC,11.081175,75.860717,Approved,Chettipadi,South-2,Malappuram,KERALA,TRUE,676319,,India
2923,RSC,13.2437,77.7172,Approved,Devanahalli,South-2,DEVANAHALLI,KARNATAKA,TRUE,562110,,India
2281,RSC,20.0318135,71.5788798,Approved,Dharmasala,South-2,Kannur,KERALA,TRUE,670141,RSC/Dharmasala,India
4754,RSC,11.37505193,76.287017,Approved,Edakkara,South-2,NILAMBUR,KERALA,TRUE,679331,,India
4761,RSC,11.60006145,75.591035,Approved,Edodi,South-2,Vadakara,KERALA,TRUE,673101,,India
3686,RSC,11.4859,76.4052,Approved,Gundlupete,South-2,GUNDLUPET,KARNATAKA,TRUE,571111,,India
5207,RSC,13.1282107,75.994424,Approved,HAGARE,South-2,Hassan,KARNATAKA,TRUE,573121,,India
3332,RSC,12.0875,77.3022,Approved,Hanur,South-2,Hanur,KARNATAKA,TRUE,571439,,India
5085,RSC,12.39005,77.26206,Approved,HAROHALLI1,South-2,Harohalli,KARNATAKA,TRUE,562112,,India
4174,RSC,14.647572,76.463747,Approved,Hosahalli,South-2,HOSAHALLI,KARNATAKA,TRUE,583218,,India
1366,RSC,27.71,71,Approved,Hospet1,South-2,Hospet,KARNATAKA,TRUE,583201,RSC/Hospet1,India
6018,RSC,14.664651,75.484872,Approved,Hunsbhavi,South-2,Byadagi,KARNATAKA,TRUE,581111,,India
1279,RSC,21.27,71.9,Approved,Kadur1,South-2,Kadur,KARNATAKA,TRUE,577548,RSC/Kadur1,India
5607,RSC,12.106889,76.669778,Approved,KALALE,South-2,Nanjanagudu,KARNATAKA,TRUE,571301,,India
2666,RSC,11.6103,76.0828,Approved,KALPETTA,South-2,KALPETTA,KERALA,TRUE,673121,,India
4301,RSC,12.3239,77.24562,Approved,Kanakapura,South-2,kanakapura,KARNATAKA,TRUE,562117,,India
3580,RSC,13.370376,79.196506,Approved,PENUMUR,South-1,PENUMUR,ANDHRA PRADESH,TRUE,517126,,India
6035,RSC,11.851194,75.417694,Approved,KER/SA-THOTTADA,South-2,Kannur,KERALA,TRUE,670007,,India
5974,RSC,11.921354,75.332784,Approved,KER-SA-AZHIKODE,South-2,Kannur,KERALA,TRUE,670009,,India
5973,RSC,11.88218,75.348025,Approved,KER-SA-CHALAD,South-2,Kannur,KERALA,TRUE,670008,,India
4097,RSC,12.713124,76.958809,Approved,Koppamandya,South-2,KOPPAMANDYA,KARNATAKA,TRUE,571425,,India
1362,RSC,20.69,69.21,Approved,Kuthuparamba,South-2,Kuthuparamba,KERALA,TRUE,670741,RSC/Kuthuparamba,India
4789,RSC,13.061,77.4618,Approved,Madanayakanahalli,South-2,Nelamangala,KARNATAKA,TRUE,562123,,India
2720,RSC,12.4179178,75.743567,Approved,Madikeri,South-2,MADIKERI,KARNATAKA,TRUE,954710,,India
2783,RSC,11.525,75.7206,Approved,MEPPAYYUR,South-2,MEPPAYYUR,KERALA,TRUE,673307,,India
4532,RSC,12.8271,76.7596,Approved,Nagamangala,South-2,Nagamangala,KARNATAKA,TRUE,471432,,India
5662,RSC,11.7613524,75.587171,Approved,PANOOR,South-2,Kannur,KERALA,TRUE,670692,,India
2614,RSC,11.49158899,75.734298,Approved,Perambra,South-2,PERAMBRA,KERALA,TRUE,673620,,India
3785,RSC,11.91504383,75.730942,Approved,Peravur,South-2,PERAVUR,KERALA,TRUE,670673,,India
4198,RSC,13.26364,77.43143,Approved,Peresandra,South-2,peresandra,KARNATAKA,TRUE,562101,,India
4524,RSC,11.8232398,75.515841,Approved,Pinarayi,South-2,Pinarayi,KERALA,TRUE,670741,,India
6138,RSC,14.000925,75.25637,Approved,RIPPONPET,South-2,SHIVAMOGGA,KARNATAKA,TRUE,577426,,India
6139,RSC,12.5518829,76.259843,Approved,SALIGRAMA,South-2,Mysore,KARNATAKA,TRUE,571604,,India
4073,RSC,17.864169,76.950942,Approved,Shivapura,South-2,shivapura,KARNATAKA,TRUE,585327,,India
509,RSC,23.2156354,72.6369415,Approved,Sira,South-2,Sira,KARNATAKA,TRUE,572137,RSC/Sira,India
5203,RSC,12.146051,75.937441,Approved,Srimangala,South-2,Virajpet,KARNATAKA,TRUE,571218,,India
4239,RSC,13.1671,77.5763,Approved,Thimmasandra,South-2,Thimmasandra,KARNATAKA,TRUE,562159,,India
9203,RSC,13.889008,76.916628,Approved,TMR/PKL/LM,South-2,BANGALORE,KARNATAKA,TRUE,572135,Pattanayakanahalli,India
9378,RSC,12.3503158,76.57961374,Approved,MYS/NUG/LM1,South-2,Nanjanagudu,KARNATAKA,TRUE,571314,Hullahalli,India
428,RSC,17.3298307,76.8634479,Approved,Kalaburagi,South-2,Kalaburagi,KARNATAKA,TRUE,585102,RSC/Kalaburagi,India
496,RSC,18.5934685,73.7929112,Approved,Gadag,South-2,Gadag,KARNATAKA,TRUE,582101,RSC/Gadag,India
508,RSC,15.2688542,76.3909241,Approved,Hospet,South-2,Hospet,KARNATAKA,TRUE,583201,RSC/Hospet,India
1804,RSC,21.76,68.94,Approved,Kallakuruchi1,South-2,KALLAKURUCHI,TAMIL NADU,TRUE,606202,RSC/Kallakuruchi1,India
3983,RSC,15.1275,75.4723,Approved,Lakshmeshwar1,South-2,Lakshmeshwara,KARNATAKA,TRUE,581118,,India
3425,RSC,15.5974,74.7871,Approved,Kittur,South-2,KITTUR,KARNATAKA,TRUE,591115,,India
6878,RSC,15.8946,74.6561,Approved,SULEBHAVI,South-2,Belguam,KARNATAKA,TRUE,587124,,India
6793,RSC,14.9823,75.3241,Approved,Savanur,South-2,Lakshmeshwara,KARNATAKA,TRUE,581118,,India
558,RSC,13.0732003,77.7941432,Approved,Hoskote,South-2,Hoskote,KARNATAKA,TRUE,562114,RSC/Hoskote,India
924,RSC,15.588919,76.931367,Approved,Malur,South-2,Malur,KARNATAKA,TRUE,563130,RSC/Malur,India
2698,RSC,14.0037,75.1706,Approved,Koppa,South-2,KOPPA,KARNATAKA,TRUE,571234,,India
6383,RSC,17.3104,76.873,Approved,JNANAGANGA,South-2,Kalaburagi,KARNATAKA,TRUE,585106,,India
6559,RSC,6.758604,77.137756,Approved,Wadigera,South-2,Yadgir,KARNATAKA,TRUE,585201,,India
3336,RSC,12.195,75.804,Approved,Virajpet,South-2,Virajpet,KARNATAKA,TRUE,571218,,India
3149,RSC,13.1925,78.0181,Approved,Vemgal,South-2,VEMGAL KA,KARNATAKA,TRUE,563102,,India
5364,RSC,12.36520641,75.289094,Approved,Vellarikkundu,South-2,Kasargode,KERALA,TRUE,671533,,India
2255,RSC,10.5251,79.6362,Approved,Thiruthuraipoondi,South-2,Thiruthuraipoondi,TAMIL NADU,TRUE,614713,RSC/Thiruthuraipoondi,India
1110,RSC,11.0478555,77.0657171,Approved,SULUR,South-2,Coimbatore,TAMIL NADU,TRUE,641045,RSC/SULUR,India
2689,RSC,13.3305,78.2077,Approved,Srinivaspura,South-2,Srinivaspur,KARNATAKA,TRUE,563135,,India
2446,RSC,15.2881,74.7633,Approved,Siddapura,South-2,Siddapur,KARNATAKA,TRUE,583282,,India
1482,RSC,21.76,68.94,Approved,Siddapur,South-2,Siddapur,KARNATAKA,TRUE,581355,RSC/Siddapur,India
2889,RSC,14.3804565,75.248453,Approved,Shiralakoppa,South-2,SHIRALAKOPPA,KARNATAKA,TRUE,577428,,India
5562,RSC,15.061944,75.465778,Approved,Shigli,South-2,Gadag,KARNATAKA,TRUE,582116,,India
2928,RSC,13.856,77.4802,Approved,Sevamandir,South-1,SEVAMANDIR,ANDHRA PRADESH,TRUE,515201,,India
1803,RSC,21.76,68.94,Approved,Sankari,South-2,Sankari,TAMIL NADU,TRUE,637301,RSC/Sankari,India
4112,RSC,14.4231,75.5117,Approved,Rattehalli,South-2,RATTIHALLI,KARNATAKA,TRUE,581116,,India
7264,RSC,12.5505831,77.41491407,Approved,Ramnagara,South-2,kanakapura,KARNATAKA,TRUE,562117,,India
3207,RSC,11.2441,76.3,Approved,POOKKOTTUMPADAM,South-2,POOKKOTTUMPADAM,KERALA,TRUE,679332,,India
3694,RSC,12.3384,76.0965,Approved,Piriyapatna,South-2,periapatna,KARNATAKA,TRUE,570023,,India
3180,RSC,13.7538,77.9458,Approved,Pathapalya,South-2,PATHAPSALYA ROK,KARNATAKA,TRUE,561212,,India
1886,RSC,21.76,71.67,Approved,Omalur,South-2,Omalur,TAMIL NADU,TRUE,636502,RSC/Omalur,India
2364,RSC,11.28247981,76.235936,Approved,Nilambur,South-2,NILAMBUR,KERALA,TRUE,679329,RSC/Nilambur,India
6459,RSC,14.4696,76.5459,Approved,NAYAKANAHATTY,South-2,Challakere,KARNATAKA,TRUE,577536,,India
4677,RSC,13.0395,77.5,Approved,Nagasandra,South-2,Nagasandra,KARNATAKA,TRUE,572130,,India
2918,RSC,11.409819,77.446837,Approved,Nagadevampalyam,South-2,NAGADEVAMPALAYAM,TAMIL NADU,TRUE,641654,,India
4217,RSC,12.127301,75.455719,Approved,Naduvil,South-2,Naduvil,KERALA,TRUE,670142,,India
6994,RSC,10.083248,77.062461,Approved,MUNNAR,South-2,Kattapana,KERALA,TRUE,685612,,India
5886,RSC,12.654775,76.861281,Approved,Melukote,South-2,Mandya,KARNATAKA,TRUE,571431,,India
2692,RSC,15.2689,76.3909,Approved,Maramnahalli,South-2,JEWARGI,RAJASTHAN,TRUE,583222,,India
6367,RSC,14.7541,75.0133,Approved,MALGI,South-2,Mundgod,KARNATAKA,TRUE,581346,,India
3269,RSC,16.705,74.2433,Approved,Lokapur,South-2,lokapur,KARNATAKA,TRUE,587122,,India
1193,RSC,21.27,71.9,Approved,Lakshmeshwar,South-2,Lakshmeshwara,KARNATAKA,TRUE,582116,RSC/Lakshmeshwar,India
737,RSC,15.75187,76.192864,Approved,Kushtagi,South-2,Kushtagi,KARNATAKA,TRUE,584121,RSC/Kushtagi,India
1488,RSC,21.76,68.94,Approved,Kunnamkulam,South-2,Ernakulam,KERALA,TRUE,680517,RSC/Kunnamkulam,India
4534,RSC,11.3049,75.8771,Approved,Kunnamangalam,South-2,Kunnamangalam,KERALA,TRUE,673572,,India
4886,RSC,15.1523,75.2623,Approved,Kundgol,South-2,Dharwad,KARNATAKA,TRUE,581117,,India
4820,RSC,12.8794,77.4451,Approved,Kumbalagodu,South-2,BANGALORE,KARNATAKA,TRUE,560074,,India
4887,RSC,13.111,77.1655,Approved,Kudur,South-2,Magadi,KARNATAKA,TRUE,561101,,India
1932,RSC,21,65,Approved,Kaup1,South-2,KAUP,KARNATAKA,TRUE,574106,RSC/Kaup1,India
3203,RSC,15.605,76.6596,Approved,Karatagi,South-2,KARATAGI,KARNATAKA,TRUE,583229,,India
6816,RSC,11.427526,75.899983,Approved,KANTHAPURAM,South-2,Thamarassery,KERALA,TRUE,673573,,India
1333,RSC,13.4405809,79.1141015,Approved,Pakala,South-1,PAKALA,ANDHRA PRADESH,TRUE,517152,RSC/Pakala,India
5405,RSC,11.7871,75.532,Approved,Kadirur,South-2,Kannur,KERALA,TRUE,670741,,India
2854,RSC,14.0258952,77.999708,Approved,ODC AP,South-1,Obuladevaracheruvu  ODC,ANDHRA PRADESH,TRUE,515561,,India
4195,RSC,12.8159,77.6794,Approved,Jigani,South-2,BANGALORE,KARNATAKA,TRUE,560105,,India
3683,RSC,14.1408165,77.9894023,Approved,NALLAMADA AP,South-1,NALLAMADA,ANDHRA PRADESH,TRUE,515501,,India
5354,RSC,14.9515,76.095583,Approved,Ittigi,South-2,Itagi,RAJASTHAN,TRUE,583220,,India
5342,RSC,11.9819,75.6703,Approved,IRITTY1,South-2,Kannur,KERALA,TRUE,670703,,India
6136,RSC,11.986992,75.552005,Approved,Irikkur,South-2,Kannur,KERALA,TRUE,670593,,India
1278,RSC,21.27,71.9,Approved,Ilkal,South-2,ILKAL,KARNATAKA,TRUE,587118,RSC/Ilkal,India
934,RSC,18.975808,73.965371,Approved,Huvinahagali,South-2,Hubli,RAJASTHAN,TRUE,583219,RSC/Huvinahagali,India
6996,RSC,16.201252,76.664547,Approved,HUTTI,South-2,Lingasugur,KARNATAKA,TRUE,584115,,India
3390,RSC,15.26953,76.380666,Approved,Huligi,South-2,HULIGI,RAJASTHAN,TRUE,583234,,India
1963,RSC,23,65,Approved,Harohalli,South-2,Harohalli,KARNATAKA,TRUE,562112,RSC/Harohalli,India
4791,RSC,13.9754,77.1044,Approved,Gudibanda,South-2,Chikkabalapur,KARNATAKA,TRUE,562104,,India
3088,RSC,13.18485,76.56305,Approved,Gubbi,South-2,Gubbi,KARNATAKA,TRUE,572216,,India
6623,RSC,17.04776,77.45666,Approved,Gobbur,South-2,Kalaburagi,KARNATAKA,TRUE,585265,,India
1348,RSC,21.27,71.9,Approved,Gangavalli,South-2,Salem,TAMIL NADU,TRUE,636105,RSC/Gangavalli,India
3229,RSC,13.1588,76.3067,Approved,Gandasi,South-2,lokapur,KARNATAKA,TRUE,573119,,India
1453,RSC,13.987955,77.770729,Approved,Gorantla,South-1,GORANTLA,ANDHRA PRADESH,TRUE,515231,RSC/Gorantla,India
2441,RSC,11.2448,75.9775,Approved,Edavannappara,South-2,Edavannappara,KERALA,TRUE,673645,,India
6977,RSC,11.64470039,75.561501,Approved,Chombala,South-2,KOZHIKODE,KERALA,TRUE,673102,,India
7048,RSC,17.461,77.4193,Approved,CHINCHOLI,South-2,Kalaburagi,KARNATAKA,TRUE,585307,,India
718,RSC,13.565929,78.508214,Approved,Madanapalli,South-1,Madanapalli,ANDHRA PRADESH,TRUE,517325,RSC/Madanapalli,India
2096,RSC,12.8967,77.8667,Approved,Chikka Tirupathi,South-2,Chikka Tirupathi,KARNATAKA,TRUE,563160,RSC/Chikka Tirupathi,India
6608,RSC,14.7185,76.4912,Approved,Chickajogihalli,South-2,Bellary,KARNATAKA,TRUE,583126,,India
5831,RSC,13.940612,77.2635262,Approved,MADAKASIRA,South-1,PENUKONDA,ANDHRA PRADESH,TRUE,515301,,India
6669,RSC,15.1243,75.4725,Approved,Chebbi,South-2,Lakshmeshwara,KARNATAKA,TRUE,582116,,India
1449,RSC,21.76,68.94,Approved,Channagiri1,South-2,Channagiri,KARNATAKA,TRUE,577213,RSC/Channagiri1,India
4729,RSC,12.9716,77.5946,Approved,BLR/SA-VJN,South-2,BANGALORE,KARNATAKA,TRUE,560040,,India
6965,Terminal,12.919092,77.613261,Approved,BLR/AGD-TML,South-2,BANGALORE,KARNATAKA,TRUE,560029,,India
3117,RSC,13.6273,76.287,Approved,Belaguru,South-2,HULIYAR,KARNATAKA,TRUE,577597,,India
2669,RSC,12.982576,78.191124,Approved,Bangarpet,South-2,Kolar,KARNATAKA,TRUE,563114,,India
2431,RSC,13.4069,76.162,Approved,Banavara,South-2,Banavara,KARNATAKA,TRUE,573112,,India
4963,SC,13.0036,77.664833,Approved,BLR/RMN-TML,South-2,BANGALORE,KARNATAKA,TRUE,560016,BLR/RMN-TML,India
4688,SC,13.02,77.51,Approved,BLR/CSN-TML,South-2,BANGALORE,KARNATAKA,TRUE,560058,BLR/CSN-TML,India
4343,RSC,12.8576,77.7864,Approved,BLRSA-SJP,South-2,BANGALORE,KARNATAKA,TRUE,562125,,India
4833,SC,13.05,77.55,Approved,BLR/JYM-TML,South-2,BANGALORE,KARNATAKA,TRUE,560013,BLR/JYM-TML,India
4836,SC,13.06,77.65,Approved,BLR/NKH-TML,South-2,BANGALORE,KARNATAKA,TRUE,560077,BLR/NKH-TML,India
4657,SC,13.43,77.13,Approved,TMK/SYS-TML,South-2,Tumkur,KARNATAKA,TRUE,572106,TMK/SYS-TML,India
4645,SC,12.98,77.7,Approved,BLR/MAH-TML,South-2,BANGALORE,KARNATAKA,TRUE,560048,BLR/MAH-TML,India
4589,SC,13.06547309,77.78189814,Approved,BLR/MVH-TML,South-2,BANGALORE,KARNATAKA,TRUE,562114,BLR/MVH-TML,India
6236,SC,12.974762,77.769116,Approved,BLR/WHF-TML,South-2,BANGALORE,KARNATAKA,TRUE,560066,BLR/WHF-TML,India
6605,SC,13.01921117,77.64848949,Approved,BLR/KYN-TML,South-2,BANGALORE,KARNATAKA,TRUE,560043,BLR/KYN-TML,India
4835,SC,12.91,77.56,Approved,BLR/JNR-TML,South-2,BANGALORE,KARNATAKA,TRUE,560070,BLR/JNR-TML,India
5093,SC,15.364898,75.148791,Approved,HBL/KPR-TML,South-2,Hubli,KARNATAKA,TRUE,580023,HBL/KPR-TML,India
4870,SC,12.9967,77.7669,Approved,BLR/SUK-TML,South-2,BANGALORE,KARNATAKA,TRUE,560067,BLR/SUK-TML,India
4923,SC,12.85,77.59,Approved,BLR/GOTT-TML,South-2,BANGALORE,KARNATAKA,TRUE,560068,BLR/GOTT-TML,India
5097,SC,13.040006,77.605262,Approved,BLR/VNL-TML,South-2,BANGALORE,KARNATAKA,TRUE,560032,BLR/VNL/TML,India
5361,SC,12.9245325,77.6089973,Approved,BLR/BTM-TML,South-2,BANGALORE,KARNATAKA,TRUE,560029,BLR/BTM-TML,India
5349,SC,12.908509,77.694434,Approved,BLR/CAR-TML,South-2,BANGALORE,KARNATAKA,TRUE,560035,BLR/CAR-TML,India
5587,SC,13.026608,77.606672,Approved,BLR/KBS-TML,South-2,BANGALORE,KARNATAKA,TRUE,560032,BLR/KBS-TML,India
6121,SC,12.9564303,77.6619679,Approved,BLR/HAL-TML,South-2,BANGALORE,KARNATAKA,TRUE,560017,BLR/HAL-TML,India
1629,SC,11.3910096,77.9051396,Approved,Tiruchengode,South-2,Salem,TAMIL NADU,TRUE,637211,TIRU,India
4491,SC,12.88,77.6,Approved,BLR/BGA-TML,South-2,BANGALORE,KARNATAKA,TRUE,560076,BLR/BGA - TML,India
4976,RSC,11.19172453,76.315225,Approved,Kalikavu,South-2,POOKKOTTUMPADAM,KERALA,TRUE,676525,,India
1671,SC,12.794221,77.72173,Approved,BLR/BMS,South-2,BANGALORE,KARNATAKA,TRUE,560099,BLR/BMS,India
6135,SC,12.971891,77.641151,Approved,BLR/INR-TML,South-2,BANGALORE,KARNATAKA,TRUE,560038,BLR/INR-TML,India
5479,RSC,9.839439,77.154894,Approved,NEDUMKANDAM,South-2,Kattapana,KERALA,TRUE,685553,,India
6779,SC,12.9568052,77.6581888,Approved,BLR/MMD-TML,South-2,BANGALORE,KARNATAKA,TRUE,560017,BLR/MMD-TML,India
6734,SC,13.0174829,77.6473614,Approved,BLR/BRY-TML,South-2,BANGALORE,KARNATAKA,TRUE,560084,BLR/BRY-TML,India
5527,SC,12.940146,77.5840409,Approved,BLR/JBB-TML,South-2,BANGALORE,KARNATAKA,TRUE,560011,BLR/JBB-TML,India
5683,Terminal,12.9715001,77.69389,Approved,BLR/KRP-TML,South-2,BANGALORE,KARNATAKA,TRUE,560037,BLR/KRP-TML,India
20,SC,12.936991,77.628182,Approved,BLR/STH,South-2,BANGALORE,KARNATAKA,TRUE,560034,BLR/STH,India
380,SC,14.621327,75.632402,Approved,Ranebennur,South-2,Ranebennur,KARNATAKA,TRUE,581115,RBN,India
356,SC,12.521759,78.2154651,Approved,Krishnagiri,South-2,Krishnagiri,TAMIL NADU,TRUE,635001,KRG,India
1628,SC,21.76,68.94,Approved,Usilampatti,South-2,Usilampatti,TAMIL NADU,TRUE,625532,MUN1,India
1706,SC,13.00585661,77.70987958,Approved,BLR/GDP,South-2,BANGALORE,KARNATAKA,TRUE,560036,BLR/GDP,India
2268,SC,13.0108061,77.6664482,Approved,BLR/RNR,South-2,BANGALORE,KARNATAKA,TRUE,560016,BLR/RNR,India
2729,RSC,13.0973,77.3856,Approved,Nelamangala1,South-2,Nelamangala,KARNATAKA,TRUE,560073,,India
63,Hub,12.9244632,77.6669473,Approved,BLR/HUB,South-2,BANGALORE,KARNATAKA,TRUE,560064,JVE,India
6955,RSC,12.31635666,75.089338,Approved,HOSDURG,South-2,Kasargode,KERALA,TRUE,671315,,India
5343,SC,13.9480469,75.576733,Approved,SMG/BYS-TML,South-2,SHIVAMOGGA,KARNATAKA,TRUE,577203,SMG/BYS-TML,India
2029,RSC,13.47066,77.47262,Approved,Bagepalli,South-2,Bagepalli,KARNATAKA,TRUE,561207,RSC/Bagepalli,India
5702,RSC,14.0111383,75.436444,Approved,Ayanur,South-2,SHIVAMOGGA,KARNATAKA,TRUE,577201,,India
6926,RSC,11.86284402,75.40027307,Approved,ATTADAPPA,South-2,Kannur,KERALA,TRUE,670006,,India
2076,RSC,8.93,76.9065,Approved,Anchal,South-2,Kollam,KERALA,TRUE,691306,RSC/Anchal,India
2625,RSC,14.5592,75.1531,Approved,Anavatti,South-2,Anavatti,KARNATAKA,TRUE,577413,,India
2963,RSC,13.2689,76.7149,Approved,Ammasandra,South-2,AMMASANDRA,KARNATAKA,TRUE,572211,,India
6521,RSC,13.4883877,77.4585688,Approved,Alipura,South-2,ALIPURA,KARNATAKA,TRUE,561213,,India
116,Hub,11.739571,78.9693012,Approved,MAA/HUB,South-2,Chennai,TAMIL NADU,TRUE,600072,TAI1,India
9776,SC,13.127815,80.220128,Approved,MAA/KOR/FM1,South-2,Chennai,TAMIL NADU,TRUE,600099,Kolathur,India
23,SC,13.001899,80.219133,Approved,MAA/ALD,South-2,Chennai,TAMIL NADU,TRUE,600032,MAA/ALD,India
229,SC,13.0328047,80.1575696,Approved,MAA/PRR,South-2,Chennai,TAMIL NADU,TRUE,600116,MAA/PRR,India
1779,SC,13.1412967,80.1372208,Approved,MAA/AVD,South-2,Chennai,TAMIL NADU,TRUE,600062,MAA/AVD,India
1880,SC,13.114515,80.292602,Approved,MAA/RPM,South-2,Chennai,TAMIL NADU,TRUE,600013,MAA/RPM,India
1568,SC,12.9170639,80.1762598,Approved,MAA/MDV,South-2,Chennai,TAMIL NADU,TRUE,600100,MAA/MDV,India
1260,SC,13.141081,80.218959,Approved,MAA/MDM,South-2,Chennai,TAMIL NADU,TRUE,600060,MAA/MDM,India
274,SC,13.0935517,80.2625769,Approved,MAA/CHL,South-2,Chennai,TAMIL NADU,TRUE,600003,MAA/CHL,India
173,SC,12.8658494,80.0756287,Approved,MAA/UPM,South-2,Chennai,TAMIL NADU,TRUE,603210,MAA/UPM,India
120,SC,79.6747004,12.8607331,Approved,MAA/TMB,South-2,Chennai,TAMIL NADU,TRUE,600045,MAA/TMB,India
98,SC,12.972207,80.2571136,Approved,MAA/ADY,South-2,Chennai,TAMIL NADU,TRUE,600041,MAA/ADY,India
75,SC,13.061445,80.16834,Approved,MAA/ANR,South-2,Chennai,TAMIL NADU,TRUE,600095,MAA/ANR,India
50,SC,13.050455,80.26696,Approved,MAA/CTP,South-2,Chennai,TAMIL NADU,TRUE,600006,MAA/CTP,India
6526,RSC,11.924559,79.484127,Approved,VIL/SA-VPM,South-2,VILLUPURAM,TAMIL NADU,TRUE,605602,,India
6203,RSC,12.0236,79.1748,Approved,VIL/SA-KPM,South-2,Tiruvannamalai,TAMIL NADU,TRUE,605701,,India
5906,RSC,12.504445,79.608454,Approved,TVM/SA-VAN,South-2,TINDIVANAM,TAMIL NADU,TRUE,604408,,India
6525,RSC,12.209193,79.637791,Approved,TVM/SA-JMT,South-2,VILLUPURAM,TAMIL NADU,TRUE,604001,,India
5415,RSC,12.2523689,79.4148445,Approved,TVM/SA-GNG,South-2,TINDIVANAM,TAMIL NADU,TRUE,604202,,India
6181,RSC,12.292821,78.779623,Approved,TRN/SA-CGM,South-2,Tiruvannamalai,TAMIL NADU,TRUE,606701,,India
4965,RSC,13.1251447,80.0549726,Approved,TRL/SA-TNR,South-2,Chennai,TAMIL NADU,TRUE,602024,Tiruvallur,India
4594,RSC,13.312402,80.02576,Approved,TRL/SA-PPM,South-2,PERIYAPALAYAM,TAMIL NADU,TRUE,601102,,India
6738,RSC,12.1442,79.05518,Approved,TIRUVANNAMALAI TN,South-2,Tiruvannamalai,TAMIL NADU,TRUE,606611,,India
6688,RSC,11.999938,79.584746,Approved,TIRUKANUR,South-2,VILLUPURAM,TAMIL NADU,TRUE,605501,,India
2548,RSC,0.01,0.001,Approved,TADA,South-1,Tada,ANDHRA PRADESH,TRUE,524401,,India
6143,RSC,12.927653,79.906977,Approved,SPR/SA-SVM,South-2,Tiruvallur,TAMIL NADU,TRUE,602106,,India
4561,RSC,11.312054,79.71148,Approved,SIRKAZHI/SA,South-2,SIRKAZHI,TAMIL NADU,TRUE,609102,,India
6979,RSC,13.119945,79.423754,Approved,SHOLINGHUR,South-2,Ranipet,TAMIL NADU,TRUE,631102,,India
3250,RSC,0.01,0.001,Approved,SATYAVEDU,South-1,SATYAVEDU,ANDHRA PRADESH,TRUE,517588,,India
6495,RSC,12.800249,79.438267,Approved,RNP/SA-KVI,South-2,Ranipet,TAMIL NADU,TRUE,632502,,India
3378,RSC,14.196637,79.627846,Approved,RAPUR AP,South-1,RAPUR,ANDHRA PRADESH,TRUE,524408,,India
754,RSC,17.91488,80.843539,Approved,Puttur,South-1,Puttur,ANDHRA PRADESH,TRUE,517583,RSC/Puttur,India
6708,RSC,12.506023,79.122963,Approved,POLUR,South-2,Tiruvannamalai,TAMIL NADU,TRUE,606803,,India
2989,RSC,14.033885,80.043343,Approved,KOTA AP,South-1,KOTA AP,ANDHRA PRADESH,TRUE,524411,,India
6329,RSC,12.7984245,79.8211557,Approved,KCP/SA-WAL,South-2,KANCHIPURAM,TAMIL NADU,TRUE,631605,,India
6735,RSC,12.842263,79.711443,Approved,KANCHIPURAM TN,South-2,KANCHIPURAM,TAMIL NADU,TRUE,631502,,India
1232,RSC,27,77,Approved,Gudur,South-1,Gudur,ANDHRA PRADESH,TRUE,524101,RSC/Gudur,India
6763,RSC,12.318994,80.030654,Approved,CHEYYUR,South-2,Chengalpet,TAMIL NADU,TRUE,603302,,India
6222,RSC,12.363511,80.04253,Approved,CGL/SA-TKM,South-2,Chengalpet,TAMIL NADU,TRUE,603109,,India
5507,RSC,12.1144735,78.7054641,Approved,CDM/SA/PPR,South-2,SIRKAZHI,TAMIL NADU,TRUE,609309,,India
6223,RSC,11.77581,79.546732,Approved,CDL/SA/PRT,South-2,Cuddalore,TAMIL NADU,TRUE,607106,,India
6146,RSC,12.466928,79.353629,Approved,ARN/SA-CPT,South-2,Tiruvannamalai,TAMIL NADU,TRUE,606801,,India
9658,SC,12.92267,80.09778,Approved,MAA/TBM/FM1,South-2,Chennai,TAMIL NADU,TRUE,600045,Tambaram,India
6097,Terminal,13.11606,80.27847,Approved,MAA/RPM-TML,South-2,Chennai,TAMIL NADU,TRUE,600001,MAA/RPM-TML,India
1707,SC,11.62035018,79.55576174,Approved,NEYVELI,South-2,Neyveli,TAMIL NADU,TRUE,607308,NEYL,India
5481,SC,13.19422,80.191294,Approved,MAA/REDHILLS-TML,South-2,Chennai,TAMIL NADU,TRUE,600052,MAA/REDHILLS-TML,India
3909,SC,12.961465,80.139305,Approved,MAA/PAL,South-2,Chennai,TAMIL NADU,TRUE,600044,MAA/PAL,India
4763,SC,12.86,80.14,Approved,MAA/VLR-TML,South-2,Chennai,TAMIL NADU,TRUE,600048,MAA/VLR-TML,India
4701,SC,13.1,80.1,Approved,MAA/KAM-TML,South-2,Chennai,TAMIL NADU,TRUE,600071,MAA/KAM-TML,India
4787,SC,13.11,80.18,Approved,MAA/AMB-TML,South-2,Chennai,TAMIL NADU,TRUE,600080,MAA/AMB-TML,India
4679,SC,13.09,80.07,Approved,MAA/PAT-TML,South-2,Chennai,TAMIL NADU,TRUE,600072,MAA/PAT-TML,India
4818,SC,12.76,79.93,Approved,CGL/TVM-TML,South-2,Chengalpet,TAMIL NADU,TRUE,603101,CGL/TVM-TML,India
4893,SC,13.170753,80.247619,Approved,MAA/MANALI-TML,South-2,Chennai,TAMIL NADU,TRUE,600068,MAA/MANALI-TML,India
4895,SC,12.79,80.19,Approved,MAA/THIRUPPORUR-TML,South-2,Chengalpet,TAMIL NADU,TRUE,603103,MAA/THIRUPPORUR-TML,India
5402,SC,13.030555,80.271212,Approved,MAA/MPR-TML,South-2,Chennai,TAMIL NADU,TRUE,600004,MAA/MPR-TML,India
6606,SC,13.325204,80.185328,Approved,PONNERI-TML,South-2,Tiruvallur,TAMIL NADU,TRUE,601204,PNRX,India
87,SC,12.9182857,79.0925487,Approved,Vellore,South-2,Vellore,TAMIL NADU,TRUE,632010,VLR,India
622,SC,13.300544,80.156779,Approved,Ponneri,South-2,Ponneri,TAMIL NADU,TRUE,601204,PON,India
1569,SC,12.2480721,79.0948687,Approved,Tiruvannamalai,South-2,Tiruvannamalai,TAMIL NADU,TRUE,606601,TRN,India
2403,SC,13.049305,80.112076,Approved,MAA/POE,South-2,Chennai,TAMIL NADU,TRUE,600116,MAA/POE,India
519,SC,12.8607331,79.6747004,Approved,KANCHIPURAM,South-2,KANCHIPURAM,TAMIL NADU,TRUE,631502,KCP,India
6603,SC,13.135763,80.225675,Approved,MAAPOD/EHV-TML,South-2,Chennai,TAMIL NADU,TRUE,600110,MAAPOD/EHV-TML,India
5917,SC,13.053096,80.209637,Approved,MAA/ASN-TML,South-2,Chennai,TAMIL NADU,TRUE,600026,MAA/ASN-TML,India
6091,SC,13.033644,80.170268,Approved,MAA/KKN-TML,South-2,Chennai,TAMIL NADU,TRUE,600089,MAA/KKN-TML,India
6065,SC,13.061612,80.182293,Approved,MAA/ANR-TML,South-2,Chennai,TAMIL NADU,TRUE,600107,MAA/ANR-TML,India
6064,SC,13.152154,80.227684,Approved,MAA/MDM-TML,South-2,Chennai,TAMIL NADU,TRUE,600030,MAA/MDM-TML,India
6045,SC,13.03351,80.15862,Approved,MAA/PRR-TML,South-2,Chennai,TAMIL NADU,TRUE,600116,MAA/PRR-TML,India
6041,SC,12.959316,80.139808,Approved,MAA/UPM-TML,South-2,Chennai,TAMIL NADU,TRUE,600048,MAA/UPM-TML,India
6013,SC,12.959316,80.139808,Approved,MAA/PAL-TML,South-2,Chennai,TAMIL NADU,TRUE,600044,MAA/PAL-TML,India
5914,SC,13.022169,80.219867,Approved,MAA/SDP-TML,South-2,Chennai,TAMIL NADU,TRUE,600015,MAA/SDP-TML,India
5901,SC,13.057464,80.217732,Approved,MAA/KDM-TML,South-2,Chennai,TAMIL NADU,TRUE,600024,MAA/KDM-TML,India
5606,SC,12.9171524,80.1764661,Approved,MAA/MDV-EHV,South-2,Chengalpet,TAMIL NADU,TRUE,600100,MAA/MDV-EHV,India
5551,SC,12.723088,80.184583,Approved,Paiyanur-TML,South-2,Chennai,TAMIL NADU,TRUE,603110,PYNR,India
5542,SC,12.915978,80.17988,Approved,MAA/MDP-TML,South-2,Chennai,TAMIL NADU,TRUE,600129,MAA/MDP-TML,India
4837,SC,13.06,80.02,Approved,Thirumazhisai-TML,South-2,Chennai,TAMIL NADU,TRUE,600124,THRZ,India
4815,SC,13.13,80.13,Approved,MAA/AVD-EHV,South-2,Chennai,TAMIL NADU,TRUE,600062,MAA/AVD-EHV,India
4555,SC,13.13,80.25,Approved,MAA/KOD-TML,South-2,Chennai,TAMIL NADU,TRUE,600118,MAA/KOD-TML,India
1439,SC,12.686788,79.979806,Approved,Chengalpattu,South-2,Chengalpet,TAMIL NADU,TRUE,603101,CGL1,India
3445,SC,12.9771697,79.9576478,Approved,SRIPERUMBUDUR,South-2,SRIPERUMBUDUR,TAMIL NADU,TRUE,602105,SRIS,India
6318,RSC,15.427,74.7381,Approved,ALNAVAR,South-2,Dharwad,KARNATAKA,TRUE,581103,,India
2504,RSC,13.07053,77.38008,Approved,Bagalur,South-2,BAGALUR,KARNATAKA,TRUE,562149,,India
3845,SC,13.075457,77.601742,Approved,BLR/BRY-EHV,South-2,BANGALORE,KARNATAKA,TRUE,560043,JAR,India
5333,Terminal,12.904249,77.626023,Approved,BLR/ECY-TML,South-2,BANGALORE,KARNATAKA,TRUE,560100,BLR/ECY-TML,India
7023,Terminal,13.059923,77.642811,Approved,BLR/GRP-TML,South-2,BANGALORE,KARNATAKA,TRUE,560077,,India
5525,Terminal,12.78389,77.636887,Approved,BLR/JGI-TML,South-2,BANGALORE,KARNATAKA,TRUE,560105,BLR/JGI-TML,India
3859,SC,12.911238,77.588623,Approved,BLR/JPN-EHV,South-2,BANGALORE,KARNATAKA,TRUE,560078,BLR/JPN-EHV,India
3849,SC,13.006514,77.526319,Approved,BLR/KMP-EHV,South-2,BANGALORE,KARNATAKA,TRUE,560058,BLR/KMP-EHV,India
4838,Terminal,12.9432482,77.6200732,Approved,BLR/KRG-TML,South-2,BANGALORE,KARNATAKA,TRUE,560030,BLR/KRG-TML,India
4384,Terminal,13.04,77.49,Approved,BLR/PEN-TML,South-2,BANGALORE,KARNATAKA,TRUE,560073,BLR/PEN - T2,India
4515,Terminal,13.064448,77.492333,Approved,BLR/SKL-TML,South-2,BANGALORE,KARNATAKA,TRUE,560073,BLR/SKL ? TML,India
4671,Terminal,12.95,77.59,Approved,BLR/SRN-TML,South-2,BANGALORE,KARNATAKA,TRUE,560027,BLR/SRN-TML,India
4606,Terminal,13.064177,77.5701187,Approved,BLR/VKS-TML,South-2,BANGALORE,KARNATAKA,TRUE,560097,BLR/VKS-TML,India
7212,SC,12.995417,77.763833,Approved,BLR/WHF-SVC,South-2,BANGALORE,KARNATAKA,TRUE,560067,BLR/WHF-SVC,India
3844,SC,12.995417,77.763833,Approved,BLR/WHT-EHV,South-2,BANGALORE,KARNATAKA,TRUE,560067,BLR/WHT-EHV,India
4431,RSC,12.6204523,79.8340748,Approved,CGL/SA-UTR,South-2,UTHIRAMERUR,TAMIL NADU,TRUE,603107,,India
1364,RSC,27.71,69.21,Approved,Chikodi,South-2,CHIKODI,KARNATAKA,TRUE,591201,RSC/Chikodi,India
502,RSC,20.593684,78.96288,Approved,Doddaballapura,South-2,Doddaballapura,KARNATAKA,TRUE,561203,RSC/Doddaballapura,India
3720,RSC,12.088093,76.334293,Approved,H D KOTE,South-2,H D KOTE,KARNATAKA,TRUE,571114,,India
1884,RSC,21.76,71.67,Approved,Hiriyur2,South-2,Hiriyur,KARNATAKA,TRUE,577511,RSC/Hiriyur2,India
9412,RSC,13.35020129,78.01990961,Approved,KOL/KWR/LM1,South-2,Kolar,KARNATAKA,TRUE,563128,Kaiwara,India
6470,RSC,14.1422282,77.1857151,Approved,Kotagudda,South-2,Pavagada,KARNATAKA,TRUE,572141,,India
5900,Terminal,13.094356,80.251095,Approved,MAA/CHL-TML,South-2,Chennai,TAMIL NADU,TRUE,600012,MAA/CHL-TML,India
6054,Terminal,12.792231,80.093343,Approved,MAA/GUD-TML,South-2,Chennai,TAMIL NADU,TRUE,603202,MAA/GUD-TML,India
4556,Terminal,12.81,80.14,Approved,MAA/MBM-TML,South-2,Chennai,TAMIL NADU,TRUE,600127,MAA/MBM - TML,India
4894,Terminal,13.05,80.18,Approved,MAA/MVL-TML,South-2,Chennai,TAMIL NADU,TRUE,600095,MAA/MVL-TML,India
6694,SC,13.082598,80.076169,Approved,MAA/POE-EHV,South-2,Tiruvallur,TAMIL NADU,TRUE,600072,MAA/POE-EHV,India
5898,Terminal,13.03267,80.16103,Approved,MAA/ROY-TML,South-2,Chennai,TAMIL NADU,TRUE,600014,MAA/ROY-TML,India
4648,Terminal,12.91,80.15,Approved,MAA/SEL-TML,South-2,Chennai,TAMIL NADU,TRUE,600073,MAA/SEL-TML,India
5996,SC,12.8893219,80.2330078,Approved,MAA/SNR-EHV,South-2,Chennai,TAMIL NADU,TRUE,600119,MAA/SNR-EHV,India
4804,Terminal,13.07,80.12,Approved,MAA/TVD-TML,South-2,Chennai,TAMIL NADU,TRUE,600077,MAA/TVD-TML,India
4855,Terminal,12.97,80.22,Approved,MAA/VEL-TML,South-2,Chennai,TAMIL NADU,TRUE,600042,MAA/VEL-TML,India
4526,RSC,12.58299,77.04385,Approved,Maddur,South-2,Maddur,KARNATAKA,TRUE,571428,,India
6348,Terminal,13.170753,80.247619,Approved,MANALI-TML,South-2,Chennai,TAMIL NADU,TRUE,600068,MNLN,India
9470,RSC,12.0339,76.79842,Approved,MYS/KLD/LM1,South-2,Mysore,KARNATAKA,TRUE,571312,RSC/KAVALANDE,India
9446,SC,13.4311328,79.557825,Approved,PTR/PTR/LM1,South-1,Puttur,ANDHRA PRADESH,TRUE,517583,Tirupati highway,India
2780,RSC,13.23291,77.51537,Approved,Shidlaghatta,South-2,Shidlaghatta,KARNATAKA,TRUE,562105,,India
2731,RSC,12.5825,77.25243,Approved,Tavarekere,South-2,TAVAREKERE,KARNATAKA,TRUE,562130,,India
4828,Terminal,13.36,77.03,Approved,TMK/MBH-TML,South-2,Tumkur,KARNATAKA,TRUE,572106,TMK/MBH-TML,India
6817,RSC,16.6502,74.7968,Approved,Ugar,South-2,Belguam,KARNATAKA,TRUE,591316,,India
4802,Terminal,13.11,80.18,Approved,MAA/ICF-TML,South-2,Chennai,TAMIL NADU,TRUE,600080,MAA/ICF-TML,India
2042,RSC,21,67,Approved,Mundoor,South-2,THRISSUR,KERALA,TRUE,680103,RSC/Mundoor,India
4600,RSC,12.1062493,76.673107,Approved,MYS/NJN,South-2,Nanjanagudu,KARNATAKA,TRUE,571301,,India
5704,RSC,12.5404846,76.600243,Approved,Chinakurali,South-2,Mandya,KARNATAKA,TRUE,571455,,India
1678,RSC,21.76,71.67,Approved,Malavalli,South-2,Malavalli,KARNATAKA,TRUE,571430,RSC/Malavalli,India
2528,RSC,13.13114,77.15466,Approved,Dabaspet,South-2,Dabaspet,KARNATAKA,TRUE,562111,,India
4770,RSC,12.46039,77.43314,Approved,BLR/SA-ATBLE,South-2,BANGALORE,KARNATAKA,TRUE,562107,,India
1335,RSC,21.27,71.9,Approved,Kollegala,South-2,Kollegala,KARNATAKA,TRUE,571440,RSC/Kollegala,India
9873,RSC,13.323177,79.589837,Approved,PUT/NRI/LM1,South-1,Puttur,ANDHRA PRADESH,TRUE,517590,Nagari,India
3729,RSC,12.1431996,75.943668,Approved,Ponnampet,South-2,Virajpet,KARNATAKA,TRUE,571218,,India
1448,RSC,21.76,68.94,Approved,Chintamani,South-2,Chintamani,KARNATAKA,TRUE,563125,RSC/Chintamani,India
3136,RSC,17.799519,75.047993,Approved,Malshiras,West,MALASHIRAS,MAHARASHTRA,TRUE,413113,MAS,India
9884,Hub PC,17.439429,78.556792,Approved,HYD/NAM/PC1,South-1,Hyderabad,TELANGANA,TRUE,500076,Nacharam,India
9882,WH,22.76249,88.305718,Approved,CCU/WH-3PL,East,Kolkata,WEST BENGAL,TRUE,712223,Hooghly,India
6437,RSC,9.377253,76.35778,Approved,AMBALAPUZHA,South-2,Allapey,KERALA,TRUE,688561,,India
5256,RSC,11.67635,78.097,Approved,Steelplant,South-2,Salem,TAMIL NADU,TRUE,636060,,India
9355,RSC,10.45263167,77.51115167,Approved,CMB/PLN/LM1,South-2,Palani,TAMIL NADU,TRUE,624601,PALANI,India
9330,RSC,9.738021,77.055654,Approved,KPN/KCR/LM1,South-2,Kattapana,KERALA,TRUE,685511,Kanchiyar,India
6197,RSC,10.253476,76.26081,Approved,KODAKARA,South-2,THRISSUR,KERALA,TRUE,680684,,India
9878,RTO,23.434355,45.42424,Approved,testPOCForVolmo,South-1,Hyderabad,TELANGANA,TRUE,556661,test area1,India
9877,Terminal,12.91588964,77.5135231,Approved,TestPOCDetails,West,PUNE,MAHARASHTRA,TRUE,999002,Dummy test,India
6589,RSC,26.8145,84.6688,Approved,Majhaulia,East,Bettiah,BIHAR,TRUE,681350,,India
9870,RSC,15.5391106,79.9837138,Approved,ONG/SAU/LM1,South-1,Ongole,ANDHRA PRADESH,TRUE,523225,SANTANUTALAPADU,India
9869,RSC,13.253306,79.200001,Approved,CTO/GNE/LM1,South-1,Chittoor,ANDHRA PRADESH,TRUE,517125,Gangadhar Nellore,India
4448,Terminal,19.06,72.9,Approved,BOM/CHB-TML,West,Mumbai,MAHARASHTRA,TRUE,400089,CHR5,India
4454,Terminal,19.2,72.83,Approved,BOM/KND-TML,West,Mumbai,MAHARASHTRA,TRUE,400067,KAI,India
7019,SC,19.18474,72.84155,Approved,BOM/MLD-West,West,Mumbai,MAHARASHTRA,TRUE,400064,MAD2,India
4204,RSC,29.23,77.02,Approved,Samalkha,North,Samalkha,HARYANA,TRUE,132101,,India
9874,RSC,1.000000064,2.100000566,Approved,TestLatLongVolmo,West,PUNE,MAHARASHTRA,TRUE,999002,Pune,India
9872,Hub PC,2.678907643,6.234567868,Approved,TestLatLong,South-1,Hyderabad,TELANGANA,TRUE,556661,Testing,India
5509,RSC,15.2889928,73.965121,Approved,Fatorda,West,Goa,GOA,TRUE,403602,FAA,India
6233,RSC,26.19469,91.32769,Approved,MUKALMUA,North East,Nalbari,ASSAM,TRUE,781138,,India
6875,Hub,19.19787,72.988937,Approved,BHI/DMG,West,Bhiwandi,MAHARASHTRA,TRUE,421302,BHI2,India
6081,Terminal,19.11926079,72.93202209,Approved,BOM/VIKHROLI-TML,West,Mumbai,MAHARASHTRA,TRUE,400083,VII1,India
3773,RSC,5,5,Approved,NeralEast,West,Mumbai,MAHARASHTRA,TRUE,410101,NEL,India
6364,RSC,19.2763,72.8929,Approved,BOM/SA-MIR,West,Mumbai,MAHARASHTRA,TRUE,401107,MID2,India
6723,RSC,19.0456,72.8537,Approved,BOM/SA-Dharavi,West,Mumbai,MAHARASHTRA,TRUE,400017,DHI,India
6482,RSC,19.0726,72.8845,Approved,BOM/SA-Kurla1,West,Mumbai,MAHARASHTRA,TRUE,400070,KUA1,India
5838,RSC,19.0962,72.8877,Approved,Sakinaka,West,Mumbai,MAHARASHTRA,TRUE,400072,SAA,India
4584,RSC,5,5,Approved,Borivali,West,Mumbai,MAHARASHTRA,TRUE,400092,BOI,India
4529,RSC,19.1817092,72.8595419,Approved,Malad East,West,Mumbai,MAHARASHTRA,TRUE,400097,MAD3,India
6487,SC,19.189554,72.943014,Approved,THN/WAGHLE-TML,West,Mumbai,MAHARASHTRA,TRUE,400604,THE,India
5045,SC,19.277454,72.882111,Approved,RVP/MIR,West,Mumbai,MAHARASHTRA,TRUE,401107,MID,India
3877,SC,19.07,72.87,Approved,NBM/KHA-EHV,West,Navi Mumbai,MAHARASHTRA,TRUE,410208,KHR1,India
3876,SC,19.07,72.87,Approved,NBM/GHN-EHV,West,Navi Mumbai,MAHARASHTRA,TRUE,400701,GHI,India
3931,SC,19.07,72.87,Approved,Bhiwandi-EHV,West,Mumbai,MAHARASHTRA,TRUE,421302,BHI1,India
3879,SC,19.07,77.87,Approved,NBM/NRL-EHV,West,Navi Mumbai,MAHARASHTRA,TRUE,400706,NEL,India
3878,SC,19.07,77.87,Approved,NBM/NBM-EHV,West,Navi Mumbai,MAHARASHTRA,TRUE,400703,VAI,India
1813,SC,21.76,68.94,Approved,P2P/BOM,West,Mumbai,MAHARASHTRA,TRUE,400093,ANI2,India
2143,SC,21,67,Approved,BOM/P2P,West,Mumbai,MAHARASHTRA,TRUE,422222,BOM/P2P,India
6478,SC,19.07623,72.88251,Approved,BOM/SA-Kurla,West,Mumbai,MAHARASHTRA,TRUE,400070,KUA,India
1074,RSC,14.550632,76.641358,Approved,Mumbra,West,Mumbra,MAHARASHTRA,TRUE,400612,MUA,India
3365,SC,19.07,72.87,Approved,RVP/ADR,West,Mumbai,MAHARASHTRA,TRUE,400093,ANI3,India
3589,SC,19.07,72.87,Approved,RVP/CHB,West,Mumbai,MAHARASHTRA,TRUE,400071,CHR,India
3587,SC,19.07,72.87,Approved,RVP/KNJ1,West,Mumbai,MAHARASHTRA,TRUE,400042,KMG,India
3637,SC,19.07,72.87,Approved,RVP.NBM/NBM,West,Mumbai,MAHARASHTRA,TRUE,400703,VAI,India
3635,SC,19.07,72.87,Approved,RVP.THN/GHO,West,Mumbai,MAHARASHTRA,TRUE,400610,GHE,India
3638,SC,19.07,72.87,Approved,RVP-NBM/NBM,West,Mumbai,MAHARASHTRA,TRUE,400703,VAI,India
4352,SC,19.02,72.83,Approved,BOM-DDR-T1,West,Mumbai,MAHARASHTRA,TRUE,400028,DAR3,India
1174,Hub,25.27,76,Approved,BHI/IB1,West,Mumbai,MAHARASHTRA,TRUE,421302,BHI2,India
6917,Hub,19.251279,19.1504673,Approved,Reliance DC-Bhiwandi,West,Bhiwandi,MAHARASHTRA,TRUE,421302,BHI1,India
338,SC,19.0818617,72.8478892,Approved,BOM/BND,West,Mumbai,MAHARASHTRA,TRUE,400055,BAA,India
1667,SC,19.0201514,72.8349642,Approved,BOM/DDR,West,Mumbai,MAHARASHTRA,TRUE,400028,DAR,India
476,SC,18.9726618,72.8183904,Approved,BOM/TAR,West,Mumbai,MAHARASHTRA,TRUE,400004,TAO,India
76,SC,19.1285005,72.934645,Approved,BOM/KNJ,West,Mumbai,MAHARASHTRA,TRUE,400042,KMG2,India
9124,SC,18.99403,72.822732,Approved,RVP/WRL,West,Mumbai,MAHARASHTRA,TRUE,400018,WOI3,India
9125,SC,18.935876,72.836734,Approved,RVP/FRT,West,Mumbai,MAHARASHTRA,TRUE,400001,FOT2,India
16,SC,19.119657,72.859062,Approved,BOM/ADR,West,Mumbai,MAHARASHTRA,TRUE,400093,ANI7,India
664,SC,19.0523318,72.8692001,Approved,BOM/SION,West,Mumbai,MAHARASHTRA,TRUE,400037,SIN2,India
758,SC,19.1017266,72.8821138,Approved,BOM/SAK,West,Mumbai,MAHARASHTRA,TRUE,400072,SAA1,India
9764,Hub PC,19.0359847,72.8762912,Approved,BOM/WAE/FM1,West,Mumbai,MAHARASHTRA,TRUE,400037,Wadala Area,India
9313,SC,19.20636,73.11056,Approved,BOM/DKU/RP,West,Mumbai,MAHARASHTRA,TRUE,421203,Dombivli East,India
9338,Terminal,18.57522,72.49286,Approved,BOM/GRD/RP,West,Mumbai,MAHARASHTRA,TRUE,400008,Grant Road,India
5620,SC,19.4017789,72.8418603,Approved,RTO/VASAI,West,Mumbai,MAHARASHTRA,TRUE,401208,VAA,India
9577,RSC,19.281461,73.233794,Approved,BOM/ABY/LM1,West,Mumbai,MAHARASHTRA,TRUE,421605,Ambivali ,India
5348,RSC,19.077141,72.883034,Approved,BOM/SA-SION,West,Mumbai,MAHARASHTRA,TRUE,400070,SIN3,India
9367,Terminal,18.96254769,72.81134876,Approved,BOM/TRD/RP,West,Mumbai,MAHARASHTRA,TRUE,400036,Grant Road,India
9366,Terminal,19.0717256,72.843695,,BOM/BND/RP,West,Mumbai,MAHARASHTRA,TRUE,400055,khar,India
3200,Hub,73.133843,18.967819,Approved,Panvel/HUB,West,Navi Mumbai,MAHARASHTRA,TRUE,412222,PAE,India
832,RSC,18.975808,78.395599,Approved,Dapoli,West,Dapoli,MAHARASHTRA,TRUE,415712,RSC/Dapoli,India
3022,RSC,19.5807305,72.8240965,Approved,Saphale,West,Saphale,MAHARASHTRA,TRUE,400079,SAE,India
3345,RSC,16.8737034,73.3218408,Approved,Pawas,West,Pawas,MAHARASHTRA,TRUE,415616,,India
3613,RSC,18.16662,78.3264623,Approved,Madangad,West,Madangad,MAHARASHTRA,TRUE,415203,,India
5373,RSC,20.0085,73.6831,Approved,Girnare,West,Nashik,MAHARASHTRA,TRUE,422222,GIE,India
5567,RSC,19.8751,72.7628,Approved,Vangaon,West,Dahanu,MAHARASHTRA,TRUE,401503,,India
6789,RSC,19.3735,72.887,Approved,BOM/SA-VASAI,West,Vasai,MAHARASHTRA,TRUE,401208,VAI3,India
9515,RSC,17.06139,73.23083,Approved,NRB/NRB/LM1,West,Ratnagiri,MAHARASHTRA,TRUE,415639,Dhangarwadi,India
1528,RSC,21.76,71.67,Approved,Trambakeshwar,West,Nashik,MAHARASHTRA,TRUE,422402,TRR,India
2035,RSC,18.90929,73.33756,Approved,Karjat1,West,Karjat,MAHARASHTRA,TRUE,410201,KAT1,India
6365,RSC,20.784152,74.841926,Approved,Borvihir,West,Borvihir,MAHARASHTRA,TRUE,424311,,India
5371,RSC,19.4546,72.8338,Approved,BOM/SA-VRA,West,Virar,MAHARASHTRA,TRUE,401303,VIR,India
4488,RSC,5,5,Approved,Desaigaon,West,DESAIGAON,MAHARASHTRA,TRUE,421204,DEN,India
7059,RSC,19.5566,74.3705,Approved,Ashwi,West,Sangamner,MAHARASHTRA,TRUE,413714,,India
5625,RSC,19.3675,73.1809,Approved,Padgha,West,Thane,MAHARASHTRA,TRUE,421101,BHI,India
5158,RSC,5,5,Approved,Talasari,West,Talasari,MAHARASHTRA,TRUE,401606,,India
3369,RSC,20.595846,74.204587,Approved,Nampur,West,Nampur,MAHARASHTRA,TRUE,423301,NAR,India
3284,RSC,5,5,Approved,Wada MH,West,Wada  MH,MAHARASHTRA,TRUE,421302,WAA,India
2417,RSC,5,5,Approved,New Palghar,West,New Palghar,MAHARASHTRA,TRUE,401404,NPR,India
1967,RSC,19.28818,73.03882,Approved,Kalher1,West,Kalher,MAHARASHTRA,TRUE,421302,BHI1,India
1749,RSC,19.28818,73.03882,Approved,Kalher,West,Kalher,MAHARASHTRA,TRUE,421302,BHI,India
5985,RSC,5,5,Approved,BOM/SA-THN,West,Thane,MAHARASHTRA,TRUE,400604,THE3,India
5679,RSC,19.3735,72.887,Approved,BOM/SA-VSI,West,Vasai,MAHARASHTRA,TRUE,401208,VAI2,India
3442,RSC,5,5,Approved,Karanjade,West,Panvel,MAHARASHTRA,TRUE,410206,KAE,India
2503,RSC,5,5,Approved,Dhokali,West,Dhokali,MAHARASHTRA,TRUE,421302,BHI,India
1654,RSC,21.76,68.94,Approved,Rasayani,West,Rasayani,MAHARASHTRA,TRUE,410222,RAI,India
3974,RSC,5,5,Approved,Janefal,Central,Janefal,MAHARASHTRA,TRUE,443304,,India
1537,RSC,21.76,71.67,Approved,Nagothana,West,Nagothana,MAHARASHTRA,TRUE,402106,NAA,India
5105,RSC,5,5,Approved,Sakharkheda,Central,Mehkar,MAHARASHTRA,TRUE,443202,,India
4689,SC,19.98,73.71,Approved,NSK/SATPUR-TML,West,Nashik,MAHARASHTRA,TRUE,422012,SAR,India
6436,SC,19.2357774,72.9675564,Approved,THN/GHO-EHV,West,Thane,MAHARASHTRA,TRUE,400608,GHR1,India
4839,SC,19.19,72.99,Approved,THN/KLW-TML,West,Thane,MAHARASHTRA,TRUE,400605,KAA,India
1013,SC,17.5221579,73.5391014,Approved,Chiplun,West,Chiplun,MAHARASHTRA,TRUE,415605,CPI,India
1846,SC,21.76,71.67,Approved,P2P/THN,West,Thane,MAHARASHTRA,TRUE,400604,THE1,India
5802,Hub TSP,19.1590823,72.9407801,Approved,BOM/BDP-ICT,West,Thane,MAHARASHTRA,TRUE,400078,BHP1,India
5686,Hub,19.2357709,72.9675434,Approved,THN/GHO-ICT,West,Thane,MAHARASHTRA,TRUE,400607,GHR,India
1318,SC,19.2441166,73.1226719,Approved,KALYAN,West,Kalyan,MAHARASHTRA,TRUE,421301,KAN,India
73,SC,19.186134,72.9535,Approved,THN/THN,West,Thane,MAHARASHTRA,TRUE,400604,THE2,India
481,SC,19.4026621,72.8408557,Approved,Vasai,West,Vasai,MAHARASHTRA,TRUE,401208,VAI1,India
132,SC,19.277246,72.882103,Approved,BOM/MIR,West,MIRA BHAYANDER,MAHARASHTRA,TRUE,401105,MID,India
938,SC,19.46839879,72.83596214,Approved,Virar,West,Virar,MAHARASHTRA,TRUE,401303,VIR1,India
218,SC,19.009511,73.0997101,Approved,BOM/PNV,West,Panvel,MAHARASHTRA,TRUE,410209,PAL,India
893,RSC,17.91488,73.965371,Approved,Dhule,West,Dhule,MAHARASHTRA,TRUE,424001,RSC/Dhule,India
2147,RSC,20.0177,76.042122,Approved,Deulgaonraja,Central,DEULGAON RAJA,MAHARASHTRA,TRUE,443204,RSC/Deulgaonraja,India
3241,RSC,21.0073,77.7066,Approved,Walgaon,Central,Walgaon,MAHARASHTRA,TRUE,444801,,India
5807,RSC,19.9784,73.886,Approved,Eklahare,West,Nashik,MAHARASHTRA,TRUE,422101,EKE,India
2416,RSC,19.7992,72.7688,Approved,Boisar,West,Boisar,MAHARASHTRA,TRUE,401501,,India
2760,RSC,21.479263,74.1952,Approved,Khandbara,West,Khandbara,MAHARASHTRA,TRUE,425412,,India
3367,RSC,5,5,Approved,Tisgaon,West,Tisgaon,MAHARASHTRA,TRUE,421202,TIN,India
3775,RSC,5,5,Approved,Nardana,West,Nardana,MAHARASHTRA,TRUE,425404,,India
4330,RSC,5,5,Approved,Nizampur MH,West,Nizampur MH,MAHARASHTRA,TRUE,402120,NMH,India
3873,SC,19.058425,72.920799,Approved,BOM/CHB-EHV,West,Mumbai,MAHARASHTRA,TRUE,400043,CHR3,India
6677,SC,19.1964529,72.8584525,Approved,BOM/KND-EHV,West,Mumbai,MAHARASHTRA,TRUE,400101,KHI1,India
3920,SC,19.07,72.87,Approved,BOM/SRE-EHV,West,Mumbai,MAHARASHTRA,TRUE,400015,SEE2,India
3872,SC,19.07,72.87,Approved,BOM/BDP-EHV,West,Mumbai,MAHARASHTRA,TRUE,400078,BHP1,India
5984,SC,19.0399028,72.8459182,Approved,BOM/MAHIM-TML,West,Mumbai,MAHARASHTRA,TRUE,400016,MAM,India
6435,SC,19.1715435,72.8468789,Approved,BOM/MLD-EHV,West,Mumbai,MAHARASHTRA,TRUE,400104,MAD5,India
6434,SC,19.1632802,72.857759,Approved,BOM/GOR-EHV,West,Mumbai,MAHARASHTRA,TRUE,400063,GON2,India
6448,SC,18.959887,72.836524,Approved,BOM/DONGRI-TML,West,Mumbai,MAHARASHTRA,TRUE,400009,DOI2,India
5094,SC,19.11623573,72.91542053,Approved,BOM/KNJ-TML,West,Mumbai,MAHARASHTRA,TRUE,400079,KAG,India
5778,SC,19.049669,72.87612915,Approved,BOM/CHU-TML,West,Mumbai,MAHARASHTRA,TRUE,400022,CHR1,India
6676,SC,19.0250106,72.835024,Approved,BOM/MAT-EHV,West,Mumbai,MAHARASHTRA,TRUE,400028,MAA,India
5054,SC,19.04953575,72.87609863,Approved,BOM/DRV-TML,West,Mumbai,MAHARASHTRA,TRUE,400022,DHI1,India
6102,SC,19.1028877,72.9140408,Approved,BOM/GHATKOPAR-TML,West,Mumbai,MAHARASHTRA,TRUE,400079,GHR2,India
5839,SC,19.0662598,72.9227599,Approved,BOM/SHV-TML,West,Mumbai,MAHARASHTRA,TRUE,400043,BOM/SHV-TML,India
5334,SC,19.0573992,72.9097672,Approved,BOM/GOV-TML,West,Mumbai,MAHARASHTRA,TRUE,400071,GOI,India
5538,SC,19.1181,72.9252,Approved,BOM/VKR-TML,West,Mumbai,MAHARASHTRA,TRUE,400083,VII,India
4707,SC,19.02,72.86,Approved,BOM/SION-TML,West,Mumbai,MAHARASHTRA,TRUE,400022,SIN1,India
4574,SC,19.05,72.9,Approved,BOM/BRC-TML,West,Mumbai,MAHARASHTRA,TRUE,400071,MAL,India
4553,SC,18.95,72.83,Approved,BOM/DGR-TML,West,Mumbai,MAHARASHTRA,TRUE,400009,DOI1,India
4353,SC,19.02,72.83,Approved,BOM/DDR-TML,West,Mumbai,MAHARASHTRA,TRUE,400016,DAR2,India
3921,SC,19.07,72.87,Approved,BOM/WRL-EHV,West,Mumbai,MAHARASHTRA,TRUE,400018,WOI1,India
3918,SC,19.07,72.87,Approved,BOM/FRT-EHV,West,Mumbai,MAHARASHTRA,TRUE,400001,FOT,India
3875,SC,19.07,72.87,Approved,BOM/SION-EHV,West,Mumbai,MAHARASHTRA,TRUE,400022,SIN,India
3919,SC,19.07,72.87,Approved,BOM/TAR-EHV,West,Mumbai,MAHARASHTRA,TRUE,400034,TAO1,India
3874,SC,19.07,72.87,Approved,BOM/KNJ-EHV,West,Mumbai,MAHARASHTRA,TRUE,400042,KMG1,India
3917,SC,19.07,72.87,Approved,BOM/DSR-EHV,West,Mumbai,MAHARASHTRA,TRUE,400068,DAA,India
6206,SC,19.115945,72.855363,Approved,BOM/ADH-CBC,West,Mumbai,MAHARASHTRA,TRUE,400093,ANI5,India
4875,RTO,19.1767237,72.8707182,Approved,RTO/MLD,West,Mumbai,MAHARASHTRA,TRUE,400063,GON1,India
1673,RSC,21.76,68.94,Approved,Kalavad,West,Kalavad,GUJARAT,TRUE,361160,KAD,India
3422,RSC,20.5173,76.849,Approved,Patur,Central,Patur,MAHARASHTRA,TRUE,444501,,India
2727,RSC,16.8574715,73.5500153,Approved,Lanja,West,LANJA,MAHARASHTRA,TRUE,416701,,India
7123,RSC,26.7538,83.2135,Approved,Sahjanwa,North,Khalilabad,UTTAR PRADESH,TRUE,273209,,India
5257,SC,10.452586,77.5237428,Approved,PALANI/LPM-TML,South-2,Palani,TAMIL NADU,TRUE,624601,PALANI/LPM-TML,India
97,SC,11.1060667,77.3459387,Approved,TIRUPUR,South-2,Tirupur,TAMIL NADU,TRUE,641605,TRP,India
654,SC,10.0409632,77.4947532,Approved,Theni,South-2,Theni,TAMIL NADU,TRUE,625531,THE,India
5915,SC,10.9311227,76.4949928,Approved,MKD/KKS-TML,South-2,PALAKKAD,KERALA,TRUE,678595,MKD/KKS-TML,India
2447,RSC,8.08536,77.333,Approved,Anjugramam,South-2,KANYAKUMARI,TAMIL NADU,TRUE,629401,Anjugramam,India
6140,RSC,9.750398,77.112888,Approved,KATTAPANA1,South-2,Kattapana,KERALA,TRUE,685515,,India
6019,RSC,10.9961,76.46864,Approved,NELLIPUZHA,South-2,PALAKKAD,KERALA,TRUE,678582,,India
4315,RSC,9.568,77.9624,Approved,Muthuramanpatti,South-2,Muthuramanapatti,TAMIL NADU,TRUE,626001,,India
5143,RSC,10.755502,79.799187,Approved,Sikkal,South-2,Ramanathapuram,TAMIL NADU,TRUE,623528,,India
3454,RSC,10.990381,76.839857,Approved,Thondamuthur,South-2,Thondamuthur,TAMIL NADU,TRUE,641109,,India
6321,RSC,9.24524,78.21594,Approved,Mandapasalai,South-2,Virudhunagar,TAMIL NADU,TRUE,626118,,India
6826,RSC,9.605292,77.163191,Approved,Kumily,South-2,Kattapana,KERALA,TRUE,685551,,India
6511,RSC,10.760089,76.544932,Approved,Kottayi,South-2,PALAKKAD,KERALA,TRUE,678573,,India
6961,RSC,10.815166,77.017917,Approved,Kodangipalayam,South-2,Palladam,TAMIL NADU,TRUE,642109,Kodangipalayam,India
5194,RSC,9.33028,78.34465,Approved,KATTUPARAMAKUDI,South-2,Paramakudi,TAMIL NADU,TRUE,623707,,India
6798,Terminal,10.997119,76.932605,Approved,CJB/SVP1-TML,South-2,Coimbatore,TAMIL NADU,TRUE,641039,CJB/SVP1-TML,India
6000,RSC,10.0471,78.0952,Approved,Alanganallur,South-2,Madurai,TAMIL NADU,TRUE,625501,,India
4284,RSC,9.7904482,77.7592403,Approved,Athipati,South-2,Usilampatti,TAMIL NADU,TRUE,625705,Athipati,India
4559,RSC,10.74094,77.518543,Approved,Dharapuram1,South-2,Dharapuram,TAMIL NADU,TRUE,624613,,India
858,SC,10.3746329,77.988736,Approved,Dindigul,South-2,Dindigul,TAMIL NADU,TRUE,624001,DDG,India
6520,RSC,8.946991,77.7738,Approved,KAYATHAR,South-2,KOVILPATTI,TAMIL NADU,TRUE,628952,KAYATHAR,India
2310,RSC,10.995955,77.101428,Approved,Kinathukadavu,South-2,Kinathukadavu,TAMIL NADU,TRUE,641402,RSC/Kinathukadavu,India
5163,RSC,8.0925,77.363,Approved,Koodankulam,South-2,KANYAKUMARI,TAMIL NADU,TRUE,627106,Koodankulam,India
5053,Terminal,9.9307403,78.112164,Approved,MADURAI/SOUTH-TML,South-2,Madurai,TAMIL NADU,TRUE,625016,MADURAI/SOUTH-TML,India
5733,RSC,10.63347,76.929794,Approved,Meenakshipuram,South-2,Pollachi,TAMIL NADU,TRUE,642103,,India
3103,RSC,10.01446,78.19524,Approved,MELUR,South-2,MELUR,TAMIL NADU,TRUE,625106,,India
9598,SC,10.829344,77.016016,Approved,MLM/OKM/LM1,South-2,Palladam,TAMIL NADU,TRUE,642109,Kinathukadvu,India
3615,RSC,9.20495,78.29191,Approved,Muthukulathur,South-2,MUTHUKULATHUR,TAMIL NADU,TRUE,623704,,India
4605,RSC,8.26483,77.361,Approved,Nanguneri,South-2,TIRUNELVELI,TAMIL NADU,TRUE,627152,,India
5535,RSC,11.047857,77.065979,Approved,Neelambur,South-2,Kinathukadavu,TAMIL NADU,TRUE,641062,Neelambur,India
5972,RSC,11.000307,77.032268,Approved,Ondipudur,South-2,Coimbatore,TAMIL NADU,TRUE,641005,,India
5725,RSC,8.872825,78.031428,Approved,Puthiyamputhur,South-2,Tuticorin,TAMIL NADU,TRUE,628402,,India
6292,RSC,10.541417,76.984806,Approved,Samathur,South-2,Pollachi,TAMIL NADU,TRUE,642114,,India
6001,RSC,8.7369,78.0509,Approved,TCN Pudukottai,South-2,Tuticorin,TAMIL NADU,TRUE,628102,,India
4945,Terminal,8.83,77.48,Approved,TENKASI/WEST-TML,South-2,Tenkasi,TAMIL NADU,TRUE,627851,TENKASI/WEST-TML,India
6555,Terminal,8.693561234,77.72995014,Approved,TIRUNELVELI/WEST-TML,South-2,TIRUNELVELI,TAMIL NADU,TRUE,627007,TIRUNELVELI/WEST-TML,India
5711,Terminal,8.828803,78.1402306,Approved,TUTICORIN/WEST-TML,South-2,Tuticorin,TAMIL NADU,TRUE,628002,TUTICORIN/WEST-TML,India
4208,RSC,10.56769,77.246801,Approved,Udumalpet,South-2,Udumalpet,TAMIL NADU,TRUE,642126,,India
487,SC,10.6028666,76.492455,Approved,Vadakkanchery,South-2,Vadakkenchery,KERALA,TRUE,678682,VKC,India
5026,RSC,10.01508,78.00526,Approved,Vadipatti,South-2,Madurai,TAMIL NADU,TRUE,625221,,India
5144,RSC,10.8000405,76.184754,Approved,Vallapuzha,South-2,OTTAPALAM,KERALA,TRUE,679303,,India
4102,RSC,10.57157,77.43074,Approved,Vellakovil,South-2,KANGEYAM,TAMIL NADU,TRUE,638111,Vellakovil,India
6176,RSC,8.952437,77.317005,Approved,Vadakarai,South-2,Tenkasi,TAMIL NADU,TRUE,627811,,India
3779,RSC,11.28316,78.00124,Approved,Morepalyam,South-2,Morepalayam,TAMIL NADU,TRUE,637503,,India
3359,RSC,11.39238,78.23516,Approved,Valappadi,South-2,VALAPPADI,TAMIL NADU,TRUE,636115,,India
7122,RSC,9.243129061,76.68118671,Approved,KULANADA,South-2,PANDALAM,KERALA,TRUE,689503,,India
6627,RSC,11.253998,79.172823,Approved,Senthurai,South-2,JEYAMKONDAM,TAMIL NADU,TRUE,621714,,India
3147,RSC,9.225,76.6785,Approved,Pandalam,South-2,PANDALAM,KERALA,TRUE,689516,,India
9304,RSC,9.884439,76.968555,Approved,KPN/CHR/LM1,South-2,Kattapana,KERALA,TRUE,685602,Cheruthoni,India
5730,RSC,10.570697,79.018083,Approved,Gandharvakottai,South-2,Trichy,TAMIL NADU,TRUE,613301,,India
5669,RSC,10.893037,78.393402,Approved,Iyermalai,South-2,KULITHALAI,TAMIL NADU,TRUE,639120,Iyermalai,India
4068,RSC,10.514993,78.615663,Approved,KEERANUR,South-2,Pudukkottai,TAMIL NADU,TRUE,622502,KEERANUR,India
6425,RSC,9.23144,76.36502,Approved,Thuruthicaud,South-2,Tiruvella,KERALA,TRUE,689541,,India
9301,RSC,11.0823071,77.349513,Approved,TUP/TPM/LM1,South-2,Tirupur,TAMIL NADU,TRUE,641604,Tiruppur,India
7163,RSC,14.0647895,76.86068363,Approved,Dharmapura,South-2,CHITRADURGA,KARNATAKA,TRUE,577546,,India
5726,RSC,10.14406,78.45198,Approved,Thirumayam,South-2,Trichy,TAMIL NADU,TRUE,622507,,India
4311,RSC,11.62175,77.58725,Approved,Kesarimangalam,South-2,Anthiyur,TAMIL NADU,TRUE,638501,Kesarimangalam,India
2217,RSC,11.3599,75.9129,Approved,KODUVALLY,South-2,Kannur,KERALA,TRUE,673601,RSC/KODUVALLY,India
9483,RSC,9.595663,76.50293,Approved,KTY/KRM/LM1,South-2,Kottayam,KERALA,TRUE,686005,THAZHATHANGADY,India
7015,RSC,9.963478,76.251275,Approved,MATTANCHERY,South-2,Ernakulam,KERALA,TRUE,682002,,India
6602,RSC,9.458357,76.627718,Approved,Nedungadappally,South-2,Tiruvella,KERALA,TRUE,689581,,India
6948,RSC,11.68052778,78.13119444,Approved,Narasothipatti,South-2,Salem,TAMIL NADU,TRUE,636004,,India
6947,RSC,11.82266667,77.89547222,Approved,Mecheri,South-2,METTUR,TAMIL NADU,TRUE,636453,Mecheri,India
7029,RSC,12.4244,75.7382,Approved,Napoklu MYS,South-2,MADIKERI,KARNATAKA,TRUE,571214,,India
5027,RSC,9.16022,76.46489,Approved,Konni,South-2,Pathanamthitta,KERALA,TRUE,689645,,India
5486,RSC,9.5653,76.5662,Approved,RSC/PUTHUPPALLY,South-2,Kottayam,KERALA,TRUE,686538,,India
3321,RSC,10.2776,78.5424,Approved,Ponnamaravathy,South-2,PONNAMARAVATHY,TAMIL NADU,TRUE,622407,,India
4108,RSC,11.58506,79.1238,Approved,THIRUKKOVILUR,South-2,THIRUKOVILUR,TAMIL NADU,TRUE,605752,,India
3281,RSC,12.19284,78.21539,Approved,Pochampalli,South-2,ORATHANADU,TAMIL NADU,TRUE,635206,,India
9469,RSC,9.07266,76.5065,Approved,KPY/ADN/LM1,South-2,Karunagappally,KERALA,TRUE,690524,Adinadu,India
2892,RSC,23.0269,72.6454,Approved,Viratnagar,North,Viratnagar,RAJASTHAN,TRUE,303102,,India
5822,RSC,24.72328,71.85626,Approved,Sanchore,North,Sanchor,RAJASTHAN,TRUE,343041,,India
591,SC,28.127552,75.406575,Approved,Jhunjhunu,North,Jhunjhunu,RAJASTHAN,TRUE,333001,JHJ,India
4212,RSC,26.7391735,75.312399,Approved,Dudu,North,Dudu,RAJASTHAN,TRUE,303008,,India
5962,RSC,25.8657906,75.6033457,Approved,Dooni,North,Deoli Raj,MAHARASHTRA,TRUE,304802,,India
395,RSC,27.2180007,77.9926903,Approved,Dausa,North,Dausa,RAJASTHAN,TRUE,303303,RSC/Dausa,India
6159,RSC,26.742649,77.539581,Approved,Basedi,North,BARI RJ,RAJASTHAN,TRUE,328022,,India
3461,RSC,26.6453744,77.6108966,Approved,Bari RJ,North,BARI RJ,RAJASTHAN,TRUE,328021,,India
9857,RSC,26.595682,85.712194,Approved,SIT/RIA/LM1,East,SITAMARHI,BIHAR,TRUE,843327,RIGA,India
9863,RSC,12.91588964,77.5135231,Approved,TestingMastersForVolmo,West,PUNE,MAHARASHTRA,TRUE,999002,testing,India
9862,RSC,23.434355,45.42424,Approved,TestMasters,South-1,Hyderabad,TELANGANA,TRUE,556661,Testing,India
9855,RSC,26.416963,92.734335,Approved,NGN/RUI/LM1,North East,Nagaon,ASSAM,TRUE,782125,Rupahi,India
2082,RSC,9.520891,76.703382,Approved,Karukachal,South-2,Kottiyam,KERALA,TRUE,686541,RSC/Karukachal,India
9853,SC,13.062028,80.164167,Approved,MAA/MDL/IPC,South-2,Chennai,TAMIL NADU,TRUE,600095,Maduravoyal,India
9854,SC,13.022517,80.223009,Approved,MAA/NAM/IPC,South-2,Chennai,TAMIL NADU,TRUE,600015,SAIDAPET,India
9002,Hub LH,23.434355,45.42424,Approved,TestDummyFacility1,South-1,Hyderabad,TELANGANA,TRUE,556661,Vadgaonsheri,India
9388,SC,31.153766,76.964098,Approved,ARK/ARK/LM1,North,Arki,HIMACHAL PRADESH,TRUE,173208,Arki,India
3932,SC,20.29,85.82,Approved,BBN/HUB-EHV,East,Bhubaneswar,Odisha,TRUE,751002,BBN/HUB-EHV,India
9510,SC,26.7144476,92.4760423,Approved,DKL/DKL/LM1,North East,DHEKIAJULI,ASSAM,TRUE,784110,Dhekiajuli,India
266,SC,15.277086,73.994403,Approved,GOA/MRG,West,Goa,GOA,TRUE,403709,MAO,India
9847,RSC,19.935989,73.821793,Approved,NSK/NRD/LM1,West,Nashik,MAHARASHTRA,TRUE,422101,Nasik Road,India
4475,RSC,21.300009,76.2333243,Approved,Burhanpur UP,North,Burhanpur UP,UTTAR PRADESH,TRUE,276142,,India
4145,RSC,27.144215,83.759789,Approved,Siswa Bazar,North,Siswa Bazar,UTTAR PRADESH,TRUE,273151,,India
3114,RSC,26.8097019,79.4957932,Approved,Bidhuna,North,BITHUNA,UTTAR PRADESH,TRUE,206243,,India
4507,RSC,25.6166354,79.1864411,Approved,Gurusarai,North,Gurusarai,UTTAR PRADESH,TRUE,284202,,India
3788,RSC,22.416667,73.65,Approved,Shivrajpur,North,Shivrajpur,UTTAR PRADESH,TRUE,209205,,India
1595,RSC,21.76,71.67,Approved,Karwi,North,Karwi,UTTAR PRADESH,TRUE,210205,RSC/Karwi,India
5002,RSC,26.536938,80.48996,Approved,Bighapur,North,Bighapur,UTTAR PRADESH,TRUE,209865,,India
6402,RSC,26.2722,79.1859,Approved,Madhogarh,North,ORAI,UTTAR PRADESH,TRUE,285126,,India
3301,RSC,26.6827052,84.0497813,Approved,Fazilnagar,North,Fazil Nagar UP,UTTAR PRADESH,TRUE,274401,,India
981,RSC,17.91488,73.965371,Approved,Irinjalakuda,South-2,Irinjalakuda,KERALA,TRUE,680665,RSC/Irinjalakuda,India
3058,RSC,22.563,88.3963,Approved,Dhapa,East,DHAPA,WEST BENGAL,TRUE,498458,,India
5689,SC,28.632092,77.316181,Approved,RVP/IPX,North,New Delhi,DELHI,TRUE,110096,RVP/IPX,India
4513,SC,28.701448,77.296076,Approved,DEL/MTN,North,New Delhi,DELHI,TRUE,110093,DEL/MTN,India
5829,Hub TSP,28.653501,77.323086,Approved,DEL/EDL-ICT,North,Delhi NCR,DELHI,TRUE,201010,SAD,India
6323,Hub TSP,28.527112,77.40003,Approved,DEL/GNA-ICT,North,Delhi NCR,DELHI,TRUE,201305,DEL/GNA-ICT,India
4310,RSC,28.624535,77.104065,Approved,DEL/PTN,North,New Delhi,DELHI,TRUE,110093,,India
4776,SC,27.132562,83.550545,Approved,MRG/Maharajganj,North,Maharajganj,UTTAR PRADESH,TRUE,273303,MRG/Maharajganj,India
4777,RSC,26.73988,83.886971,Approved,Kushinagar,North,Kasya,UTTAR PRADESH,TRUE,274402,,India
4034,RSC,27.644138,79.94471,Approved,Shahbad UP,North,Shahbad UP,UTTAR PRADESH,TRUE,241124,,India
4622,RSC,26.4333413,81.9166587,Approved,Milkipur,North,Milkipur,UTTAR PRADESH,TRUE,224164,,India
5763,RSC,26.7528,81.1503,Approved,Gosaiganj1,North,Faizabad,UTTAR PRADESH,TRUE,226501,,India
6847,RSC,26.935,83.6442,Approved,Sukrauli,North,Kushinagar,UTTAR PRADESH,TRUE,274207,,India
5739,RSC,27.145538,81.9688231,Approved,Gonda UP,North,Gonda,UTTAR PRADESH,TRUE,271002,,India
5580,RSC,26.6587845,83.2273617,Approved,Khajni,North,Gorakhpur,UTTAR PRADESH,TRUE,273212,,India
1471,RSC,21.76,71.67,Approved,Naugarh,North,Naugarh,UTTAR PRADESH,TRUE,272207,RSC/Naugarh,India
1427,RSC,21.76,68.94,Approved,Kasya,North,Kasya,UTTAR PRADESH,TRUE,274402,RSC/Kasya,India
3475,RSC,26.7236896,83.820174,Approved,Barkulwa,North,Bharkulwa,UTTAR PRADESH,TRUE,274206,,India
2776,RSC,26.5139044,83.7982547,Approved,Deoria2,North,Deoria,UTTAR PRADESH,TRUE,274001,,India
2632,RSC,26.293939,83.924138,Approved,SALEMPUR,North,SALEMPUR,UTTAR PRADESH,TRUE,274509,,India
2604,RSC,27.9513,80.746,Approved,LAKHIMPURKHIRI,North,Lakhimpur Khiri,UTTAR PRADESH,TRUE,262701,,India
3817,RSC,26.450008,82.7666587,Approved,Bhaskhari,North,Bhaskhari,UTTAR PRADESH,TRUE,224129,,India
9280,RSC,26.826917,83.537989,Approved,PRP/PRP/LM1,North,Pipraich,UTTAR PRADESH,TRUE,273152,Pipraich,India
4425,RSC,27.3184785,82.4115685,Approved,Utraula,North,Utraula,UTTAR PRADESH,TRUE,271604,,India
3816,RSC,26.42702,81.8644,Approved,Jagdishpur,North,Jagdishpur,UTTAR PRADESH,TRUE,227817,,India
5328,RSC,27.140273,81.699582,Approved,Colonelganj,North,Gonda,UTTAR PRADESH,TRUE,271502,,India
4920,RSC,27.285755,80.837402,Approved,Sidhauli1,North,Sidhauli,UTTAR PRADESH,TRUE,261303,,India
933,RSC,15.588919,78.395599,Approved,Gonda,North,Gonda,UTTAR PRADESH,TRUE,271001,RSC/Gonda,India
4508,RSC,28.5328,80.57575,Approved,Palia,North,Palia UP,UTTAR PRADESH,TRUE,262902,,India
4376,RSC,26.449923,80.33187,Approved,Bikapur,North,Bikapur,UTTAR PRADESH,TRUE,224204,,India
5581,RSC,26.3954,79.6278,Approved,Sikandra KNP,North,AKBARPUR KANPUR DEHAT,UTTAR PRADESH,TRUE,209125,,India
3101,RSC,26.819137,81.013122,Approved,Kusmara,North,Kusmara,UTTAR PRADESH,TRUE,205304,,India
3097,RSC,25.285155,80.569807,Approved,Atarra,North,Atarra,UTTAR PRADESH,TRUE,210201,,India
2795,RSC,26.3808728,79.9367808,Approved,Akbarpur KNP,North,AKBARPUR KANPUR DEHAT,UTTAR PRADESH,TRUE,209101,,India
9211,RSC,25.824573,80.15001,Approved,HMP/SMP/LM,North,HAMIRPUR,HIMACHAL PRADESH,TRUE,210502,Hamirpur,India
9231,RSC,26.556,80.2233,Approved,KAN/MDN/LM1,North,Kanpur,UTTAR PRADESH,TRUE,209203,Mandhana,India
4063,RSC,25.6669682,81.3256598,Approved,Saini,North,Saini,UTTAR PRADESH,TRUE,212217,,India
1724,RSC,21.76,68.94,Approved,Kannauj1,North,Kannauj,UTTAR PRADESH,TRUE,209727,RSC/Kannauj1,India
2492,RSC,27.221139,79.007472,Approved,Mainpuri,North,Mainpuri,UTTAR PRADESH,TRUE,205001,,India
3707,RSC,25.08148,78.45354,Approved,Talbehat,North,Talbehat,UTTAR PRADESH,TRUE,284126,,India
4421,RSC,24.68786,78.412018,Approved,Mahroni,North,Mahroni,UTTAR PRADESH,TRUE,284405,,India
5422,RSC,25.916,80.1205,Approved,Bharua Sumerpur,North,Hamirpur UP,HIMACHAL PRADESH,TRUE,210301,,India
5332,RSC,26.548058,80.484599,Approved,Safipur,North,Unnao,UTTAR PRADESH,TRUE,209870,,India
3094,RSC,17.74267,83.238518,Approved,Kaimganj,North,Kaimganj,UTTAR PRADESH,TRUE,209502,,India
9681,SC,26.85906,80.96252,Approved,LKO/HZG/HV1,North,Lucknow,UTTAR PRADESH,TRUE,226001,Hazratganj,India
688,RSC,26.920843,80.944219,Approved,LKO/PKM,North,Lucknow,UTTAR PRADESH,TRUE,226021,RSC/PKM,India
6971,RSC,26.7472,80.8633,Approved,Daroga Khera,North,Sarijani Nagar,UTTAR PRADESH,TRUE,226008,,India
6873,RSC,27.0347,81.7801,Approved,Paraspur,North,Gonda,UTTAR PRADESH,TRUE,271504,,India
6700,RSC,26.7407,83.36065,Approved,Kusumi bazar,North,Gorakhpur,UTTAR PRADESH,TRUE,273002,,India
6697,RSC,26.4566,80.7713,Approved,Purwa,North,Unnao,UTTAR PRADESH,TRUE,209825,,India
6617,RSC,27.1322,83.3148,Approved,Dhani,North,Maharajganj,UTTAR PRADESH,TRUE,273155,,India
6568,RSC,25.412463,80.009308,Approved,Kabrai,North,Mahoba,UTTAR PRADESH,TRUE,210424,,India
6530,RSC,27.5786526,82.4505776,Approved,Gainsari,North,TULSIPUR,UTTAR PRADESH,TRUE,271208,,India
6394,RSC,26.7783,82.5206,Approved,Sansaripur,North,Basti,UTTAR PRADESH,TRUE,272131,,India
7167,RSC,26.7626,82.189,Approved,Ayodhya Dham,North,Ayodhya,UTTAR PRADESH,TRUE,224135,,India
6833,RSC,26.49677,82.43328,Approved,Haliyapur,North,Faizabad,UTTAR PRADESH,TRUE,224229,,India
6745,RSC,25.60745,83.7336,Approved,Mohamdabad FRK,North,Farrukhabad,UTTAR PRADESH,TRUE,209651,,India
6640,RSC,26.6163,83.068,Approved,Ghanghata,North,Ghanghata,UTTAR PRADESH,TRUE,272164,,India
6507,RSC,27.8405974,80.7449967,Approved,Oel,North,Lakhimpur Khiri,UTTAR PRADESH,TRUE,262725,,India
6398,RSC,26.9082,82.5835,Approved,Gaur,North,Basti,UTTAR PRADESH,TRUE,272163,,India
6395,RSC,27.64588,80.354041,Approved,Maholi,North,Sitapur,UTTAR PRADESH,TRUE,261141,,India
6213,RSC,26.738907,81.937906,Approved,Deorhi,North,Ayodhya,UTTAR PRADESH,TRUE,224189,,India
6503,RSC,27.766679,80.733321,Approved,Hargaon,North,Leharpur,UTTAR PRADESH,TRUE,261121,,India
7172,RSC,25.6159,80.5262,Approved,Tindwari,North,Banda,UTTAR PRADESH,TRUE,210128,,India
7186,RSC,27.0852,81.4053,Approved,Ram Nagar Barabanki,North,Barabanki,UTTAR PRADESH,TRUE,225205,,India
6506,RSC,27.4294524,80.5244364,Approved,Misrikh,North,Naimisharanya,UTTAR PRADESH,TRUE,261401,,India
6569,RSC,27.08855,83.84965,Approved,Rudrapur UP,North,Deoria,UTTAR PRADESH,TRUE,274204,,India
6158,RSC,26.5736,84.003,Approved,Bagauch,North,Deoria,UTTAR PRADESH,TRUE,274004,,India
6934,RSC,26.7227,81.1975,Approved,Gangaganj,North,Lucknow,UTTAR PRADESH,TRUE,226501,,India
7326,RSC,25.4911694,80.7208611,Approved,Rajapur UP,North,Karwi,UTTAR PRADESH,TRUE,210207,,India
898,SC,16.367497,76.641358,Approved,VNS/NSR,North,VARANASI,UTTAR PRADESH,TRUE,221002,VNS/NSR,India
1513,RSC,21.76,68.94,Approved,KNP/BRR,North,Kanpur,UTTAR PRADESH,TRUE,208027,KNP/BRR,India
6397,RSC,26.8967,82.3669,Approved,Khamhariya,North,Basti,UTTAR PRADESH,TRUE,272130,,India
6508,RSC,26.0524,82.4238,Approved,Karaundi Kalan,North,Sultanpur,UTTAR PRADESH,TRUE,228161,,India
6529,RSC,27.40208,80.68753,Approved,Macharehta,North,Sitapur,UTTAR PRADESH,TRUE,261405,,India
6614,RSC,27.08825,82.09385,Approved,Rupiadiha,North,Behraich,UTTAR PRADESH,TRUE,271881,,India
6127,RSC,27.7044,81.9348,Approved,Bhinga,North,Bhinga,UTTAR PRADESH,TRUE,271831,,India
6846,RSC,26.3815825,81.2752756,Approved,Shivgarh,North,Raebareli,UTTAR PRADESH,TRUE,229308,,India
6928,RSC,25.7405,78.9486,Approved,Moth,North,Jhansi,UTTAR PRADESH,TRUE,284303,,India
3286,RSC,26.7445,80.618,Approved,Bangarmau,North,Bangarmau UP,UTTAR PRADESH,TRUE,209868,,India
5651,RSC,26.418,80.1094,Approved,Raniya,North,Kanpur,UTTAR PRADESH,TRUE,209304,,India
9384,RSC,26.3902546,79.9487915,Approved,ABP/ABP/LM1,North,AKBARPUR KANPUR DEHAT,UTTAR PRADESH,TRUE,209101,Akbarpur,India
6220,RSC,25.444131,78.567594,Approved,Baruasagar,North,Jhansi,UTTAR PRADESH,TRUE,284201,,India
6696,RSC,27.0725964,80.5160378,Approved,Beniganj,North,Naimisharanya,UTTAR PRADESH,TRUE,241304,,India
6399,RSC,28.3348,80.48613,Approved,Bheera Palia,North,Palia UP,UTTAR PRADESH,TRUE,262901,,India
2872,RSC,27.19165,80.045633,Approved,Bilgram,North,BILGRAM,UTTAR PRADESH,TRUE,241301,,India
5448,RSC,26.43553,83.10312,Approved,Gola Bazar,North,Gorakhpur,UTTAR PRADESH,TRUE,273409,,India
9284,RSC,26.61072,83.39229,Approved,GRP/DBP/LM1,North,Gorakhpur,UTTAR PRADESH,TRUE,273401,DaburPar,India
3275,RSC,26.604581,81.363267,Approved,Haidergarh,North,Haidergarh UP,UTTAR PRADESH,TRUE,225126,,India
4277,RSC,26.792673,82.470222,Approved,Harraiya,North,Harraiya,UTTAR PRADESH,TRUE,272155,,India
6400,RSC,25.7721,81.1035,Approved,Khaga,North,Fatehpur,UTTAR PRADESH,TRUE,212655,,India
4468,RSC,26.8473,83.50718,Approved,Kolhui,North,Kolhui,UTTAR PRADESH,TRUE,273162,,India
6845,RSC,26.2940953,79.2705132,Approved,Kuthod,North,ORAI,UTTAR PRADESH,TRUE,285125,,India
9180,RSC,22.763041,43.504089,Approved,LKM/MWG/LM,North,Lakhimpur Khiri,UTTAR PRADESH,TRUE,262726,Mahewaganj,India
9458,SC,26.76847,80.86662,Approved,LKO/UPH/HV,North,Lucknow,UTTAR PRADESH,TRUE,226008,Sarojini Nagar,India
5379,RSC,26.7557169,83.1277182,Approved,Maghar,North,Khalilabad,UTTAR PRADESH,TRUE,272175,,India
3717,RSC,27.144604,83.562172,Approved,Maharajganj1,North,Maharajganj,UTTAR PRADESH,TRUE,273303,,India
6393,RSC,25.6862,80.1155,Approved,Maudaha,North,HAMIRPUR,UTTAR PRADESH,TRUE,210507,Maudaha,India
4296,RSC,26.37,81.8,Approved,Musafirkhana,North,MUSAFIRKHANA,UTTAR PRADESH,TRUE,227813,,India
7292,RSC,25.6653,79.7988,Approved,Muskara,North,Hamirpur UP,UTTAR PRADESH,TRUE,210506,,India
7037,RSC,26.7472,80.8633,Approved,Panditkhera,North,Sarijani Nagar,UTTAR PRADESH,TRUE,226009,,India
5262,RSC,25.43138,79.478299,Approved,Panwari,North,Mahoba,UTTAR PRADESH,TRUE,210426,,India
6157,RSC,26.5715,83.8181,Approved,Rampur Karkhana,North,Deoria,UTTAR PRADESH,TRUE,274405,,India
9215,RSC,28.36409,77.99565,Approved,SLG/SLG/LM1,North,Kushinagar,UTTAR PRADESH,TRUE,274409,Salemgarh ,India
9302,RSC,27.5991,81.3949,Approved,CDP/MRJ/LM1,North,Chandpara,UTTAR PRADESH,TRUE,271824,Chandpara,India
2436,RSC,25.3877,78.8043,Approved,Niwari,Central,Niwari,MADHYA PRADESH,TRUE,472442,,India
2973,RSC,24.1277,79.5997,Approved,Hatta,Central,Hatta,MADHYA PRADESH,TRUE,470775,,India
6658,RSC,24.5641,79.3071,Approved,Badamalhera,Central,Badamalhera,MADHYA PRADESH,TRUE,471311,,India
6887,RSC,24.32701,79.24997,Approved,Buxwaha,Central,Buxwaha,MADHYA PRADESH,TRUE,471318,,India
7334,RSC,24.9646,78.8553,Approved,Digoda,Central,Tikamgarh,MADHYA PRADESH,TRUE,472339,,India
6746,RSC,24.7695,79.8759,Approved,Bamitha,Central,Khajurao MP,MADHYA PRADESH,TRUE,471105,,India
5487,RSC,25.1523278,93.9733865,Approved,MON TOWN,North East,MON,NAGALAND,TRUE,798621,,India
9845,SC,12.91588964,77.5135231,Approved,test,West,PUNE,MAHARASHTRA,TRUE,999002,Testing,India
9843,SC,18.532568,73.873712,Approved,PNQ/CHK-RB,West,PUNE,MAHARASHTRA,TRUE,411000,HP Chowk,India
537,RSC,23.83403,78.746567,Approved,Sagar,Central,Sagar,MADHYA PRADESH,TRUE,470001,RSC/Sagar,India
74,SC,18.481117,73.867606,Approved,PNQ/SWT,West,PUNE,MAHARASHTRA,TRUE,411037,PNQ/SWT,India
9005,SC,12.91965427,77.49966145,Approved,DummyLivetestPickup,West,PUNE,MAHARASHTRA,TRUE,999002,IT park,India
9318,SC,12.91965427,77.49966145,Approved,FutureDeactoivation,West,PUNE,MAHARASHTRA,TRUE,999002,Pune,India
9311,SC,19.473413,72.800896,Approved,BOM/VIR/RP,West,Palghar,MAHARASHTRA,TRUE,401303, Virar West,India
4326,RSC,5,5,Approved,Bhose MH,West,Bhose,MAHARASHTRA,TRUE,413304,,India
3080,RSC,5,5,Approved,Vijayraghavgarh,Central,Vijayraghavgarh,MADHYA PRADESH,TRUE,483775,,India
3232,RSC,5,5,Approved,Lamta,Central,LAMTA,MADHYA PRADESH,TRUE,481556,,India
1738,SC,15.2187316,74.0872461,Approved,GOA/QUEPEM,West,QUEPEM,GOA,TRUE,403705,GOM,India
960,SC,18.56033,73.93206,Approved,PNQ/WGL,West,PUNE,MAHARASHTRA,TRUE,412207,PNQ/WGL,India
1033,SC,14.550632,76.641358,Approved,Warnanagar,West,Warnanagar,MAHARASHTRA,TRUE,416112,WRN,India
9057,Hub DMG,12.91588964,77.5135231,Approved,Nikita Testing purpose 1,West,PUNE,MAHARASHTRA,TRUE,999002,test,India
9022,Terminal,12.91588964,77.5135231,Approved,Dummy facility 20/05-2024_1,West,PUNE,MAHARASHTRA,TRUE,999002,IT park,India
9018,RVP,12.91588964,77.5135231,Approved,Dummy Test/17-05-24_1,West,PUNE,MAHARASHTRA,TRUE,999002,IT park,India
9461,SC,12.91965427,77.49966145,Approved,DummyParentFacility,West,PUNE,MAHARASHTRA,TRUE,999002,Pune,India
9462,SC,12.91965427,77.49966145,Approved,DummyRVPFacility,West,PUNE,MAHARASHTRA,TRUE,999002,Pune,India
9463,SC,12.91965427,77.49966145,Approved,DummyRTOFacility,West,PUNE,MAHARASHTRA,TRUE,999002,Pune,India
9484,SC,1,2,Approved,DummyTestFacility2,West,PUNE,MAHARASHTRA,TRUE,999002,Pune,India
9464,SC,1,2,Approved,DummyTestFacility,West,PUNE,MAHARASHTRA,TRUE,999002,Pune,India
9489,SC,1,2,Approved,DummyTestFacility1,West,PUNE,MAHARASHTRA,TRUE,999002,Pune,India
1882,Hub PC,19.4140952,72.851864,Approved,Vasai/hub,West,Vasai,MAHARASHTRA,TRUE,401208,KAN,India
9004,Hub TSP,12.91965427,77.49966145,Approved,DummytestliveNikita,West,PUNE,MAHARASHTRA,TRUE,999002,IT park,India
3470,RSC,18.545085,73.909617,Approved,Dummy/PNQ-Brook,West,PUNE,MAHARASHTRA,TRUE,999005,Dummy/PNQ-Brook,India
408,RSC,19.26021,76.785493,Approved,Parbhani,West,Parbhani,MAHARASHTRA,TRUE,431401,RSC/Parbhani,India
5098,RSC,19.70007465,75.0039407,Approved,GangapurMH,West,Ganggapur,MAHARASHTRA,TRUE,431109,GAH,India
1417,RSC,21.76,71.67,Approved,Baramati1,West,Baramati,MAHARASHTRA,TRUE,413102,RSC/Baramati1,India
4077,RSC,18.3909,81.6588,Approved,Sukma,Central,Sukma,CHHATTISGARH,TRUE,494111,MRA,India
4286,RSC,5,5,Approved,Andur,West,Andur,MAHARASHTRA,TRUE,413603,,India
939,RSC,15.588919,78.395599,Approved,New Raipur,Central,Raipur,CHHATTISGARH,TRUE,492012,NRR,India
1913,RSC,19.7193,81.6638,Approved,Kondagaon,Central,Kondagaon,CHHATTISGARH,TRUE,494226,RSC/Kondagaon,India
2381,RSC,5,5,Approved,Bhanupratappur,Central,Bhanupratappur,CHHATTISGARH,TRUE,494334,RSC/Bhanupratappur,India
2557,RSC,24.726101,81.406303,Approved,Baikunthpur,Central,Baikunthpur,CHHATTISGARH,TRUE,497335,,India
3361,RSC,24.346387,81.476559,Approved,Rampur MP,Central,Rampur MP,MADHYA PRADESH,TRUE,486771,,India
3947,RSC,5,5,Approved,Bilha,Central,Bilha,CHHATTISGARH,TRUE,495224,,India
4432,RSC,21.7808,83.0818,Approved,Dabhara,Central,DABHARA,CHHATTISGARH,TRUE,495688,,India
4484,RSC,21.447602,81.327048,Approved,Dhamdha,Central,Dhamdha,CHHATTISGARH,TRUE,491331,BCK,India
2152,RSC,18.459397,75.661107,Approved,Bhoom,West,Bhoom,MAHARASHTRA,TRUE,413504,RSC/Bhoom,India
1076,RSC,16.367497,73.965371,Approved,Ausa,West,Ausa,MAHARASHTRA,TRUE,413520,RSC/Ausa,India
1579,RSC,21.76,71.67,Approved,Kamshet,West,Kamshet,MAHARASHTRA,TRUE,410405,RSC/Kamshet,India
4668,RSC,25.414191,77.660026,Approved,Shivpuri DDNagar,Central,SHIVPURI,MADHYA PRADESH,TRUE,473551,SDR,India
5987,RSC,15.5128,73.7689,Approved,Candolim,West,Goa,GOA,TRUE,403521,CAM,India
6392,RSC,20.298531,75.661207,Approved,SillodTLK,West,Sillod,MAHARASHTRA,TRUE,431112,SIK,India
2201,RSC,19.209721,73.875175,Approved,Otur,West,Otur,MAHARASHTRA,TRUE,410502,RSC/Otur,India
2644,RSC,17.6802686,74.0086584,Approved,Valase Satara,West,Satara,MAHARASHTRA,TRUE,415001,VSA,India
2815,RSC,18.3346268,74.3777437,Approved,Supemorgaon,West,Supe Morgaon,MAHARASHTRA,TRUE,412204,SUN,India
2981,RSC,20.643509,75.596647,Approved,Shendurni,West,Shendurni,MAHARASHTRA,TRUE,424204,,India
3167,RSC,5,5,Approved,Hattij,West,Hattij,MAHARASHTRA,TRUE,413406,,India
3266,RSC,16.5443019,74.256264,Approved,Siddanerli Kagal,West,Siddanerli kagal,MAHARASHTRA,TRUE,416232,,India
3335,RSC,5,5,Approved,PargaonMH,West,PARGAON,MAHARASHTRA,TRUE,410503,,India
3573,RSC,18.076686,74.9137525,Approved,Nimgaon Ketki,West,Nimgaon Ketki,MAHARASHTRA,TRUE,413120,,India
3999,RSC,17.045339,75.22367,Approved,Madgyal,West,Madgyal,MAHARASHTRA,TRUE,416404,,India
4018,RSC,5,5,Approved,Shiruranantpal,West,Shirur Anantpal,MAHARASHTRA,TRUE,413544,,India
4121,RSC,5,5,Approved,Mandrup,West,Mandrup,MAHARASHTRA,TRUE,413221,,India
4215,RSC,15.37,73.81,Approved,Vasco,West,Goa,GOA,TRUE,403401,,India
4412,RSC,5,5,Approved,Bhavaninagar,West,Bhavaninagar,MAHARASHTRA,TRUE,415302,,India
4417,RSC,5,5,Approved,Anala,West,Anala,ASSAM,TRUE,413505,,India
4540,RSC,19.570778,75.624181,Approved,Pachod,West,Pachod,MAHARASHTRA,TRUE,431121,,India
4641,RSC,5,5,Approved,Mantha,West,Mantha,MAHARASHTRA,TRUE,431501,,India
5374,RSC,19.4794,76.7106,Approved,Bori,West,Jintur,MAHARASHTRA,TRUE,431508,BOI,India
5569,RSC,17.6081,74.1695,Approved,Vijaynagar,West,Satara,MAHARASHTRA,TRUE,415004,,India
4636,RSC,17.098091,74.4438643,Approved,Palus,West,Palus,MAHARASHTRA,TRUE,416310,,India
6536,RSC,17.340015,74.775758,Approved,Kharsundi,West,Atpadi,MAHARASHTRA,TRUE,415308,KHI,India
833,RSC,15.588919,76.641358,Approved,Dhayari,West,Dhayari,MAHARASHTRA,TRUE,411023,RSC/Dhayari,India
1107,RSC,28,76,Approved,Bhingar,West,Bhingar,MAHARASHTRA,TRUE,414002,RSC/Bhingar,India
1817,RSC,17.983037,74.437688,Approved,Phaltan1,West,Phaltan,MAHARASHTRA,TRUE,415523,PH1,India
2730,RSC,5,5,Approved,Deoni,West,DEONI,MAHARASHTRA,TRUE,413519,,India
2924,RSC,18.49659,73.99535,Approved,Manjari,West,MANJARI,MAHARASHTRA,TRUE,412307,,India
3661,RSC,19.092805,77.005392,Approved,Palam MH,West,Palam MH,MAHARASHTRA,TRUE,431720,,India
3771,RSC,5,5,Approved,Daulatabad,West,DAULATABAD,MAHARASHTRA,TRUE,431002,,India
4285,RSC,5,5,Approved,Killari,West,Killari,MAHARASHTRA,TRUE,413521,,India
4323,RSC,18.748798,73.420815,Approved,Lonavala,West,Lonavala,MAHARASHTRA,TRUE,410401,,India
4471,RSC,5,5,Approved,FattepurMH,West,Fattepur MH,MAHARASHTRA,TRUE,424209,FAH,India
4483,RSC,5,5,Approved,Fardapur,West,FARDAPUR,MAHARASHTRA,TRUE,431118,FAR,India
5321,RSC,20.20055,76.01057,Approved,Jafarabad MH,West,JafrabadMH,MAHARASHTRA,TRUE,431206,JMH,India
6423,RSC,15.4763163,73.8256748,Approved,Miramar,West,Goa,GOA,TRUE,403002,MIR,India
825,RSC,14.550632,80.843539,Approved,Jalna,West,Jalna,MAHARASHTRA,TRUE,431203,Rsc/Jalna,India
5030,RSC,27.568,80.679,Approved,Sitapur CG,Central,Sitapur CG,CHHATTISGARH,TRUE,497111,MRR,India
5116,RSC,18.400758,76.231348,Approved,Latur MIDC,West,Latur,MAHARASHTRA,TRUE,413511,LMC,India
5627,RSC,21.52972,81.47488,Approved,Berla,Central,Dhamdha,CHHATTISGARH,TRUE,491332,,India
1977,RSC,18.091529,75.444419,Approved,Karmala,West,Karmala,MAHARASHTRA,TRUE,413203,RSC/Karmala,India
2026,RSC,17.424036,74.94011,Approved,Diganji,West,Atpadi,MAHARASHTRA,TRUE,415301,DII,India
9008,RSC,12.91530402,77.51386642,Approved,dummyfacilitypcms,West,PUNE,MAHARASHTRA,TRUE,999002,IT park,India
1293,RSC,21.27,71.9,Approved,Kanker,Central,KANKER,CHHATTISGARH,TRUE,494334,RSC/Kanker,India
5074,RSC,5,5,Approved,Valsang,West,Walsang,MAHARASHTRA,TRUE,413215,,India
6516,RSC,15.9073,74.3138,Approved,Patane Phata,West,Kolhapur,MAHARASHTRA,TRUE,416507,PPA,India
6190,RSC,20.2944,75.3368,Approved,Pishore,West,Kannad,MAHARASHTRA,TRUE,431104,PIE,India
3035,RSC,5,5,Approved,Loha,West,Loha,MAHARASHTRA,TRUE,431708,,India
4955,RSC,21.6376,82.7222,Approved,Bilaigarh,Central,SHIVARINARAYAN,CHHATTISGARH,TRUE,493338,,India
6005,RSC,21.6306,82.93,Approved,Sarsiwa,Central,SARANGARH,CHHATTISGARH,TRUE,493559,SAA,India
3240,RSC,5,5,Approved,Shivarinarayan,Central,SHIVARINARAYAN,CHHATTISGARH,TRUE,495557,,India
4847,RSC,22.1519,83.3789,Approved,Tamnar,Central,Raigarh,CHHATTISGARH,TRUE,496107,,India
9630,SC,68.8974567,78.987656,Approved,Dummy08,West,PUNE,MAHARASHTRA,TRUE,999002,kalyani nagar,India
9037,SC,18.5589925,73.7927704,Approved,RVP/BAN,West,PUNE,MAHARASHTRA,TRUE,411045,IAR2,India
9652,SC,12.91965427,77.49966145,Approved,DummyValmoFacility01,West,PUNE,MAHARASHTRA,TRUE,999002,Dummy test,India
4032,RSC,15.517621,73.962086,Approved,Marcel Goa,West,Goa,GOA,TRUE,403401,MGA,India
2570,RSC,24.197482,82.661256,Approved,Singrauli,Central,Jabalpur,MADHYA PRADESH,TRUE,486889,,India
1961,RSC,24.0627,82.6248,Approved,Waidhan,Central,Waidhan,MADHYA PRADESH,TRUE,486885,RSC/Waidhan,India
3471,RSC,18.545085,73.909617,Approved,Dummy/PNQ-Bond,West,PUNE,MAHARASHTRA,TRUE,999005,Dummy/PNQ-Bond,India
78,SC,15.5114196,73.8363343,Approved,PNJ,West,Panjim,GOA,TRUE,403521,PNJ,India
407,SC,15.61546365,73.81378759,Approved,PNJ/MPS,West,Panjim,GOA,TRUE,403507,PNS,India
401,SC,18.531139,73.875056,Approved,PNQ/DPR,West,PUNE,MAHARASHTRA,TRUE,411001,DPD1,India
38,SC,15.4200424,73.9013232,Approved,GOA,West,Panjim,GOA,TRUE,403204,GOA,India
1999,Hub,23,65,Approved,BOM/GHS,West,Mumbai,HARYANA,TRUE,111111,GHR1,India
7002,SC,23.344343,23.344343,Approved,PNQ/DummyTest01,West,PUNE,MAHARASHTRA,TRUE,411014,PNQ/DummyTest01,India
4673,SC,23.36,77.3,Approved,BHO/LGT-TML,Central,Bhopal,MADHYA PRADESH,TRUE,462030,GNR,India
3894,SC,18.53,73.85,Approved,PNQ/TLG-EHV,West,PUNE,MAHARASHTRA,TRUE,410506,TAN,India
3895,SC,18.53,73.85,Approved,PNQ/WKD-EHV,West,PUNE,MAHARASHTRA,TRUE,411033,MRD,India
3911,SC,21.14,79.08,Approved,NGP/GHR-EHV,Central,Nagpur,MAHARASHTRA,TRUE,440018,NGP/GHR-EHV,India
3924,SC,22.71,75.85,Approved,IDR/RJN-EHV,Central,Indore,MADHYA PRADESH,TRUE,452012,BHA,India
3886,SC,18.52,73.85,Approved,PNQ/JMR-EHV,West,PUNE,MAHARASHTRA,TRUE,411005,SNA1,India
3973,SC,18.52,73.85,Approved,PNQ/LH1,West,PUNE,MAHARASHTRA,TRUE,410501,CHN2,India
3922,SC,22.71,75.85,Approved,IDR/MMT-EHV,Central,Indore,MADHYA PRADESH,TRUE,452005,MAA1,India
3925,SC,23.25,77.41,Approved,BHO/BHO-EHV,Central,Bhopal,MADHYA PRADESH,TRUE,462001,AGN,India
3889,SC,18.52,73.85,Approved,PNQ/MGR-EHV,West,PUNE,MAHARASHTRA,TRUE,411028,PNQ/MGR-EHV,India
3887,SC,18.52,73.85,Approved,PNQ/KHD-EHV,West,PUNE,MAHARASHTRA,TRUE,411014,VSI,India
3929,SC,23.18,79.98,Approved,JBL/JBL-EHV,Central,Jabalpur,MADHYA PRADESH,TRUE,482001,JBL/JBL-EHV,India
3880,SC,19.07,72.87,Approved,PNQ/BAN-EHV,West,PUNE,MAHARASHTRA,TRUE,411045,IAR,India
3882,SC,18.52,73.85,Approved,PNQ/CAM-EHV,West,PUNE,MAHARASHTRA,TRUE,411006,LON1,India
3910,SC,21.14,79.08,Approved,NGP/MNR-EHV,Central,Nagpur,MAHARASHTRA,TRUE,440001,NGP/MNR-EHV,India
3912,SC,21.25,81.62,Approved,RPR/BHT-EHV,Central,Raipur,CHHATTISGARH,TRUE,492013,RPR/BHT-EHV,India
3881,SC,18.52,73.85,Approved,PNQ/BHO-EHV,West,PUNE,MAHARASHTRA,TRUE,411039,LAI,India
3883,SC,18.52,73.85,Approved,PNQ/CHN-EHV,West,PUNE,MAHARASHTRA,TRUE,410501,CHN1,India
3884,SC,18.52,73.85,Approved,PNQ/DPR-EHV,West,PUNE,MAHARASHTRA,TRUE,411001,DPD,India
3893,SC,18.53,77.83,Approved,PNQ/SWT-EHV,West,PUNE,MAHARASHTRA,TRUE,411037,PNQ/SWT-EHV,India
3885,SC,18.52,73.85,Approved,PNQ/HDP-EHV,West,PUNE,MAHARASHTRA,TRUE,411048,PNQ/HDP-EHV,India
3892,SC,18.52,73.85,Approved,PNQ/SGR-EHV,West,PUNE,MAHARASHTRA,TRUE,411051,ANK1,India
3915,SC,21.14,79.08,Approved,NGP/TEX-EHV,Central,Nagpur,MAHARASHTRA,TRUE,440008,NGP/TEX-EHV,India
3923,SC,22.71,75.85,Approved,IDR/LAS-EHV,Central,Indore,MADHYA PRADESH,TRUE,452010,TNR1,India
3888,SC,18.52,73.85,Approved,PNQ/KTD-EHV,West,PUNE,MAHARASHTRA,TRUE,411038,KOD,India
3890,SC,18.52,73.85,Approved,PNQ/NGD-EHV,West,PUNE,MAHARASHTRA,TRUE,411019,SNR1,India
3926,SC,23.25,77.41,Approved,BHO/ASK-EHV,Central,Bhopal,MADHYA PRADESH,TRUE,462002,SNR,India
3927,SC,23.25,77.41,Approved,BHO/KLR-EHV,Central,Bhopal,MADHYA PRADESH,TRUE,462003,PCY1,India
3928,SC,23.25,77.41,Approved,BHO/RSN-EHV,Central,Bhopal,MADHYA PRADESH,TRUE,462022,INI1,India
3913,SC,21.25,81.62,Approved,RAIPUR-EHV,Central,Raipur,CHHATTISGARH,TRUE,492004,RPEV,India
3914,SC,21.14,79.08,Approved,NGP/VKN-EHV,Central,Nagpur,MAHARASHTRA,TRUE,440025,NGP/VKN-EHV,India
4514,SC,18.61,73.94,Approved,PNQ/LHG-TML,West,PUNE,MAHARASHTRA,TRUE,411047,PNQ/LHG-TML,India
4743,SC,56,156,Approved,DUMMY/HUB-TEST,West,Chakan,MAHARASHTRA,TRUE,411033,DUMMY/HUB-TEST,India
4759,SC,12,135,Approved,Dummy/Location,West,PUNE,MAHARASHTRA,TRUE,411033,Dummy/Location,India
6216,SC,27.2046,77.4977,Approved,PNQ/DIG-TML,West,PUNE,MAHARASHTRA,TRUE,411015,DII,India
3355,RSC,5,5,Approved,Mahud MH,West,Mahud MH,MAHARASHTRA,TRUE,415301,,India
5260,SC,21.1937985,81.7070655,Approved,RPR/SHD-TML,Central,Raipur,CHHATTISGARH,TRUE,492015,RPR/SHD-TML,India
4827,SC,18.56,73.85,Approved,PNQ/AUN-TML,West,PUNE,MAHARASHTRA,TRUE,411003,AUH,India
6910,Hub,16.836643,74.288821,Approved,Reliance DC-Kolhapur,West,Kolhapur,MAHARASHTRA,TRUE,416112,WTN,India
5701,SC,18.554245,73.872056,Approved,PNQ/YWD1-TML,West,PUNE,MAHARASHTRA,TRUE,411003,YEA,India
6908,Hub,22.734643,75.862635,Approved,IDR/TRACKON,Central,Indore,MADHYA PRADESH,TRUE,452003,MAA2,India
6354,Hub,22.816387,75.939581,Approved,IDR/RTO,Central,Indore,MADHYA PRADESH,TRUE,453771,MAA4,India
6188,SC,27.2046,77.4977,Approved,PNQ/AUN-TML1,West,PUNE,MAHARASHTRA,TRUE,411020,AUH1,India
1792,Hub,21.141461,79.088576,Approved,NGP/APT,Central,Nagpur,MAHARASHTRA,TRUE,440018,GOI,India
6332,SC,18.572254,73.833963,Approved,PNQ/AUN-VEHV,West,PUNE,MAHARASHTRA,TRUE,411020,AUH2,India
6252,SC,18.572254,73.833963,Approved,PNQ/AUN-ICT,West,PUNE,MAHARASHTRA,TRUE,411020,AUH2,India
6334,SC,18.52626,73.85267,Approved,PNQ/JMR-VEHV,West,PUNE,MAHARASHTRA,TRUE,411005,SNA3,India
6333,SC,18.532745,73.873953,Approved,PNQ/DPR-VEHV,West,PUNE,MAHARASHTRA,TRUE,411001,DPD2,India
1765,Transportation-H,22,88,Approved,PNQ/CHK-TSP,West,PUNE,MAHARASHTRA,TRUE,410501,CHN,India
6851,Hub,18.579453,73.897995,Approved,PNQ/APT,West,PUNE,MAHARASHTRA,TRUE,411015,TNR5,India
3891,SC,18.52,73.85,Approved,PNQ/PCM-EHV,West,PUNE,MAHARASHTRA,TRUE,411061,CPN,India
2546,Transportation-M,21,65,Approved,GOA/HUB-TSP,West,Panjim,GOA,TRUE,403722,VIE1,India
6718,SC,12.95448,80.14541,Approved,PNQ/BPD-TML,West,PUNE,MAHARASHTRA,TRUE,411020,PNL,India
6800,SC,18.34305,73.52473,Approved,PNQ/VRS-TML,West,PUNE,MAHARASHTRA,TRUE,411006,VII1,India
7003,SC,23.344343,23.344343,Approved,PNQ/DummyTest02,West,PUNE,MAHARASHTRA,TRUE,411014,PNQ/DummyTest02,India
7004,SC,23.344343,23.344343,Approved,PNQ/DummyTest05,West,PUNE,MAHARASHTRA,TRUE,411014,PNQ/DummyTest05,India
4814,Hub,26.21,78.18,Approved,GWL/APT,Central,Gwalior,MADHYA PRADESH,TRUE,474002,TNR2,India
5142,Hub,21.140945,78.7899255,Approved,NGP/LH1,Central,Nagpur,MAHARASHTRA,TRUE,441108,GOI1,India
5191,Hub,22.816446,75.939464,Approved,IDR/LH1,Central,Indore,MADHYA PRADESH,TRUE,453771,MAA4,India
5350,WH,17.39268,74.02192,Approved,Reliance DC,West,Satara,MAHARASHTRA,TRUE,415004,RDCZ,India
6303,Transportation-H,20.930783,79.00302,Approved,BTB/HUB-TSP,Central,Buttibori,MAHARASHTRA,TRUE,441108,BTB/HUB-TSP,India
1175,Hub,27,77,Approved,PNQ/IB2,West,PUNE,MAHARASHTRA,TRUE,410501,TNR1,India
5615,Transportation-H,22.816394,75.939334,Approved,IND/DEW-TSP,Central,Dewas,MADHYA PRADESH,TRUE,455001,IND/DEW-TSP,India
253,SC,18.632702,73.7843928,Approved,PNQ/CHD,West,PUNE,MAHARASHTRA,TRUE,411033,PNQ/CHD,India
560,SC,15.4012859,74.0137931,Approved,GOA/PND,West,PONDA,GOA,TRUE,403401,GOA/PND,India
665,SC,15.5881172,73.9557221,Approved,PNJ/Bicholim,West,Bicholim,GOA,TRUE,403504,PNJ/Bicholim,India
613,SC,18.186066,76.041941,Approved,Osmanabad,West,Osmanabad,MAHARASHTRA,TRUE,413501,OSM,India
911,SC,15.588919,78.395599,Approved,Bhind Morena,Central,Bhind Morena,MADHYA PRADESH,TRUE,477001,RSC/Bhind Morena,India
1012,SC,21.0273467,75.7870343,Approved,Bhusawal,West,Bhusawal,MAHARASHTRA,TRUE,425201,BSA,India
1359,RSC,20.69,71,Approved,Loni1,West,LONI,MAHARASHTRA,TRUE,412201,RSC/Loni1,India
1523,SC,18.4950502,73.97818,Approved,PNQ/LNI,West,LONI,MAHARASHTRA,TRUE,412307,PNQ/LNI,India
1848,SC,15.72003006,73.79129358,Approved,PNJ/PERNEM,West,MAPUSA,GOA,TRUE,403512,PNM,India
1845,SC,15.387722,73.845778,Approved,GOA/VASCO,West,VASCO,GOA,TRUE,403802,VAO,India
2813,RSC,5,5,Approved,Umranala,Central,Umarnala,MADHYA PRADESH,TRUE,480107,,India
3548,SC,18.5684821,73.8841772,Approved,RVP/CAM1,West,PUNE,MAHARASHTRA,TRUE,411006,LON,India
3528,SC,18.52,73.85,Approved,RVP/PCM,West,PUNE,MAHARASHTRA,TRUE,411005,RAI,India
3547,SC,18.52,73.85,Approved,RVP/CAM,West,PUNE,MAHARASHTRA,TRUE,411006,LON,India
3549,SC,18.52,73.85,Approved,RVP/HDP,West,PUNE,MAHARASHTRA,TRUE,411048,HAR,India
3585,SC,12.97,77.59,Approved,RVP/KHD,West,PUNE,MAHARASHTRA,TRUE,411014,VSI2,India
3612,RSC,5,5,Approved,Ajanale,West,Ajanale,MAHARASHTRA,TRUE,413307,,India
7329,RSC,22.7486,75.7488,Approved,GandhinagarMP,Central,Indore,MADHYA PRADESH,TRUE,453112,,India
1872,Transportation-M,21.165318,78.930287,Approved,NGP/HUB-TSP,Central,Nagpur,MAHARASHTRA,TRUE,441108,GOI1,India
2935,Transportation-H,19.866198,73.972147,Approved,NSK/SNR-TSP,West,Sinnar,MAHARASHTRA,TRUE,422113,SIR,India
1755,Transportation-M,18.744287,73.790136,Approved,PNQ/HUB-TSP,West,PUNE,MAHARASHTRA,TRUE,410501,VII,India
1759,Transportation-M,22.8675002,75.9663415,Approved,IND/HUB-TSP,Central,Indore,MADHYA PRADESH,TRUE,453771,TSPIND/HUB,India
2723,RSC,5,5,Approved,Koriya,Central,Koriya,MADHYA PRADESH,TRUE,497451,,India
2673,Transportation-H,26.2370351,78.1451039,Approved,GWL/HUB-TSP,Central,Gwalior,MADHYA PRADESH,TRUE,474012,TNR,India
2487,RSC,22.0094,77.9967,Approved,Ghoradongari,Central,Ghoradongari,MADHYA PRADESH,TRUE,460443,,India
2476,RSC,5,5,Approved,Ratahara,Central,Rewa,MADHYA PRADESH,TRUE,486001,,India
2388,RSC,5,5,Approved,Gairatganj,Central,Gairatganj,MADHYA PRADESH,TRUE,464884,RSC/Gairatganj,India
1556,RSC,21.76,71.67,Approved,Jath,West,Jath,MAHARASHTRA,TRUE,416404,RSC/Jath,India
1535,RSC,21.76,71.67,Approved,Raver,West,Raver,MAHARASHTRA,TRUE,425201,RAR,India
2360,RSC,18.9753,81.389397,Approved,Geedam,Central,Geedam,CHHATTISGARH,TRUE,494441,RSC/Geedam,India
5259,Transportation-H,18.4550981,73.9019883,Approved,PNQ/VDG-TSP,West,PUNE,MAHARASHTRA,TRUE,411060,PII,India
1474,RSC,21.76,68.94,Approved,Yawat,West,Yawat,MAHARASHTRA,TRUE,412214,RSC/Yawat,India
4480,Transportation-H,22.5975808,75.6977873,Approved,IND/PTM-TSP,Central,Indore,MADHYA PRADESH,TRUE,454775,IND/PTM-TSP,India
5275,RSC,16.7037302,74.4385232,Approved,Kumbhoj,West,Ichalkaranji,MAHARASHTRA,TRUE,416129,,India
5170,RSC,5,5,Approved,Kowad,West,Nesari,MAHARASHTRA,TRUE,416508,,India
5136,RSC,5,5,Approved,Vairag1,West,Vairag,MAHARASHTRA,TRUE,413406,,India
4850,RSC,19.810507,74.038618,Approved,Nandurshingote,West,Sinnar,MAHARASHTRA,TRUE,422103,NAE,India
3741,RSC,5,5,Approved,Marvade,West,Marvade,MAHARASHTRA,TRUE,413319,,India
3363,RSC,19.538439,74.013651,Approved,Akole MH,West,Akole MH,MAHARASHTRA,TRUE,422601,,India
3273,RSC,5,5,Approved,WaranaKodoli,West,Warana Kodoli,MAHARASHTRA,TRUE,416122,,India
1960,RSC,23,67,Approved,Satara City,West,Satara,MAHARASHTRA,TRUE,415014,RSC/Satara1,India
1917,RSC,21,65,Approved,Nevari,West,Nevari,MAHARASHTRA,TRUE,415311,RSC/Nevari,India
6987,RSC,17.4760437,74.0863467,Approved,Kashil,West,Satara,MAHARASHTRA,TRUE,415519,,India
6556,RSC,19.8409,75.2419,Approved,Waluj MIDC,West,WALUJ,MAHARASHTRA,TRUE,431133,MIC,India
6237,RSC,15.5388,73.8315,Approved,Porvorim City,West,Porvorim,GOA,TRUE,403101,PCY,India
6229,RSC,5,5,Approved,Parbhani MIDC,West,Parbhani,MAHARASHTRA,TRUE,431401,PMC,India
7044,RSC,23.1008,83.3789,Approved,BatauliCG,Central,Manendragarh,CHHATTISGARH,TRUE,497101,BAG,India
6074,RSC,16.1908,73.449,Approved,Achara,West,Malvan,MAHARASHTRA,TRUE,416614,,India
7014,RSC,23.6554,80.0311,Approved,Bahoriband,Central,BAHORIBAND,MADHYA PRADESH,TRUE,483330,,India
6067,RSC,5,5,Approved,Panjim City,West,Merces,GOA,TRUE,403005,PCY,India
6954,RSC,18.71942,81.83398,Approved,Tongpal,Central,Tongpal,CHHATTISGARH,TRUE,494115,,India
6953,RSC,19.8244,81.6254,Approved,PharasgaonCG,Central,Kondagaon,CHHATTISGARH,TRUE,494228,PHG,India
301,Hub,18.5327446,73.8740039,Approved,PNQ/UCG,West,PUNE,MAHARASHTRA,TRUE,411001,TNR3,India
1833,RSC,21.76,68.94,Approved,Kumhari,Central,Kumhari,CHHATTISGARH,TRUE,490042,RSC/Kumhari,India
5989,RSC,16.9568,74.8785,Approved,Karoli T,West,KAVATHEMAHANKAL,MAHARASHTRA,TRUE,416405,KTT,India
6083,RSC,21.2489,81.5788,Approved,Sarona,Central,Bhilai,CHHATTISGARH,TRUE,494335,,India
314,Hub,18.5882884,73.8169099,Approved,PCM/HUB,West,PUNE,MAHARASHTRA,TRUE,411061,PCM/HUB,India
5907,RSC,18.779224,74.296692,Approved,Karegaon,West,Shirur,MAHARASHTRA,TRUE,412220,KAN,India
3183,RSC,5,5,Approved,Makroniya,Central,MAKRONIYA,MADHYA PRADESH,TRUE,470002,,India
5815,RSC,17.8319,75.5903,Approved,Yawali,West,Vairag,MAHARASHTRA,TRUE,413412,,India
5734,RSC,17.8413,75.963,Approved,Tamalwadi,West,Tuljapur,MAHARASHTRA,TRUE,413406,TAI,India
5556,RSC,5,5,Approved,Korawali,West,Mohol,MAHARASHTRA,TRUE,413253,,India
5547,RSC,5,5,Approved,Lasurne,West,Bhavaninagar,MAHARASHTRA,TRUE,413104,,India
5546,RSC,16.2707,73.811,Approved,Kanedi,West,Kankawali,MAHARASHTRA,TRUE,416602,,India
1358,RSC,27.71,69.21,Approved,Ambikapur,Central,Ambikapur,CHHATTISGARH,TRUE,497001,BSW,India
3430,RSC,5,5,Approved,Talen,Central,Talen,MADHYA PRADESH,TRUE,465333,,India
5183,RSC,5,5,Approved,Kharda,West,Pandharpur,MAHARASHTRA,TRUE,413304,,India
1252,Hub,17.49123,78.38181,Approved,SLP/HUB,West,Solapur,MAHARASHTRA,TRUE,413005,HRD,India
4747,RSC,5,5,Approved,Taradgaon,West,Phaltan,MAHARASHTRA,TRUE,415528,,India
6983,RSC,21.656,79.7176,Approved,Tirodi,Central,Katangi,MADHYA PRADESH,TRUE,481449,TII,India
1173,Hub,21.27,71.9,Approved,PNQ/IB1,West,PUNE,MAHARASHTRA,TRUE,411000,TNR2,India
4459,RSC,18.464671,73.895557,Approved,Kondhwa,West,PUNE,MAHARASHTRA,TRUE,411048,,India
4260,RSC,5,5,Approved,Sanaswadi,West,PUNE,MAHARASHTRA,TRUE,412208,,India
4104,RSC,5,5,Approved,Dharur,West,Dharur,MAHARASHTRA,TRUE,431123,,India
3960,RSC,5,5,Approved,Mahabaleshwar,West,Mahabaleshwar,MAHARASHTRA,TRUE,412805,,India
3354,RSC,5,5,Approved,Karjat Ahmednagar,West,Karjat Ahmednagar,MAHARASHTRA,TRUE,414402,,India
3698,RSC,5,5,Approved,Sarkhani,West,Sarkhani,MAHARASHTRA,TRUE,431805,,India
3500,RSC,5,5,Approved,Koregaon Bhima,West,Bhima Koregaon,MAHARASHTRA,TRUE,412216,,India
3333,RSC,5,5,Approved,Pirangut,West,Pirangut,MAHARASHTRA,TRUE,412115,,India
2979,RSC,17.8941,74.9654,Approved,Natepute,West,Natepute,MAHARASHTRA,TRUE,413101,,India
5233,RSC,1,1,Approved,Yedshi,West,Osmanabad,MAHARASHTRA,TRUE,413405,,India
2517,RSC,17.00895046,74.85779285,Approved,Kavathe Mahakal,West,Kavathe Mahakal,MAHARASHTRA,TRUE,416405,,India
1800,Hub,21.76,71.67,Approved,IDR/APT,Central,Indore,MADHYA PRADESH,TRUE,452000,MAA,India
2344,RSC,16.1174084,74.2112619,Approved,Uttur,West,Uttur,MAHARASHTRA,TRUE,416502,RSC/Uttur,India
2111,RSC,5,5,Approved,Paranda,West,Paranda,MAHARASHTRA,TRUE,413502,RSC/Paranda,India
2066,RSC,18.45,73.83,Approved,RSC_Test03,West,PUNE,MAHARASHTRA,TRUE,999003,RSC_Test03,India
1418,RSC,21.76,68.94,Approved,Shevgaon,West,Shevgaon,MAHARASHTRA,TRUE,414502,RSC/Shevgaon,India
7248,RSC,20.2674,75.7604,Approved,Bhokardan,West,Sillod,MAHARASHTRA,TRUE,431114,BHN,India
1406,RSC,21.76,68.94,Approved,RSC /IslampurMH,West,IslampurMH,MAHARASHTRA,TRUE,415409,RSC /IslampurMH,India
7234,RSC,24.0814,79.7778,Approved,Bari,Central,Gairatganj,MADHYA PRADESH,TRUE,464665,,India
6132,RSC,20.4788,81.3751,Approved,Charama,Central,Charama,CHHATTISGARH,TRUE,494337,,India
383,RSC,21.27,71.9,Approved,Udgir,West,Udgir,MAHARASHTRA,TRUE,413517,RSC/Lathur,India
4024,RSC,5,5,Approved,Shamsabad MP,Central,SHAMSABAD MP,MADHYA PRADESH,TRUE,464111,,India
3830,RSC,5,5,Approved,Athner,Central,Athner,MADHYA PRADESH,TRUE,460110,,India
3261,RSC,19.72353,81.2424,Approved,Narayanpur CG,Central,NARAYANPUR CG,ASSAM,TRUE,494661,NCG,India
3408,RSC,5,5,Approved,Lateri,Central,LATERI,MADHYA PRADESH,TRUE,464228,,India
3395,RSC,22.238844,77.902769,Approved,Shahpur Bhoura,Central,SHAHPUR BHOURA,MADHYA PRADESH,TRUE,460440,,India
3392,RSC,23.5855,83.6348,Approved,Balrampur CG,Central,BALRAMPUR CH,CHHATTISGARH,TRUE,497119,BCG,India
6366,RSC,16.6961,74.602,Approved,Narasobawadi,West,Ichalkaranji,MAHARASHTRA,TRUE,416106,,India
5115,RSC,5,5,Approved,Bagicha,Central,Bagicha,MADHYA PRADESH,TRUE,497773,,India
1997,RSC,18.55,73.85,Approved,RSC_Test02,West,PUNE,MAHARASHTRA,TRUE,999002,RSC_Test02,India
6113,RSC,21.899505,81.980179,Approved,Sargaon,Central,Sargaon,CHHATTISGARH,TRUE,495220,BCK,India
1996,RSC,17.52,73.84,Approved,RSC_Test01,West,PUNE,MAHARASHTRA,TRUE,999001,RSC_Test01,India
6693,RSC,22.4642,83.2086,Approved,DharamjaigarhCG,Central,Dharamjaigarh,CHHATTISGARH,TRUE,496116,DHG,India
6573,RSC,26.19,78.2174,Approved,Sirol,Central,Gwalior,MADHYA PRADESH,TRUE,475001,,India
6572,RSC,22.9734,78.6569,Approved,Bijaipur,Central,Bijaipur,MADHYA PRADESH,TRUE,476332,BIR,India
6433,RSC,20.8921,81.2877,Approved,Sikosa,Central,Balod,CHHATTISGARH,TRUE,491222,,India
6363,RSC,22.8759,84.1381,Approved,Jashpur,Central,Jashpur CG,CHHATTISGARH,TRUE,496331,,India
6311,RSC,20.9874,81.9957,Approved,Panduka,Central,Gariyabandh,CHHATTISGARH,TRUE,492109,,India
6173,RSC,25.9,77.7732,Approved,MohanaMP,Central,Mohana MP,MADHYA PRADESH,TRUE,475330,,India
6015,RSC,21.0595,82.3723,Approved,Bagbahara,Central,Bagbahara,CHHATTISGARH,TRUE,493449,,India
6004,RSC,26.4955,78.6143,Approved,Mehgaon,Central,BHIND,MADHYA PRADESH,TRUE,477105,,India
5971,RSC,20.5945,75.6164,Approved,Soygaon,West,Shendurni,MAHARASHTRA,TRUE,431120,SON,India
5032,RSC,5,5,Approved,Kusmi,Central,Kusmi,CHHATTISGARH,TRUE,497224,,India
5314,RSC,19.5790399,74.466453,Approved,Loni Budruk,West,Rahata,MAHARASHTRA,TRUE,413736,LBK,India
803,RSC,16.367497,73.965371,Approved,Kurkumbh,West,Kurkumbh,MAHARASHTRA,TRUE,412203,RSC/Kurkumbh,India
484,RSC,17.7477487,74.3429845,Approved,Satara,West,Satara,MAHARASHTRA,TRUE,415503,RSC/Satara,India
7132,RSC,19.1064,76.7106,Approved,Pokharni,West,Parbhani,MAHARASHTRA,TRUE,431521,,India
6731,RSC,19.9163,75.7371,Approved,BadnapurMH,West,Jalna,MAHARASHTRA,TRUE,431202,BAH,India
5622,RSC,17.6655,74.3617,Approved,Khatav,West,Vaduj,MAHARASHTRA,TRUE,415505,,India
5322,RSC,18.7415888,75.0160644,Approved,Mirajgaon,West,Karjat Ahmednagar,MAHARASHTRA,TRUE,414401,MIN,India
7214,RSC,24.7907,81.6693,Approved,Garh,Central,Deotalab,MADHYA PRADESH,TRUE,486115,,India
5320,RSC,5,5,Approved,Deogaon Rangari,West,Vaijapur,MAHARASHTRA,TRUE,431115,DRI,India
6014,RSC,22.3855,83.5824,Approved,Lailunga,Central,Lailunga,CHHATTISGARH,TRUE,496113,,India
6888,RSC,22.0631,83.3843,Approved,Gharghoda,Central,Gharghoda,CHHATTISGARH,TRUE,496109,,India
6715,RSC,21.67315085,81.10492936,Approved,Dhodha,Central,Dhodha,CHHATTISGARH,TRUE,491888,DEA,India
5806,RSC,20.7759902,80.7475393,Approved,Dongargaon,Central,Dongargarh,CHHATTISGARH,TRUE,491665,,India
7066,RSC,23.21624,80.34647,Approved,Kundam,Central,KUNDAM,MADHYA PRADESH,TRUE,483110,KUM,India
5336,RSC,20.5345346,75.7470186,Approved,Ajanta,West,Sillod,MAHARASHTRA,TRUE,431117,AJA,India
3524,SC,18.526313,73.852676,Approved,RVP/JMR,West,PUNE,MAHARASHTRA,TRUE,411005,SNA,India
3956,RSC,5,5,Approved,Shirol,West,Shirol,MAHARASHTRA,TRUE,416416,,India
3955,RSC,5,5,Approved,Mahishal,West,Shirol,MAHARASHTRA,TRUE,416416,,India
6654,RSC,19.018,75.551,Approved,RaimohaMH,West,PATODA,MAHARASHTRA,TRUE,414205,RAH,India
6631,SC,21.222289,81.611836,Approved,RVP/RPRBHT,Central,Raipur,CHHATTISGARH,TRUE,492013,RVP/RPRBHT,India
5107,RSC,5,5,Approved,Padhegaon,West,Shrirampur,MAHARASHTRA,TRUE,413721,PAN,India
5557,RSC,5,5,Approved,Belwandi,West,Shrigonda,MAHARASHTRA,TRUE,413702,BEI,India
7043,RSC,23.301,83.4563,Approved,RajpurCG,Central,Baikunthpur,CHHATTISGARH,TRUE,497118,BCK,India
7280,RSC,23.3026,82.1061,Approved,Bijuri,Central,Kotma,MADHYA PRADESH,TRUE,484440,BII,India
3691,RSC,5,5,Approved,Radde,West,Radde,MAHARASHTRA,TRUE,413322,,India
7226,RSC,18.781115,73.339523,Approved,Khopoli1,West,Khopoli,MAHARASHTRA,TRUE,410203,KH1,India
2104,Hub TSP,20.0008849,73.7218752,Approved,NSK/HUB-TSP,West,Nashik,MAHARASHTRA,TRUE,422011,SNA,India
9707,RSC,26.246981,77.407013,Approved,KRL/SAH/LM1,Central,Kailaras,MADHYA PRADESH,TRUE,476229,Sabalgarh,India
9690,RSC,23.266155,82.5613501,Approved,CII/KHN/LM1,Central,Chirmiri,CHHATTISGARH,TRUE,497449,khadgawan,India
9575,RSC,20.698616,81.5461647,Approved,DMR/BHA/LM1,Central,Dhamtari,CHHATTISGARH,TRUE,493770,Bakhara,India
9566,SC,19.708202,77.155471,Approved,HGL/HGL/LM1,West,Hingoli,MAHARASHTRA,TRUE,431513,Bangar Nagar,India
9373,RSC,22.987771,75.51608,Approved,DHR/GAU/LM1,Central,Dhar,MADHYA PRADESH,TRUE,453220,Gautampura ,India
9242,RSC,23.949846,75.100563,Approved,MDS/DLD/LM1,Central,Mandsaur,MADHYA PRADESH,TRUE,458667,Daloda,India
9218,RSC,15.50235,73.8378,Approved,PJM/DPL/LM1,West,Goa,GOA,TRUE,403202,Donapaula,India
9154,RSC,24.75104,80.77454,Approved,Kothi/LM,Central,BIRSHINGHPUR,MADHYA PRADESH,TRUE,485666,Kothi,India
9051,RSC,21.761622,81.804851,Approved,Nandghat,Central,DURG,CHHATTISGARH,TRUE,491340,Nandghat,India
7254,RSC,17.5445,74.0418,Approved,Nagthane,West,Satara,MAHARASHTRA,TRUE,415519,NAE,India
7251,RSC,22.9456,75.7371,Approved,SanwerMP,Central,Sanwer,MADHYA PRADESH,TRUE,453551,SGN,India
7130,RSC,18.0297,75.818,Approved,VairagMH,West,Vairag,MAHARASHTRA,TRUE,413402,VAH,India
7047,RSC,19.9271,78.793,Approved,Zari,Central,Wani,MAHARASHTRA,TRUE,445305,,India
7041,RSC,22.0428,82.1224,Approved,Tifra,Central,TIFRA,CHHATTISGARH,TRUE,495223,TIFRA,India
6998,SC,23.281001,77.376653,Approved,BHO/KFZ,Central,Bhopal,MADHYA PRADESH,TRUE,462030,GNR1,India
6899,RSC,23.5006,79.4704,Approved,Deori Jamadar,Central,DEORI JAMADAR,MADHYA PRADESH,TRUE,470880,DJR,India
6836,RSC,18.63983,74.66387,Approved,Kashti MH,West,Kashti,MAHARASHTRA,TRUE,413701,KMH,India
6678,RSC,22.276916,82.72069,Approved,Urga,Central,Korba,CHHATTISGARH,TRUE,495674,,India
6655,RSC,16.3650643,73.6879256,Approved,Vaibhavwadi,West,Talere,MAHARASHTRA,TRUE,416602,VAI,India
6695,RSC,21.2787,81.8661,Approved,ChhalCG,Central,Karshia,CHHATTISGARH,TRUE,496665,CHG,India
2342,RSC,18.843066,81.26564,Approved,Bacheli,Central,BACHELI,CHHATTISGARH,TRUE,494553,BSI,India
5166,RSC,15.733432,73.720598,Approved,Mandrem,West,Pernem,GOA,TRUE,416513,MAM,India
6114,RSC,19.0101,81.8886,Approved,Tokapal,Central,Jagdalpur,CHHATTISGARH,TRUE,494442,,India
6082,RSC,16.3161622,74.1430661,Approved,Kadgaon,West,Kadgaon,MAHARASHTRA,TRUE,415209,,India
6309,RSC,15.42181,74.070481,Approved,Usgao,West,Goa,GOA,TRUE,403406,USO,India
6040,RSC,16.4705815,73.3900018,Approved,Padel,West,Devgad,MAHARASHTRA,TRUE,416112,PAL,India
6068,RSC,17.6029391,74.3193176,Approved,Ambheri,West,Vaduj,MAHARASHTRA,TRUE,415502,AMI,India
6006,RSC,23.2136,82.868,Approved,Surajpur,Central,Bishrampur,CHHATTISGARH,TRUE,497229,SUR,India
5629,RSC,26.1939,78.9444,Approved,Lahar,Central,BHIND,MADHYA PRADESH,TRUE,477445,LAR,India
5812,RSC,17.4608,74.3191,Approved,Pusesavali,West,Vaduj,MAHARASHTRA,TRUE,415512,,India
5517,RSC,15.18022,73.971483,Approved,Assolna,West,Goa,GOA,TRUE,403701,ASA,India
5375,RSC,16.3502,73.4298,Approved,Talebazar,West,Devgad,MAHARASHTRA,TRUE,416612,TAR,India
5319,RSC,18.176225,74.0835,Approved,Parinche,West,Saswad,MAHARASHTRA,TRUE,412311,PAE,India
5278,RSC,5,5,Approved,Pathalgaon,Central,Pathalgaon,CHHATTISGARH,TRUE,496118,,India
5160,RSC,18.8722,81.4499,Approved,Dantewada1,Central,Dantewada,CHHATTISGARH,TRUE,494449,DA1,India
5299,RSC,18.48368,74.028234,Approved,Loni Kalbhor,West,LONI,MAHARASHTRA,TRUE,412210,LKR,India
5274,RSC,16.946961,74.3763277,Approved,Ankalkhop,West,ASHTA MH,MAHARASHTRA,TRUE,416301,ANP,India
5078,RSC,16.8406416,74.3175729,Approved,Peth Vadgaon,West,Kolhapur,MAHARASHTRA,TRUE,416112,PVN,India
4958,RSC,21.9016,82.7212,Approved,Bamhanidih,Central,Champa,CHHATTISGARH,TRUE,495686,BAH,India
5102,RSC,16.2028519,74.4964083,Approved,Halkarni,West,Gadhingalaj,MAHARASHTRA,TRUE,416506,HAI,India
4960,RSC,15.3893929,73.8483646,Approved,Zuarinagar,West,Goa,GOA,TRUE,403801,ZUR,India
4881,RSC,22.391,82.3452,Approved,Palli,Central,KASDOL,CHHATTISGARH,TRUE,495449,OBE,India
4952,RSC,22.7381,83.951,Approved,Kunkuri,Central,Kunkari,CHHATTISGARH,TRUE,496225,KUI,India
4940,SC,21.3031289,81.6343304,Approved,RPR/BHN,Central,Raipur,CHHATTISGARH,TRUE,492008,BHI,India
4902,RSC,5,5,Approved,Keshkal,Central,Keshkal,CHHATTISGARH,TRUE,493778,,India
4716,RSC,23.33,82.6699,Approved,Patna CG,Central,Baikunthpur,CHHATTISGARH,TRUE,497331,PCG,India
4637,RSC,17.15023251,74.0622282,Approved,Ghogaon,West,Ghogaon,MAHARASHTRA,TRUE,415111,,India
4848,RSC,21.4228,81.9358,Approved,Kharora,Central,KHARORA,CHHATTISGARH,TRUE,493225,RNR,India
4714,RSC,22.2207,81.4097,Approved,Pandariya,Central,Mungeli,CHHATTISGARH,TRUE,491559,PAA,India
4457,RSC,16.43882,73.6648413,Approved,Talere,West,Talere,MAHARASHTRA,TRUE,416801,,India
4495,RSC,18.711258,73.760959,Approved,Dehugaon,West,TALEGAON DHIGE,MAHARASHTRA,TRUE,412109,DEN,India
4327,RSC,19.67638,77.317086,Approved,KalamnuriMH,West,kalamnuri,MAHARASHTRA,TRUE,431702,KAH,India
4426,RSC,16.6905846,74.4471247,Approved,Jawaharnagar MH,West,Jawaharnagar,MAHARASHTRA,TRUE,416115,JMH,India
4052,RSC,22.1804,78.124963,Approved,Takhatpur,Central,TAKHATPUR,CHHATTISGARH,TRUE,495330,MCK,India
4254,RSC,18.091514,75.44458,Approved,Kem,West,Kem,MAHARASHTRA,TRUE,413208,,India
4079,RSC,18.230117,75.697133,Approved,Pangri,West,Pangri,MAHARASHTRA,TRUE,413401,,India
4076,RSC,19.0491,80.7214,Approved,Bijapur CG,Central,Bijapur CG,CHHATTISGARH,TRUE,494444,BCG,India
4113,RSC,15.491836,73.850102,Approved,Merces,West,Goa,GOA,TRUE,403005,MES,India
3958,RSC,18.717658,76.765306,Approved,Kingaon,West,Kingaon,MAHARASHTRA,TRUE,413523,,India
3900,RSC,18.700678,77.371397,Approved,Mukhed,West,Mukhed,MAHARASHTRA,TRUE,431715,,India
4031,RSC,18.119693,76.224779,Approved,Bembali,West,Bembli,MAHARASHTRA,TRUE,413506,BEI,India
3987,RSC,17.7954496,73.8280336,Approved,Medha,West,Medha,MAHARASHTRA,TRUE,415012,,India
4027,RSC,18.995,76.0377426,Approved,Wadwani,West,Wadwani,MAHARASHTRA,TRUE,431144,,India
3732,RSC,22.978495,83.041786,Approved,Lakhanpur CG,Central,LAKHANPUR CH,CHHATTISGARH,TRUE,497116,LCG,India
3708,RSC,19.332303,77.15804,Approved,Aundha Nagnath,West,Aundha Nagnath,MAHARASHTRA,TRUE,431705,,India
3659,RSC,18.150502,73.844929,Approved,Bhor,West,Bhor,MAHARASHTRA,TRUE,412206,,India
3702,RSC,17.823188,76.432035,Approved,Murum,West,Murum,MAHARASHTRA,TRUE,413604,,India
3601,RSC,19.35541,74.88136,Approved,Newasa,West,NEWASA,MAHARASHTRA,TRUE,414603,,India
3489,RSC,18.5730206,74.3501219,Approved,Nhawara,West,Nhawara,MAHARASHTRA,TRUE,412211,,India
3324,RSC,5,5,Approved,Mhaswad,West,Mhaswad,MAHARASHTRA,TRUE,415509,,India
3490,RSC,17.39875,75.173493,Approved,Jawala,West,Jawala,MAHARASHTRA,TRUE,413307,,India
3440,RSC,21.1124,82.096,Approved,Mahasmund,Central,MAHASAMUND,CHHATTISGARH,TRUE,493445,,India
3353,RSC,15.2859,73.9787,Approved,Margao,West,Goa,GOA,TRUE,403601,MAO1,India
3337,RSC,19.614151,76.688922,Approved,Jintur,West,Jintur,MAHARASHTRA,TRUE,431509,,India
3400,RSC,20.986008,75.573139,Approved,Paldhi,West,Paldhi,MAHARASHTRA,TRUE,425003,,India
3125,RSC,21.39215173,82.48135252,Approved,Bhatgaon,Central,BHATAGAON,CHHATTISGARH,TRUE,497235,BHN,India
3127,RSC,21.4102839,80.9936762,Approved,Khairagarh,Central,Khairagarh,CHHATTISGARH,TRUE,491881,APA,India
2882,RSC,24.0676341,77.2511121,Approved,Maksudangarh,Central,Maksudangarh,MADHYA PRADESH,TRUE,465674,,India
2764,RSC,5,5,Approved,Kajgaon,West,Kajgaon,MAHARASHTRA,TRUE,424103,,India
2661,RSC,15.4277544,73.8982521,Approved,Agacaim Verna,West,Goa,GOA,TRUE,403204,AVA,India
2474,RSC,20.6348,82.0615,Approved,Gariyabandh,Central,Gariyabandh,CHHATTISGARH,TRUE,493889,,India
2523,RSC,23.249,82.9717,Approved,Bishrampur,Central,Bishrampur,CHHATTISGARH,TRUE,497226,,India
2636,RSC,19.623519,78.201623,Approved,Kinwat,West,Kinwat,MAHARASHTRA,TRUE,431804,,India
2413,RSC,18.400758,76.231348,Approved,Sonari MH,West,Sonari MH,MAHARASHTRA,TRUE,413510,,India
2454,RSC,23.3042,78.4449,Approved,Silwani,Central,SILWANI,MADHYA PRADESH,TRUE,464886,,India
2408,RSC,5,5,Approved,Modnimb,West,Modnimb,MAHARASHTRA,TRUE,413301,,India
2110,RSC,18.128994,76.756509,Approved,Nilanga,West,Nilanga,MAHARASHTRA,TRUE,413521,RSC/Nilanga,India
1816,RSC,21.76,71.67,Approved,Kurudwadi1,West,Kurduwadi,MAHARASHTRA,TRUE,413209,KUI,India
1818,RSC,21.76,68.94,Approved,Hingoli1,West,Hingoli,MAHARASHTRA,TRUE,431515,HI1,India
1742,SC,23.2117227,77.4194072,Approved,BHO/KLR,Central,Bhopal,MADHYA PRADESH,TRUE,462016,PCY,India
2750,RSC,15.5942803,73.8150328,Approved,Mapusa,West,Goa,GOA,TRUE,403507,MAA,India
1689,RSC,21.76,71.67,Approved,Kannad,West,Kannad,MAHARASHTRA,TRUE,431103,RSC/Kannad,India
2748,RSC,16.7140986,74.0525946,Approved,Balinga,West,Balinga,MAHARASHTRA,TRUE,416205,,India
1557,RSC,21.76,71.67,Approved,Mayani,West,Mayani,MAHARASHTRA,TRUE,415102,RSC/Mayani,India
1575,RSC,21.76,71.67,Approved,Jamner,West,Jamner,MAHARASHTRA,TRUE,424206,RSC/Jamner,India
1615,RSC,22.41827,82.655563,Approved,Jamnipali,Central,Jamnipali,CHHATTISGARH,TRUE,495450,RSC/Jamnipali,India
1536,RSC,21.76,71.67,Approved,Pathardi,West,Pathardi,MAHARASHTRA,TRUE,414102,RSC/Pathardi,India
1549,RSC,21.76,71.67,Approved,Kotma,Central,Kotma,MADHYA PRADESH,TRUE,484334,RSC/Kotma,India
1179,RSC,21.27,71.9,Approved,Rajgurunagar,West,Rajgurunagar,MAHARASHTRA,TRUE,410505,RSC/Rajgurunagar,India
1212,RSC,21.27,71.9,Approved,Osmanabad1,West,Osmanabad,MAHARASHTRA,TRUE,413501,OS1,India
967,RSC,15.588919,76.931367,Approved,Ardhapur,West,Ardhapur,MAHARASHTRA,TRUE,431704,RSC/Ardhapur,India
542,RSC,16.6857232,74.4576273,Approved,Ichalkarnaji,West,Ichalkaranji,MAHARASHTRA,TRUE,416115,ICI,India
2660,RSC,18.4851467,74.1328521,Approved,Urlikanchan,West,LONI,MAHARASHTRA,TRUE,412202,URN,India
5510,RSC,26.3014,77.6164,Approved,Kailaras,Central,Kailaras,MADHYA PRADESH,TRUE,476001,,India
2414,RSC,16.8733186,74.0415731,Approved,Bambavade,West,Bambavade,MAHARASHTRA,TRUE,416213,,India
2826,RSC,17.7361843,74.5180063,Approved,Dahiwadi,West,Dahiwadi,MAHARASHTRA,TRUE,415508,,India
6561,RSC,20.256897,73.505404,Approved,Peint,West,Peint,MAHARASHTRA,TRUE,422208,,India
6432,RSC,21.627244,81.704671,Approved,SimgaCG,Central,Tilda,CHHATTISGARH,TRUE,493101,MRA,India
1379,RSC,21.76,68.94,Approved,Pandharpur1,West,Pandharpur,MAHARASHTRA,TRUE,413304,PA1,India
3521,Hub,21.17,72.83,Approved,SRT/DTO,West,Surat,GUJARAT,TRUE,395010,SRT/DTO,India
5531,Hub,22.207861,70.803864,Approved,RKT/PC,West,Rajkot,GUJARAT,TRUE,360024,RTR2,India
9503,SC,21.1115692,72.8430902,Approved,SRT/SCH/RP,West,Surat,GUJARAT,TRUE,394230,Sachin,India
6154,RSC,21.4006,72.9269,Approved,Kim,West,Surat,GUJARAT,TRUE,394110,,India
5234,RSC,5,5,Approved,Mandvi SRT,West,Mandvi,GUJARAT,TRUE,394601,MAI,India
5624,RSC,31.74373,73.0268,Approved,Gandeva,West,Navsari,GUJARAT,TRUE,396430,ENL,India
9619,Hub PC,21.215118,72.83184,Approved,SRT/KTG/FM1,West,Surat,GUJARAT,TRUE,395004,KATARGAM,India
9620,Hub PC,21.153155,72.842431,Approved,SRT/UDN/FM1,West,Surat,GUJARAT,TRUE,394210,UDHNA,India
9504,SC,21.153086,72.842492,Approved,SRT/UDN/RP,West,Jamnagar,GUJARAT,TRUE,394221,Udhna,India
9214,Hub PC,21.092167,72.914556,Approved,SRT/MEESHO/FM1,West,Surat,GUJARAT,TRUE,394230,VANJ,India
211,Hub,21.189951,72.873669,Approved,Surat/HUB,West,Surat,GUJARAT,TRUE,395010,PPA3,India
1937,RSC,23.3477717,70.02968,Approved,Nakhtrana,West,Nakhtrana,GUJARAT,TRUE,370615,RSC/Nakhtrana,India
9581,SC,22.9984125,72.5438179,Approved,AMD/VJR/FM1,West,Ahmedabad,GUJARAT,TRUE,380015,Vejalpur,India
6308,RSC,22.6508954,71.2053343,Approved,Tankara,West,Tankara,GUJARAT,TRUE,363650,TAA,India
2116,RSC,22.205789,71.2053343,Approved,Khambalia,West,Khambhalia,GUJARAT,TRUE,361305,RAR,India
5909,RSC,22.7836,70.8952,Approved,Mahendra Nagar,West,Morbi,GUJARAT,TRUE,363642,MNR,India
5816,RSC,22.0481297,71.2053343,Approved,Atkot,West,Jasdan,GUJARAT,TRUE,360050,ATT,India
4992,RSC,21.556057,69.587091,Approved,Bheshan,West,Bheshan,GUJARAT,TRUE,362020,,India
9583,SC,22.73239,72.6433,Approved,AMD/VBG/FM1,West,Jamnagar,GUJARAT,TRUE,387560,Vasna Buzarg,India
540,SC,21.1648899,72.8466907,Approved,SRT/UDN,West,Surat,GUJARAT,TRUE,394210,UDA1,India
621,Hub,22.9585451,72.5522254,Approved,AMD/PC1,West,Ahmedabad,GUJARAT,TRUE,382315,AMD/PC1,India
3244,RSC,21.15908,69.587091,Approved,Maliya hatina,West,Maliyahatina,GUJARAT,TRUE,362245,CCD,India
2671,Transportation-H,21,65,Approved,GDM/HUB-TSP,West,Gandhidham,GUJARAT,TRUE,370240,GDP,India
4687,Hub,21.196825,72.882484,Approved,RTO/SRL,West,Surat,GUJARAT,TRUE,395010,SAI,India
5801,Hub,21.186817,72.889442,Approved,RTO/PNG,West,Surat,GUJARAT,TRUE,395010,RTO/PNG,India
2065,Transportation-M,21.1111727,72.844158,Approved,SRT/HUB-TSP,West,Surat,GUJARAT,TRUE,394325,SRP,India
1354,SC,21.5986262,71.2205073,Approved,Amreli,West,Amreli,GUJARAT,TRUE,365601,AMR1,India
1512,SC,21.6467139,69.6344535,Approved,Porbandar,West,PORBANDAR,GUJARAT,TRUE,360575,CHA,India
4258,Transportation-H,22.483116,70.04827,Approved,JAM/HUB-TSP,West,Jamnagar,GUJARAT,TRUE,361002,JAP,India
4696,RSC,21.089979,73.694073,Approved,Palsana,West,Bardoli,GUJARAT,TRUE,394315,,India
6289,RSC,20.7606,73.6912,Approved,Ahwa,West,Ahwa,GUJARAT,TRUE,394710,,India
5372,RSC,21.0567,70.2289,Approved,Chorwad,West,Mangrol,GUJARAT,TRUE,362250,,India
5035,RSC,5,5,Approved,Ranavav,West,Kutiyana,GUJARAT,TRUE,362550,PNR,India
1795,Hub,21.76,71.67,Approved,SUR/APT,West,Surat,GUJARAT,TRUE,395010,HAA1,India
1794,Hub,21.76,71.67,Approved,BDQ/APT,West,VADODARA,GUJARAT,TRUE,390000,BDQ/APT,India
6374,RSC,21.8734,70.731,Approved,Gomta,West,Gondal,GUJARAT,TRUE,360311,GOA,India
5273,RSC,5,5,Approved,Dhrol,West,Dhrol,GUJARAT,TRUE,361210,KRD,India
3772,RSC,21.170639,73.694073,Approved,Uchchhal,West,UCHCHHAL,GUJARAT,TRUE,394375,GOM,India
7133,RSC,20.1487,73.1586,Approved,Khanvel,West,Jamnagar,GUJARAT,TRUE,396230,D&I,India
7060,RSC,23.2348,70.5741,Approved,Samakhiali,West,Bhachau,GUJARAT,TRUE,370150,,India
1295,SC,22.8183214,70.821411,Approved,Morbi,West,Ahmedabad,GUJARAT,TRUE,363641,NGD,India
6446,Hub,23.00991,72.5243,Approved,AMD/PLD-ICT,West,Ahmedabad,GUJARAT,TRUE,380015,ANR1,India
6900,Hub,23.031432,72.562463,Approved,AMD/TRACKON,West,Surat,GUJARAT,TRUE,380009,SCE,India
6991,Transportation-H,23.280979,72.444708,Approved,AMD/GWP-CHHATRAL,West,Gandhinagar,GUJARAT,TRUE,382729,CHL,India
3930,SC,23.02,72.57,Approved,AMD/HUB-EHV,West,Ahmedabad,GUJARAT,TRUE,382315,SCE3,India
6457,SC,23.00991,72.5243,Approved,AMD/PLD-VEHV,West,Ahmedabad,GUJARAT,TRUE,380015,ANR2,India
5283,Transportation-H,21,65,Approved,AMD/STL-TSP,West,Sanand,GUJARAT,TRUE,382210,SCE,India
4900,Hub,22.96,72.58,Approved,AMD/LH1,West,Ahmedabad,GUJARAT,TRUE,382405,SCL1,India
1757,Transportation-M,22.949207,72.482533,Approved,AMD/HUB-TSP,West,Ahmedabad,GUJARAT,TRUE,382210,SCL,India
9646,RSC,20.28272919,72.87208181,Approved,JAM/SGM/LM1,West,Jamnagar,GUJARAT,TRUE,396155,Sarigam,India
7255,RSC,22.4826,72.7984,Approved,Petlad,West,ANAND,GUJARAT,TRUE,388450,PED,India
7131,RSC,22.4905,71.4062,Approved,Muli,West,Surendranagar,GUJARAT,TRUE,363430,THI,India
6717,RSC,20.760718,73.694073,Approved,Ahwa VDR,West,Ahwa,GUJARAT,TRUE,394710,AVR,India
5810,RSC,21.258665,73.694073,Approved,Madhi,West,Dwarka,GUJARAT,TRUE,394340,,India
6604,RSC,22.1803604,71.2053343,Approved,Nanduri Road,West,Lalpur,GUJARAT,TRUE,361170,LAR,India
766,SC,20.4142228,72.8363528,Approved,Daman,West,Valsad,GUJARAT,TRUE,396210,NDN,India
3655,RSC,20.162886,73.694073,Approved,Umbergaon,West,UMBERGAON,GUJARAT,TRUE,396171,,India
6375,RSC,21.740167,69.587091,Approved,Bhadar Road,West,Upleta,GUJARAT,TRUE,360490,BRD,India
5386,RSC,21.314001,72.894775,Approved,Sayan,West,Surat,GUJARAT,TRUE,394110,SAN,India
5313,RSC,20.9243,70.922,Approved,Girgadhada,West,UNAGJ,GUJARAT,TRUE,362530,GIA,India
4957,RSC,21.875076,73.0268,Approved,Rajpipla,West,Rajpipla,GUJARAT,TRUE,393145,,India
5092,Terminal,21.202476,72.837944,Approved,SURAT/ROC-TML,West,Surat,GUJARAT,TRUE,395003,CAA,India
4635,RSC,22.229044,69.668668,Approved,Lalpur,West,Jamnagar,GUJARAT,TRUE,361305,LAR,India
3733,RSC,23.64017,70.02968,Approved,Dayapar,West,Dayapar,GUJARAT,TRUE,370630,,India
3735,RSC,23.25708,70.02968,Approved,Naliya,West,Naliya,GUJARAT,TRUE,370655,,India
6534,RSC,21.58568,73.0268,Approved,Hansot,West,Hansot,GUJARAT,TRUE,393030,,India
6747,RSC,21.762,73.2412,Approved,Rajpardi,West,Rajpardi,GUJARAT,TRUE,393115,,India
9312,SC,19.18817,73.21605,Approved,BOM/BUD/RP,West,Mumbai,MAHARASHTRA,TRUE,421505,Ambernath West,India
9114,Terminal,19.035112,72.875984,Approved,BOM/WADALA-TML,West,Mumbai,MAHARASHTRA,TRUE,400037,WAA1,India
9449,SC,19.086865,72.902018,Approved,BOM/GKP/LM1,West,Mumbai,MAHARASHTRA,TRUE,400086,Ghatkopar,India
454,Hub,19.033049,73.029662,Approved,NBM/HUB,West,Navi Mumbai,MAHARASHTRA,TRUE,400705,VAI1,India
9161,RSC,19.128212,72.839809,Approved,Andheri West/LM,West,Mumbai,MAHARASHTRA,TRUE,400058,Andheri,India
625,Hub,18.9998979,72.8513205,Approved,BOM/MAZ,West,Mumbai,MAHARASHTRA,TRUE,400015,SEE1,India
313,Hub,18.9872015,72.8290456,Approved,RTO/WRL,West,Mumbai,MAHARASHTRA,TRUE,410000,WOI2,India
9729,Hub TSP,19.26517,73.06784,Approved,BOM/DMG/BB1,West,Mumbai,MAHARASHTRA,TRUE,421302,Pimpalner,India
9711,Terminal,19.01261,72.54183,Approved,BOM/VKA/LM1,West,Mumbai,MAHARASHTRA,TRUE,400074,Vishnu Nagar,India
6974,Transportation-H,19.3396251,73.13760534,Approved,BOM/ADD-TSP,West,Mumbai,MAHARASHTRA,TRUE,421302,ANI1,India
6430,SC,19.028082,72.844902,Approved,BOM/MATUNGA-TML,West,Mumbai,MAHARASHTRA,TRUE,400016,MAA1,India
3526,SC,18.52,73.85,Approved,RVP/DSR,West,Mumbai,MAHARASHTRA,TRUE,400067,DAA2,India
6322,Hub,19.34440141,73.13666027,Approved,BOM/QS-ICT,West,Mumbai,MAHARASHTRA,TRUE,421302,ANI9,India
1146,Hub,18.975808,73.863035,Approved,BOM/IB1,West,Mumbai,MAHARASHTRA,TRUE,400093,ANI8,India
7046,SC,18.9583,72.8389,Approved,BOM/DGR-1-TML,West,Mumbai,MAHARASHTRA,TRUE,400009,DOI3,India
1753,Transportation-M,19.356956,73.162776,Approved,BOM/HUB-TSP,West,Bhiwandi,MAHARASHTRA,TRUE,421302,ANI,India
5190,Transportation-H,19.263785,73.07373,Approved,BOM/BHI-TSP,West,Mumbai,MAHARASHTRA,TRUE,421311,BHI3,India
1751,Transportation-H,19.122349,72.86279,Approved,BOM/ADH-TSP,West,Mumbai,MAHARASHTRA,TRUE,400093,ANI,India
3944,Transportation-H,19.000088,72.85159,Approved,BOM/MAZ-TSP,West,Mumbai,MAHARASHTRA,TRUE,400015,SEE3,India
5272,Transportation-H,19.3396251,73.13760534,Approved,BOM/APT-TSP,West,Mumbai,MAHARASHTRA,TRUE,421302,BHI,India
1887,WH,21.76,71.67,Approved,BHI_WH,West,Bhiwandi,MAHARASHTRA,TRUE,421302,BHI,India
5687,Hub TSP,19.1182415,72.85909,Approved,BOM/RO-ICT,West,Mumbai,MAHARASHTRA,TRUE,400093,MCD2,India
5742,RSC,31.6861815,76.5213022,Approved,Tauni Devi,North,HAMIRPUR,HIMACHAL PRADESH,TRUE,177023,,India
1094,RSC,21.05475,81.72806,Approved,Abhanpur,Central,ABHANPUR,CHHATTISGARH,TRUE,493661,MRR,India
9834,RSC,17.702185,75.878288,Approved,SLP/WAD/LM1,West,Vairag,MAHARASHTRA,TRUE,413222,Wadhala,India
9833,RSC,19.9472499,85.8177817,Approved,PRI/SAL/LM1,East,Puri,Odisha,TRUE,752014,SAKHIGOPAL,India
9760,RSC,31.7574,74.9497,Approved,FAC/MJA/LM1,North,Fatehgarh Churiyan,PUNJAB,TRUE,143601,MAJITHA,India
5501,SC,27.202924,78.0618053,Approved,PCK/AGRA,North,Agra,UTTAR PRADESH,TRUE,282006,ETR,India
9702,RSC,25.82318,87.04773,Approved,BAK/BAK/LM1,East,Bhawanipur Rajdham,BIHAR,TRUE,854203,BARHARA KOTHI,India
9678,SC,20.24373344,85.85953699,Approved,BBN/BGH/FM1,East,Bhubaneswar,Odisha,TRUE,751018,Baragarh,India
6156,RSC,31.218095,77.616123,Approved,Chirgaon HP,North,Shimla,HIMACHAL PRADESH,TRUE,171208,,India
3421,RSC,10.42425,76.270278,Approved,Cherpu,South-2,CHERPU,KERALA,TRUE,680561,,India
9720,RSC,23.415567,86.149819,Approved,JHL/JOR/LM1,East,JHALDA,WEST BENGAL,TRUE,723201,JOYPUR,India
9719,RSC,26.891154,84.37313,Approved,BEN/YOI/LM1,East,BENIPATTI,BIHAR,TRUE,847304,Yogapatti,India
5211,RSC,26.3544,87.737,Approved,Bahadurganj,East,Kishanganj BIH,BIHAR,TRUE,855101,,India
3187,RSC,26.2531809,89.7761131,Approved,AGOMONI,North East,Agomoni,ASSAM,TRUE,783335,,India
3189,RSC,26.0182,94.5212,Approved,ZUNHEBOTO,North East,Zunheboto,NAGALAND,TRUE,798620,,India
9207,SC,25.420361,86.408238,Approved,VKR/SPK/LM1,East,KHAGARIA,BIHAR,TRUE,851217,Sahebpurkamal,India
2793,RSC,8.36314,77.02409,Approved,VITHURA,South-2,Trivandrum,KERALA,TRUE,695541,,India
5771,RSC,34.0868574,74.0329469,Approved,URI,North,Baramulla,JAMMU AND KASHMIR,TRUE,193123,,India
5540,SC,25.511064,90.190954,Approved,TURA/RST,North East,Tura,MEGHALAYA,TRUE,794001,TURA/RST,India
9441,SC,11.18223,77.3694,Approved,TUP/PNL/LM1,South-2,Salem,TAMIL NADU,TRUE,638052,PERUMANALLUR,India
5490,RSC,25.923074,94.222738,Approved,Tseminyu,North East,TSEMINYU,NAGALAND,TRUE,797109,,India
9135,SC,23.81919,91.40923,Approved,TRP/JRN/LM,North East,AGARTALA,TRIPURA,TRUE,799045,TRP/JRN,India
9054,SC,23.785691,91.287197,Approved,TRP/BDG,North East,AGARTALA,TRIPURA,TRUE,799003,khatali,India
9262,RSC,11.110391,77.305844,Approved,TPR/MGM/LM1,South-2,Tirupur,TAMIL NADU,TRUE,641603,MANGALAM,India
322,SC,9.4288,76.563616,Approved,TIRUVELLA,South-2,Tiruvella,KERALA,TRUE,686548,TLA,India
4721,RSC,25.0403,87.668,Approved,Tinpahar,East,Tinpahar,JHARKHAND,TRUE,816109,,India
2439,RSC,9.078662,76.561503,Approved,Thodiyoor,South-2,THODIYOOR,KERALA,TRUE,690523,,India
5193,RSC,10.955314,78.364199,Approved,Thimmachipuram,South-2,Karur,TAMIL NADU,TRUE,639105,,India
9567,RSC,26.816339,92.68565,Approved,TEZ/RPA/LM1,North East,Rangapara,ASSAM,TRUE,784505,RANGAPARA,India
5187,RSC,27.2072,92.4608,Approved,TENGA VALLEY,North East,Bomdila,ARUNACHAL PRADESH,TRUE,790116,,India
6777,RSC,25.2532,88.5759,Approved,Tapan,East,Tapan,WEST BENGAL,TRUE,861300,,India
9088,SC,26.124584,86.6139,Approved,Supaul SVC,East,SUPAUL,BIHAR,TRUE,852131,Supaul,India
9264,RSC,23.225629,91.612675,Approved,SRM/MBZ/LM1,North East,SABROOM,TRIPURA,TRUE,799141,Manubazar,India
5218,RSC,21.2746,83.4003,Approved,Sohela,East,Sohella,Odisha,TRUE,768033,,India
6938,RSC,26.1573,89.1896,Approved,Sitai,East,Sitalkuchi,WEST BENGAL,TRUE,736158,,India
6916,RSC,25.842656,93.725933,Approved,SINGRIJAN,North East,DIMAPUR,NAGALAND,TRUE,797112,,India
5599,RSC,22.61767,86.81746,Approved,Silda,East,Jhargram,WEST BENGAL,TRUE,721666,,India
1308,RSC,21.27,71.9,Approved,Silapathar,North East,Dhemaji,ASSAM,TRUE,787059,RSC/Silapathar,India
4389,RSC,26.4601,85.2929,Approved,Sheohar,East,Sheohar,BIHAR,TRUE,843329,,India
9662,SC,21.4985661,83.9588908,Approved,SBP/HUB/HV1,East,Sambalpur,Odisha,TRUE,768006,Baraipali,India
6505,RSC,25.35412,81.44125,Approved,Sarai Ankil,North,Damanjodi,UTTAR PRADESH,TRUE,212216,,India
2453,RSC,31.1034862,77.1973917,Approved,Sanjauli,North,Sanjauli,HIMACHAL PRADESH,TRUE,171006,,India
4988,Terminal,22.59,88.41,Approved,Saltlake-TML,East,Kolkata,WEST BENGAL,TRUE,700064,SLML,India
4718,RSC,23.7871,88.0803,Approved,Salar,East,Salar,WEST BENGAL,TRUE,742401,,India
984,RSC,16.367497,80.843539,Approved,RSC/Begusarai,East,Barauni,BIHAR,TRUE,851112,RSC/Begusarai,India
9516,RSC,22.277421,84.769105,Approved,RRK/KRD/LM1,East,ROURKELA,Odisha,TRUE,770039,KUARMUNDA,India
9526,RSC,22.265593,84.901613,Approved,RRK/JRP/LM1,East,ROURKELA,Odisha,TRUE,769042,JHIRPANI,India
9525,RSC,18.970757,84.158236,Approved,RGD/RGD/LM1,East,Paralakhemundi,Odisha,TRUE,761213,RAYGAD,India
9273,RSC,31.539,78.2675,Approved,REP/REP/LM1,North,Recongpeo,HIMACHAL PRADESH,TRUE,172107,Recongpeo,India
4373,RSC,21.7029,84.059,Approved,Rengali,East,Rengali,Odisha,TRUE,768212,,India
9011,SC,11.190255,77.265907,Approved,Rayarkovil/RRL-SVC,South-2,Tiruppur,TAMIL NADU,TRUE,641654,Rayarkovil,India
5885,RSC,27.31,88.36,Approved,Ravangla,East,Ravangla,SIKKIM,TRUE,360187,,India
5894,RSC,27.02755,88.356115,Approved,Rangli Bazar,East,Darjeeling,WEST BENGAL,TRUE,343794,,India
3938,SC,23.34,85.3,Approved,RAN/HUB-EHV,East,Ranchi,JHARKHAND,TRUE,835103,RAN/HUB-EHV,India
9592,RSC,25.664058,88.16706,Approved,RAG/BIL/LM1,East,Raigunj,WEST BENGAL,TRUE,733134,BINDOL,India
7016,RSC,12.07081091,75.386235,Approved,PUSHPAGIRI,South-2,Kannur,KERALA,TRUE,670142,,India
6725,RSC,25.4517,85.0526,Approved,Punpun1,East,Punpun,BIHAR,TRUE,804453,,India
4187,RSC,33.92271,74.89736,Approved,Pulwama,North,Pulwama,JAMMU AND KASHMIR,TRUE,192301,,India
7039,RSC,10.3412267,76.2776963,Approved,POTTA,South-2,THRISSUR,KERALA,TRUE,680683,,India
9147,SC,11.187565,76.31527,Approved,POOKKOTTUMPADAM-SVC,South-2,NILAMBUR,KERALA,TRUE,676525,Kalikkavu,India
9523,SC,20.482464,84.231333,Approved,PLN/PLN/LM1,East,Phulbani,Odisha,TRUE,762001,Phulbani,India
2080,RSC,20.1596,85.7051,Approved,Pipili,East,Pipili,Odisha,TRUE,752104,RSC/Pipili,India
6567,RSC,30.7993,76.9149,Approved,Pinjore1,North,PANCHKULA,HARYANA,TRUE,134102,Pinjore,India
7202,RSC,22.246971,87.691063,Approved,Pingla WB,East,MIDNAPORE,WEST BENGAL,TRUE,721155,,India
3617,RSC,21.729446,87.551238,Approved,Pichaboni,East,Pichaboni,WEST BENGAL,TRUE,721455,,India
6061,RSC,10.961255,79.658233,Approved,Peralam,South-2,Thanjavur,TAMIL NADU,TRUE,609001,,India
9486,SC,10.995789,77.292809,Approved,PDM/PDM/LM1,South-2,Tiruppur,TAMIL NADU,TRUE,641664,"K.S Buildings,Tirupur Road, palladam",India
9295,RSC,25.0086134,85.6169699,Approved,PBN/PBN/LM1,East,Pakribarawan,BIHAR,TRUE,805130,Pakribarawan,India
6317,RSC,30.7235,76.0609,Approved,Payal,North,MACHIWARA,PUNJAB,TRUE,141416,,India
6263,RSC,25.897305,81.945297,Approved,Patti PBH,North,Patti UP,UTTAR PRADESH,TRUE,230135,,India
4566,RSC,32.1147,77.1442,Approved,Patlikuhal,North,PATLIKUHAL,HIMACHAL PRADESH,TRUE,175129,,India
7206,RSC,25.8089,85.5818,Approved,Patepur,East,Patepur,BIHAR,TRUE,843110,,India
9673,SC,25.577211,85.101916,Approved,PAT/PAA/HV2,East,Patna,BIHAR,TRUE,800002,mahaveer colony,India
3937,SC,25.59,85.13,Approved,PAT/HUB-EHV,East,Patna,BIHAR,TRUE,800007,PAT/HUB-EHV,India
9132,SC,26.089797,85.076396,Approved,Paroo1,East,SARAIYA,BIHAR,TRUE,843112,Paroo,India
6282,RSC,24.0182,84.4227,Approved,Panki,East,Panki,JHARKHAND,TRUE,822122,,India
6219,RSC,8.559208,76.895178,Approved,Pangappara,South-2,Trivandrum,KERALA,TRUE,695002,,India
6969,RSC,31.3885,77.1226,Approved,Pangana,North,Pangana,HIMACHAL PRADESH,TRUE,175046,,India
2099,RSC,23.076195,88.278506,Approved,Pandua,East,Pandua,WEST BENGAL,TRUE,125119,RSC/Pandua,India
5715,RSC,9.329323,76.580544,Approved,PANDANAD,South-2,Allapey,KERALA,TRUE,689506,,India
6342,RSC,8.41237,77.03467,Approved,PALODE,South-2,Trivandrum,KERALA,TRUE,695563,,India
9334,RSC,25.0302062,85.4269283,Approved,NWD/RGR/LM1,East,NAWADA,BIHAR,TRUE,803116,Rajgir,India
9329,RSC,20.81156,82.53457,Approved,NPD/NPD/LM1,East,Nuapada,Odisha,TRUE,766105,Nuapada,India
9333,RSC,20.0943627,82.7440821,Approved,NPD/HBD/LM1,East,Nuapada,Odisha,TRUE,766108,Hatibandha,India
3174,RSC,29.6856999,76.9904755,Approved,Nissing,North,NISSING,HARYANA,TRUE,132024,,India
9440,SC,25.900974,84.756626,Approved,NGR/NGR/LM1,East,Nagra,BIHAR,TRUE,841442,Nagra Patedha,India
4910,RSC,26.3149,84.2173,Approved,Nautan,East,Nautan,BIHAR,TRUE,841243,,India
5459,RSC,25.484908,84.953074,Approved,Naubatpur,East,Naubatpur,BIHAR,TRUE,801505,,India
4340,RSC,11.45517,77.53425,Approved,Nangavalli,South-2,Omalur,TAMIL NADU,TRUE,636454,Nangavalli,India
4155,RSC,27.1667661,88.3563029,Approved,Namchi,East,NAMCHI,SIKKIM,TRUE,737126,,India
9127,Terminal,11.211472,78.184333,Approved,Namakkal-TML1,South-2,Namakkal,TAMIL NADU,TRUE,637002,Namakkal-TML1,India
4359,RSC,31.632981,76.822566,Approved,Naina Devi,North,Naina devi,HIMACHAL PRADESH,TRUE,174310,,India
3593,RSC,25.415092,86.8827,Approved,Nagarpara,East,Nagarpara,BIHAR,TRUE,853203,,India
6853,RSC,24.6112,84.1118,Approved,Nabinagar,East,Aurangabad BH,BIHAR,TRUE,824301,,India
1036,RSC,14.550632,73.863035,Approved,Nabarangpur,East,Nabarangpur,Odisha,TRUE,764059,RSC/Nabarangpur,India
2133,SC,26.641843,84.898547,Approved,Motihari,East,Motihari,BIHAR,TRUE,845401,MTI,India
2540,RSC,26.15067,92.20247,Approved,MORIGAON,North East,Nagaon,ASSAM,TRUE,782105,,India
2847,RSC,25.1699,83.6136,Approved,Mohania,East,Mohania,BIHAR,TRUE,389326,,India
5457,RSC,19.448153,84.260279,Approved,Mohana,East,Mohana,Odisha,TRUE,761015,,India
9267,RSC,24.6119029,82.4202603,Approved,MOH/SPK/LM,East,Mohania,BIHAR,TRUE,821110,Kaimur,India
7301,SC,25.53373,91.53002,Approved,MLY/NPH,North East,NONGPOH,MEGHALAYA,TRUE,793102,MLY/NPH,India
9325,RSC,26.56292,84.7181662,Approved,MKI/KRT/LM1,East,Motihari,BIHAR,TRUE,845416,Karath,India
3766,RSC,27.4858,96.2045,Approved,MIAO,North East,MIAO,ARUNACHAL PRADESH,TRUE,792124,,India
4914,RSC,27.1293,88.4113,Approved,Melli Bazar,East,Melli,SIKKIM,TRUE,737128,,India
7306,RSC,9.979691,76.539711,Approved,MEKKADAMBU,South-2,Ernakulam,KERALA,TRUE,682316,,India
6406,RSC,22.4163,87.747,Approved,Mechogram,East,Panskura,WEST BENGAL,TRUE,721139,,India
9216,SC,25.909068,86.728313,Approved,MDP/MDP/LM1,East,Madhepura,BIHAR,TRUE,852113,Madhepura ,India
9063,SC,26.104452,84.794323,Approved,Mashrakh/LM,East,MASHRAKH,BIHAR,TRUE,841417,Mashrakh,India
6929,RSC,26.425601,84.44639,Approved,Manjha,East,Gopalganj,BIHAR,TRUE,841428,,India
6162,RSC,23.8532,84.3554,Approved,Manika,East,LATEHAR,JHARKHAND,TRUE,822126,,India
6942,RSC,22.1392,85.8896,Approved,Majhgaon,East,CHAIBASA,JHARKHAND,TRUE,833214,,India
4543,RSC,24.7237113,93.9396651,Approved,LILONG,North East,LILONG,MANIPUR,TRUE,795130,,India
6940,RSC,23.0647,84.9818,Approved,Lapung,East,Lapung,JHARKHAND,TRUE,835234,,India
4806,RSC,30.49365,76.800613,Approved,Lalru,North,Dera Bassi,CHANDIGARH,TRUE,140501,MOHALI,India
3312,RSC,24.4306,88.2169,Approved,Lalgola,East,LALGOLA,WEST BENGAL,TRUE,511887,,India
821,RSC,15.588919,76.641358,Approved,Kursheong,East,Kursheong,WEST BENGAL,TRUE,734203,RSC/Kursheong,India
5441,RSC,30.833106,76.573294,Approved,Kurali,North,Roopnagar,CHANDIGARH,TRUE,140103,Kurali,India
9069,SC,25.05122,83.78719,Approved,Kudra1,East,Kudra,BIHAR,TRUE,821108,Mohania,India
6576,RSC,21.7363,84.3332,Approved,Kuchinda1,East,Kuchinda,Odisha,TRUE,451928,,India
9404,RSC,10.7631992,76.1032153,Approved,KTD/KTD/LM1,South-2,KOOTANAD,KERALA,TRUE,679534,KOOTANAD,India
3411,RSC,26.71166513,88.71466745,Approved,Krantihat,East,Jalpaiguri,WEST BENGAL,TRUE,735218,,India
9306,RSC,9.965692,77.136788,Approved,KPN/RJK/LM1,South-2,Kattapana,KERALA,TRUE,685619,Rajakumari,India
9130,RSC,32.220936,76.112812,Approved,KotlaHP,North,KOTRI,HIMACHAL PRADESH,TRUE,176205,KotlaHP,India
5309,RSC,10.92557338,79.38507347,Approved,Korkai,South-2,Kumbakonam,TAMIL NADU,TRUE,612401,Korkai,India
6815,RSC,9.972786,76.414113,Approved,Kolencherry1,South-2,Kolenchery,KERALA,TRUE,682308,,India
9321,SC,24.917558,92.663735,Approved,KLN/BGR/LM1,North East,Silchar,ASSAM,TRUE,788127,CCR/KLN,India
6155,RSC,31.911311,76.381057,Approved,Khundian,North,Jawali,HIMACHAL PRADESH,TRUE,176030,,India
3140,RSC,20.1515,85.6178,Approved,Khordha,East,Khordha,Odisha,TRUE,990843,,India
9081,SC,20.29883,82.74567,Approved,KHARIAR/LM,East,kesinga,Odisha,TRUE,766107,KHARIAR,India
9080,SC,20.19075,83.22498,Approved,Kesinga/LM,East,kesinga,Odisha,TRUE,766012,Kesinga,India
9520,RSC,23.339726,91.746902,Approved,KBK/KBK/LM1,North East,Amarpur,TRIPURA,TRUE,799104,Karbook,India
5890,RSC,8.533667,76.91125,Approved,KAZHAKKOOTTAM,South-2,Trivandrum,KERALA,TRUE,695017,,India
3368,RSC,11.44287,78.57575,Approved,Karunapuram,South-2,KARUNAPURAM,TAMIL NADU,TRUE,606202,,India
4808,RSC,21.8312,85.9509,Approved,Karanjia,East,Karanjia,Odisha,TRUE,757037,,India
4719,RSC,25.7774,87.9835,Approved,Karandighi,East,Karandighi,WEST BENGAL,TRUE,932880,,India
9117,RSC,25.5078748,83.4576295,Approved,Karanda/LM,North,Ghazipur,UTTAR PRADESH,TRUE,233224,Karanda,India
5577,RSC,34.2667,74.9167,Approved,Kangan,North,Ganderbal,JAMMU AND KASHMIR,TRUE,191202,,India
5893,RSC,9.5914,78.39519,Approved,Kallal,South-2,Madurai,TAMIL NADU,TRUE,630305,,India
5609,RSC,26.5247,90.5163,Approved,KAJALGAON,North East,Bongaigaon,ASSAM,TRUE,783385,,India
5174,RSC,22.0529,86.8321,Approved,Kainfulia,East,BARIPADA,Odisha,TRUE,757021,,India
9648,RSC,19.851112,82.935526,Approved,JYP/DMH/LM1,East,Jeypore,Odisha,TRUE,766014,DHARAMGARH,India
9115,RSC,30.84422542,77.29526673,Approved,Jukhala,North,Bilaspur HP,HIMACHAL PRADESH,TRUE,174033, Kotla Patwar Khanna,India
9508,SC,24.94186,86.222036,Approved,JMI/JMI/LM1,East,JAMUI,BIHAR,TRUE,811307,Jamui,India
4744,RSC,24.8116919,93.1008117,Approved,JIRIGHAT,North East,fulertal,ASSAM,TRUE,788104,,India
7201,RSC,27.006,88.4355,Approved,Jhalong,East,Jhalong,WEST BENGAL,TRUE,734503,,India
5368,RSC,21.9584,86.2971,Approved,Jashipur,East,Jashipur,Odisha,TRUE,316397,,India
2081,RSC,27.2038,77.5011,Approved,Jamtara,East,JAMTARA,JHARKHAND,TRUE,815354,RSC/Jamtara,India
5285,RSC,26.39033,91.13085,Approved,JALAH,North East,BARPETA,ASSAM,TRUE,781329,,India
3979,RSC,31.91375,76.60083,Approved,Jaisinghpur,North,Jasingpur,HIMACHAL PRADESH,TRUE,176095,,India
7318,SC,20.262492,86.186935,Approved,Jagatsinghpur1,East,Jagatsinghpur,Odisha,TRUE,754410,JGTH,India
533,RSC,26.712952,88.4414556,Approved,Islampur,East,Islampur,WEST BENGAL,TRUE,843977,RSC/Islampur,India
6384,RSC,29.878885,77.04818,Approved,Indri,North,Karnal,HARYANA,TRUE,132041,,India
4793,RSC,14.0541,76.1958,Approved,Holalkere,South-2,CHITRADURGA,KARNATAKA,TRUE,577526,,India
1177,RSC,26.0017,92.8477,Approved,Hojai,North East,Hojai,ASSAM,TRUE,782435,RSC/Hojai,India
2055,RSC,22.9354,88.5855,Approved,HARINGHATA,East,Nadia,WEST BENGAL,TRUE,741249,RSC/HARINGHATA,India
2988,RSC,24.080354,91.824189,Approved,HALAHALI,North East,Halahali,TRIPURA,TRUE,799286,,India
9474,RSC,25.55118,83.39673,Approved,GZP/NDJ/LM1,North,Ghazipur,UTTAR PRADESH,TRUE,233302,Nandganj,India
4419,RSC,26.956,88.7302,Approved,Gorubathan,East,Gorubathan,WEST BENGAL,TRUE,735231,,India
3314,RSC,32.099804,76.269104,Approved,Gondpur Banehra,North,GONDPUR,HIMACHAL PRADESH,TRUE,177213,,India
3436,RSC,23.5619,85.7256,Approved,Gola,East,GOLA JH,JHARKHAND,TRUE,829110,,India
3555,RSC,21.5658,85.8077,Approved,Ghatagaon,East,GHATAGAON,Odisha,TRUE,758029,,India
4643,Terminal,26.1,91.82,Approved,GAU/BEL-TML,North East,Guwahati,ASSAM,TRUE,781022,GAU/BEL-TML,India
6843,RSC,23.35173,91.49061,Approved,GANDACHERRA,North East,Amarpur,TRIPURA,TRUE,799284,,India
3290,RSC,27.7873,76.9465,Approved,Firozpur jhirka,North,Firozapur Jirka,HARYANA,TRUE,122104,,India
5895,RSC,9.465294,76.843262,Approved,ERUMELI,South-2,Pathanamthitta,KERALA,TRUE,686509,,India
4851,RSC,10.662972,76.165056,Approved,Erumapetty,South-2,TRICHUR,KERALA,TRUE,680501,,India
2020,RSC,25.9839876,90.7756782,Approved,Dudhnoi,North East,DUDHNOI,ASSAM,TRUE,783124,RSC/Dudhnoi,India
6230,RSC,24.923533,92.778236,Approved,DOLU,North East,Silchar,ASSAM,TRUE,788111,,India
9613,RSC,25.2327,83.924898,Approved,DNA/KOC/LM1,East,Dinara,BIHAR,TRUE,821112,Kochas,India
2529,RSC,25.8376,93.4385,Approved,DIPHU,North East,Diphu,ASSAM,TRUE,782460,,India
6025,RSC,26.35204,89.00251,Approved,Dhupguri,East,Dhupguri,WEST BENGAL,TRUE,395777,,India
9223,SC,20.715139,86.135598,Approved,DHM/CHD/LM1,East,Chandikhole,Odisha,TRUE,754296,Neulapur,India
9153,SC,20.912228,86.440982,Approved,Dhamnagar SVC/LM,East,DHAMNAGAR,Odisha,TRUE,756117,Dhamnagar,India
5061,RSC,20.0063,85.7564,Approved,Delang,East,Delang,Odisha,TRUE,752016,,India
5828,Hub TSP,28.590347,77.325618,Approved,DEL/NOIDA-ICT,North,Noida,UTTAR PRADESH,TRUE,201301,DEL/NOIDA-ICT,India
5824,Hub TSP,28.406388,76.9792817,Approved,DEL/GGN-ICT,North,Gurugram,HARYANA,TRUE,122001,DEL/GGN-ICT,India
6042,SC,28.51159445,77.08425342,Approved,DEL/GGN-CBC,North,Gurgaon,HARYANA,TRUE,122016,GUN1,India
9647,RSC,26.29416,85.94651,Approved,DBG/KOT/LM1,East,Darbhanga,BIHAR,TRUE,847121,Keoti,India
9194,SC,20.479557,86.232752,Approved,CTK/NSK/LM,East,Nischintakoili,Odisha,TRUE,754209,Nischintakoili ,India
9700,SC,11.00841105,77.03897137,Approved,CJB/OND/LM1,South-2,Coimbatore,TAMIL NADU,TRUE,641005,coimbatore,India
5280,SC,11.042125,76.929251,Approved,CJB/EDP-TML,South-2,Coimbatore,TAMIL NADU,TRUE,641025,CJB/EDP-TML,India
2178,RSC,20.5244467,85.939885,Approved,Choudwar,East,Choudwar,Odisha,TRUE,754025,RSC/Choudwar,India
4511,RSC,8.692069,76.81791,Approved,Chirayinkeezhu1,South-2,Chirayinkeezhu,KERALA,TRUE,695101,,India
6554,RSC,10.056086,76.280132,Approved,CHERANALLUR,South-2,CHERANALLUR,KERALA,TRUE,682027,,India
9168,SC,21.687374,87.425554,Approved,CHD/CHN/LM,East,Chandaneswar,Odisha,TRUE,756036,Chandaneswar,India
2664,RSC,8.855772,76.737181,Approved,Chathannur,South-2,Chathannur,KERALA,TRUE,691579,,India
3533,RSC,9.173380044,76.606963,Approved,CHARUMOOD,South-2,CHARUMOOD,KERALA,TRUE,690522,,India
2209,RSC,22.736001,87.367662,Approved,ChandrakonaRoad,East,Chandrakona,WEST BENGAL,TRUE,721201,RSC/Chandrakona Road,India
3815,RSC,25.260456,83.266266,Approved,Chandauli,North,Chandauli,UTTAR PRADESH,TRUE,232104,,India
5231,RSC,26.02135,89.98214,Approved,CHALANTAPARA,North East,Bongaigaon,ASSAM,TRUE,783388,,India
9062,SC,25.9669338,84.4155131,Approved,Chainpur/LM,East,Chhapra,BIHAR,TRUE,841203,Chainpur,India
5137,Terminal,22.592561,88.410014,Approved,CCU/PFK- TML,East,Kolkata,WEST BENGAL,TRUE,700101,CCU/PFK- TML,India
9349,SC,22.679225,88.457856,Approved,CCU/IB2/HV,East,Barasat,WEST BENGAL,TRUE,700132,MADHYAMGRAM,India
9348,SC,22.54315643,88.41677546,Approved,CCU/IB1/HV,East,Kolkata,WEST BENGAL,TRUE,700105,DHAPA,India
5992,Terminal,22.4442596,88.3714313,Approved,CCU/GARIA-TML,East,Kolkata,WEST BENGAL,TRUE,700154,CCU/GARIA-TML,India
2271,SC,22.76372,88.30548,Approved,CCU/DMG,East,Kolkata,WEST BENGAL,TRUE,712223,CCU/DMG,India
9466,RSC,10.376712,78.804531,Approved,CBE/KLT/LM1,South-2,Devakottai,TAMIL NADU,TRUE,622002,KULATHUR,India
2059,RSC,21.51532,84.16272,Approved,BRAJRAJNAGAR1,East,Brajrajnagar,Odisha,TRUE,768221,RSC/BRAJRAJNAGAR1,India
6557,RSC,25.5891,84.496,Approved,Brahmpur1 BH,East,Bihia,BIHAR,TRUE,581300,,India
4823,RSC,25.949,93.6218,Approved,BOKAJAN,North East,BOKAJAN,ASSAM,TRUE,782480,,India
2804,RSC,28.6232517,78.801263,Approved,Billari,North,BILLARI,UTTAR PRADESH,TRUE,244411,,India
5744,RSC,31.3377,76.7864,Approved,Bilaspur City,North,Bilaspur HP,HIMACHAL PRADESH,TRUE,174001,,India
9230,RSC,89.032823,26.790618,Approved,BHT/NHT/LM1,East,BANARHAT,WEST BENGAL,TRUE,735202,NATHUAHAT,India
9633,RSC,27.1619908,94.8901674,Approved,BHR/BHR/LM1,North East,Bishalgarh,TRIPURA,TRUE,799103,Bishramganj,India
4410,RSC,31.3260222,75.5761759,Approved,Bhogpur,North,Bhogpur,PUNJAB,TRUE,144201,,India
9052,RSC,20.98823,86.418244,Approved,Bhandaripokhari,East,DHAMNAGAR,Odisha,TRUE,756120,Bhandaripokhari,India
2489,RSC,25.78443,85.274623,Approved,Bhagwanpur,East,Sarai,BIHAR,TRUE,844125,,India
9078,SC,25.03686,83.62462,Approved,Bhabua2,East,Bhabua,BIHAR,TRUE,821101,Bhabua,India
4071,RSC,26.38265,90.22429,Approved,BENGTOL,North East,Bengtol,ASSAM,TRUE,783375,,India
2482,RSC,23.25709,91.4683,Approved,BELONIA,North East,AGARTALA,TRIPURA,TRUE,799155,,India
2724,RSC,22.098,87.3612,Approved,Belda,East,Paschim Medinipur,WEST BENGAL,TRUE,373485,,India
9228,RSC,25.398733,82.741218,Approved,BDG/KRU/LM1,North,Babatpur,UTTAR PRADESH,TRUE,221201,Kuru,India
3730,RSC,24.42770733,92.30803616,Approved,BAZARICHERRA,North East,BAZARICHERRA,ASSAM,TRUE,788727,,India
2955,RSC,26.407,90.4031,Approved,BASUGAON,North East,Basugaon,ASSAM,TRUE,783372,,India
3256,RSC,21.6761,87.0724,Approved,Basta,East,BASTA,Odisha,TRUE,756029,,India
2379,RSC,23.8181,84.1224,Approved,Barwadih,East,Barwadih,JHARKHAND,TRUE,822111,RSC/Barwadih,India
1181,RSC,21.27,71.9,Approved,Barharwa,East,BARHARWA,JHARKHAND,TRUE,555888,RSC/Barharwa,India
6413,RSC,26.2891,84.4593,Approved,Barharia,East,Siwan,BIHAR,TRUE,954367,,India
5460,RSC,25.64922,84.632583,Approved,Barhara,East,Barhara,BIHAR,TRUE,961374,,India
6939,RSC,22.1392,85.8896,Approved,Barajamda,East,Barajamda,JHARKHAND,TRUE,833214,,India
2831,RSC,26.7697,88.9988,Approved,Banarhat,East,BANARHAT,WEST BENGAL,TRUE,735202,,India
3977,RSC,23.1962,86.047321,Approved,Balarampur,East,Balarampur,WEST BENGAL,TRUE,723152,,India
5710,RSC,24.295,88.2205,Approved,Azimganj,East,Azimganj,WEST BENGAL,TRUE,742122,,India
5291,RSC,11.81,76,Approved,Avudayarkoil,South-2,Trichy,TAMIL NADU,TRUE,614620,,India
9686,RSC,20.463949,85.518312,Approved,ATG/TIA/LM1,East,Athagarh,Odisha,TRUE,754030,TIGIRIA,India
9136,SC,26.047279,91.372397,Approved,ASM/CGN/LM,North East,Bijaynagar,ASSAM,TRUE,781124,ASM/CGN,India
9149,SC,28.02129,95.20114,Approved,ARP/PSG,North East,Pashighat,ASSAM,TRUE,791102,ARP/PSG,India
9487,SC,25.528937,89.86788,Approved,APT/APT/LM1,North East,AMPATI,MEGHALAYA,TRUE,794115,Ampati,India
2975,RSC,23.583,87.1722,Approved,Andal,East,Asansol,WEST BENGAL,TRUE,713321,,India
9468,SC,27.20197,78.05845,Approved,AGR/HUB/HV,North,Agra,UTTAR PRADESH,TRUE,282006,Etmadpur,India
3690,RSC,20.22797,86.011914,Approved,Adaspur,East,Adaspur,Odisha,TRUE,754011,,India
9561,RSC,31.663454,76.062539,Approved,AAR/GGT/LM1,North,Amb,HIMACHAL PRADESH,TRUE,177201,Gagret,India
9824,SC,23.434355,45.42424,Approved,TestisNDR,South-1,Hyderabad,TELANGANA,TRUE,556661,Pune,India
9818,SC,23.434355,45.42424,Approved,TestHubServiceSanity,South-1,Hyderabad,TELANGANA,TRUE,556661,Pune,India
5920,SC,26.92371,75.717827,Approved,RVP/JKNK,North,Jaipur,RAJASTHAN,TRUE,302012,RVP/JKNK,India
3067,RSC,25.5322,90.592392,Approved,WILLIAM NAGAR,North East,William Nagar,MEGHALAYA,TRUE,794111,,India
9031,SC,34.166068,74.550586,Approved,PATTAN,North,Baramulla,JAMMU AND KASHMIR,TRUE,193121,PATTAN,India
2693,RSC,26.6531,90.7913,Approved,BIJNI,North East,Chirang,ASSAM,TRUE,783390,,India
9813,WH,13.0767778,80.0813333,Approved,MAA/VAR/WH1,South-2,Chennai,TAMIL NADU,TRUE,600072,Vayalanallur,India
9809,WH,26.605852,80.724147,Approved,LKO/SAJ/WH1,North,Unnao,UTTAR PRADESH,TRUE,209859,Sarai Joga,India
9789,RSC,26.160744,82.946124,Approved,AZA/BUR/LM1,North,Azamgarh,UTTAR PRADESH,TRUE,223221,Burhanpur,India
9804,RSC,26.16534,84.03874,Approved,SIW/GUT/LM1,East,Siwan,BIHAR,TRUE,841435,Guthani,India
3774,RSC,25.515015,90.208088,Approved,TURA,North East,Tura,MEGHALAYA,TRUE,794101,,India
9546,SC,25.668265,82.203685,Approved,MDR/MDR/RP,North,Jaunpur,UTTAR PRADESH,TRUE,222204,badshapur,India
9545,SC,25.668265,82.203685,Approved,MDR/MDR/HV,North,Jaunpur,UTTAR PRADESH,TRUE,222204,badshapur,India
6919,Hub,12.8394686,79.8911211,Approved,Reliance DC-Oragadam,South-2,Chennai,TAMIL NADU,TRUE,631604,RDCO,India
4946,SC,13.16,80.2,Approved,Redhills-TML,South-2,Chennai,TAMIL NADU,TRUE,600066,RETM,India
4700,SC,13.09,80.18,Approved,MAA/VKM-TML,South-2,Chennai,TAMIL NADU,TRUE,600050,MAA/VKM-TML,India
3446,SC,12.96,79.94,Approved,SRIPERUMBUDUR1,South-2,SRIPERUMBUDUR,TAMIL NADU,TRUE,602105,SRIV,India
1946,SC,23,65,Approved,P2P/CHN,South-2,Chennai,TAMIL NADU,TRUE,600032,P2P/CHN,India
4069,Hub,13.08,80.27,Approved,MAA/LH1,South-2,Chennai,TAMIL NADU,TRUE,600072,TAI,India
1147,Hub,18.975808,73.965371,Approved,MAA/IB1,South-2,Chennai,TAMIL NADU,TRUE,600072,TAI1,India
5139,RSC,17.4137254,78.4410889,Approved,CGL/SA-CYR,South-2,Chengalpet,TAMIL NADU,TRUE,603302,,India
4658,RSC,10.4712094,79.5731138,Approved,CHETPET/SA,South-2,CHETPET,TAMIL NADU,TRUE,606801,,India
4595,RSC,12.96914,80.0522901,Approved,KUNDRATHUR/SA,South-2,KUNDRATHUR,TAMIL NADU,TRUE,600069,,India
7084,Terminal,17.1946519,80.3601915,Approved,MAA/MYL-TML,South-2,Chennai,TAMIL NADU,TRUE,600004,,India
4401,RSC,13.9027456,79.8740993,Approved,OZILI,South-1,OZILI,ANDHRA PRADESH,TRUE,524126,,India
5047,RSC,12.0042853,79.7526409,Approved,PDY/SA-TCM,South-2,VILLUPURAM,TAMIL NADU,TRUE,605111,,India
6706,RSC,13.165902,79.438236,Approved,RK PETTAI,South-2,Ranipet,TAMIL NADU,TRUE,631303,,India
4536,RSC,13.1161415,79.4207877,Approved,RNP/SA-SHU,South-2,Ranipet,TAMIL NADU,TRUE,631102,,India
2000,Hub,21,67,Approved,MAA/GHS,South-1,Chennai,HARYANA,TRUE,111111,MAA/GHS,India
9783,SC,13.127815,80.220128,Approved,MAA/KLT/HV1,South-2,Chennai,TAMIL NADU,TRUE,600099,Kolathur,India
5351,RSC,26.95613889,93.84963889,Approved,DALGAON,North East,MONGOLDOI,ASSAM,TRUE,784116,,India
1966,RSC,23,65,Approved,Jhajjar2,North,Jhajjar,HARYANA,TRUE,124103,RSC/Jhajjar2,India
6316,RSC,30.4753,78.924568,Approved,Augustmuni,North,Rudraprayag,UTTARAKHAND,TRUE,246421,,India
2341,RSC,9.0413,76.42402,Approved,ADOOR,South-2,ADOOR,KERALA,TRUE,691530,RSC/ADOOR,India
5195,RSC,10.21359,78.58431,Approved,ALANGUDI,South-2,Pudukkottai,TAMIL NADU,TRUE,622301,,India
4156,RSC,10.6454,76.5458,Approved,ALATHUR,South-2,ALATHUR,KERALA,TRUE,678543,,India
3087,RSC,9.57235,78.48242,Approved,AMARAVATHIPUTHUR,South-2,AMARAVATHIPUTHUR,TAMIL NADU,TRUE,630303,,India
3819,RSC,10.7971,79.3157,Approved,Ammapettai,South-2,AMMAPETTAI,TAMIL NADU,TRUE,638311,,India
6911,RSC,11.190697,79.429907,Approved,Anaikarai,South-2,Perambalur,TAMIL NADU,TRUE,612901,,India
5411,RSC,9.17367,76.27406,Approved,ARANMULA,South-2,Pathanamthitta,KERALA,TRUE,695122,,India
5534,RSC,11.041978,79.065852,Approved,Ariyalur,South-2,Trichy,TAMIL NADU,TRUE,621707,,India
6248,RSC,9.659879,76.300018,Approved,ARTHUNKKAL,South-2,Allapey,KERALA,TRUE,688539,,India
5410,RSC,16.186389,77.345694,Approved,Asapur,South-2,Raichur,KARNATAKA,TRUE,584101,,India
6757,RSC,16.20218,77.32909,Approved,Askihal,South-2,Raichur,KARNATAKA,TRUE,584101,,India
1981,RSC,21,67,Approved,Attingal1,South-2,Trivandrum,KERALA,TRUE,695101,RSC/Attingal1,India
6796,RSC,25.2529374,82.7100955,Approved,Kachhwa Bazar,North,Mirzapur,UTTAR PRADESH,TRUE,231501,,India
6634,RSC,27.24884,78.76036,Approved,Ghiror,North,Ghiror UP,UTTAR PRADESH,TRUE,205121,,India
6401,RSC,26.4771,82.3027,Approved,Bhiti,North,Mau,UTTAR PRADESH,TRUE,275101,,India
5762,RSC,26.1111,83.9493,Approved,Narayanpur UP,North,Ballia,UTTAR PRADESH,TRUE,277501,,India
5712,SC,10.968538,76.213677,Approved,PMN/TKD-TML,South-2,Malappuram,KERALA,TRUE,679322,PMN/TKD-TML,India
5439,RSC,25.7356,83.8791,Approved,Karimuddinpur,North,Ghazipur,UTTAR PRADESH,TRUE,233225,,India
6285,RSC,25.5408,83.3976,Approved,Nandganj,North,Ghazipur,UTTAR PRADESH,TRUE,233302,,India
5940,RSC,29.53775,73.77594,Approved,Muklawa,North,Muklawa,RAJASTHAN,TRUE,335061,,India
7277,RSC,20.823,86.1961,Approved,Haripur OR,East,JAJPUR ORISSA,Odisha,TRUE,755009,,India
5463,RSC,20.7059,86.4643,Approved,Arei,East,JAJPUR ORISSA,Odisha,TRUE,755012,,India
4191,SC,20.9148688,86.2270726,Approved,Jajpur road OD,East,BHADRAK,Odisha,TRUE,755043,JAJP,India
7205,RSC,20.189791,83.513783,Approved,M Rampur,East,M Rampur,Odisha,TRUE,766102,,India
5864,Terminal,13.064177,77.5701187,Approved,RVP/BLRVKS-TML,South-2,BANGALORE,KARNATAKA,TRUE,560097,RVP/BLRVKS-TML,India
5398,Hub,26.1030446,91.6839518,Approved,GAU/LH1,North East,Guwahati,ASSAM,TRUE,781131,AZA,India
6537,RSC,26.41169,92.550905,Approved,BORDUA,North East,Nagaon,ASSAM,TRUE,782122,,India
4858,RSC,25.9510122,93.4421613,Approved,MANJA,North East,Diphu,ASSAM,TRUE,782461,,India
7021,RSC,31.2488,77.0895,Approved,Tattapani,North,Mandi City,HIMACHAL PRADESH,TRUE,175009,,India
6756,RSC,23.8288,84.7908,Approved,Balumath,East,Balumath,JHARKHAND,TRUE,185201,,India
1731,RSC,21.76,71.67,Approved,Tangla,North East,Tangla,ASSAM,TRUE,784521,RSC/Tangla,India
6538,RSC,25.179466,93.115226,Approved,MAHUR,North East,Maibong,ASSAM,TRUE,788830,,India
2205,RSC,25.3891,93.2986,Approved,MAIBONG,North East,Maibong,ASSAM,TRUE,788831,RSC/MAIBONG,India
6860,RSC,25.193642,90.647434,Approved,BAGHMARA ML,North East,Baghmara MG,MEGHALAYA,TRUE,794102,,India
4329,Transportation-H,32,25,Approved,DDN/SLQ-TSP,North,Dehradun,UTTARAKHAND,TRUE,248197,DDN/SLQ-TSP,India
6662,RSC,24.943253,92.8028783,Approved,DALU,North East,Tura,MEGHALAYA,TRUE,794103,,India
5241,RSC,25.58465,90.31481,Approved,NEW BHAITBARI,North East,Tura,MEGHALAYA,TRUE,794104,,India
6497,RSC,23.538645,91.486934,Approved,RAJARBAGH,North East,Udaipur TR,TRIPURA,TRUE,799120,,India
5124,RSC,24.4327,86.8722,Approved,Ghormara,East,Ghormara,JHARKHAND,TRUE,814120,,India
7204,RSC,26.1406,85.6229,Approved,Gaighat,East,Gayghat,BIHAR,TRUE,843118,,India
7293,RSC,26.2846,83.284,Approved,Raunapar,North,Azamgarh,UTTAR PRADESH,TRUE,276122,,India
7028,RSC,26.0495,83.3882,Approved,Walidpur,North,Mau,UTTAR PRADESH,TRUE,276405,,India
1952,RSC,21,67,Approved,Rosera1,East,ROSERA,BIHAR,TRUE,848210,RSC/Rosera1,India
6272,RSC,26.275,87.2419,Approved,Narpatganj,East,Araria,BIHAR,TRUE,854335,,India
5922,SC,26.97146,75.75578,Approved,RVP/JVKI,North,Jaipur,RAJASTHAN,TRUE,302039,RVP/JVKI,India
5919,SC,26.865488,75.737908,Approved,RVP/JJAI,North,Jaipur,RAJASTHAN,TRUE,302020,RVP/JJAI,India
603,SC,28.511651,77.031588,Approved,GGN/PVR,North,Gurgaon,HARYANA,TRUE,122017,GGN/PVR,India
6336,SC,28.37689,76.69144,Approved,DEL/FC1-ICT,North,Jhajjar,HARYANA,TRUE,124108,DEL/FC1-ICT,India
1441,SC,28.971256,77.668965,Approved,MRT/BDM,North,Meerut,UTTAR PRADESH,TRUE,250001,MRT/BDM,India
715,SC,25.5606,77.219346,Approved,BAGHPAT,North,BAGHPAT,UTTAR PRADESH,TRUE,250609,BPG,India
633,SC,28.4777131,77.1011415,Approved,GGN/SPR,North,Gurgaon,HARYANA,TRUE,122002,GGN/SPR,India
4670,RSC,30.278532,78.034065,Approved,Banjarwala,North,Dehradun,UTTARAKHAND,TRUE,248001,,India
5863,Terminal,13.0683056,77.8015613,Approved,RVP/BLRMVH-TML,South-2,BANGALORE,KARNATAKA,TRUE,562114,RVP/BLRMVH-TML,India
3648,SC,12.988134,77.756706,Approved,RVP/WHT,South-2,BANGALORE,KARNATAKA,TRUE,560067,RVP/WHT,India
1874,Transportation-H,17.5437232,78.4821781,Approved,HYD/MDC-TSP,South-1,Hyderabad,TELANGANA,TRUE,510000,HYD/MDC-TSP,India
5505,Hub TSP,12.995417,77.763833,Approved,BLR/WHT-ICT,South-2,BANGALORE,KARNATAKA,TRUE,560067,BLR/WHT-ICT,India
5394,Transportation-H,17.5828368,78.4995779,Approved,HYD/APT-TSP,South-1,Hyderabad,TELANGANA,TRUE,510000,HYD/APT-TSP,India
5504,Hub TSP,12.911238,77.588623,Approved,BLR/JPN-ICT,South-2,BANGALORE,KARNATAKA,TRUE,560078,BLR/JPN-ICT,India
5502,Hub TSP,12.959139,77.591654,Approved,BLR/KMG-ICT,South-2,BANGALORE,KARNATAKA,TRUE,560027,BLR/KMG-ICT,India
1762,Transportation-M,17.5828368,78.4995779,Approved,HYD/HUB-TSP,South-1,Hyderabad,TELANGANA,TRUE,510000,DEL,India
6458,SC,11.028639,77.065405,Approved,CJB/EAST-EHV,South-2,Coimbatore,TAMIL NADU,TRUE,641103,CJB/EAST-EHV,India
7313,RSC,32.7216,76.0515,Approved,Salooni,North,sundla,HIMACHAL PRADESH,TRUE,176320,,India
2536,Transportation-H,12.92529592,74.83024155,Approved,MLR/HUB-TSP,South-2,Mangalore,KARNATAKA,TRUE,575013,PAL1,India
5055,RSC,24.7481,86.641,Approved,Katoria,East,Katoria,BIHAR,TRUE,576107,,India
3237,RSC,25.3369,93.9776,Approved,SENAPATI,North East,Senapati,MANIPUR,TRUE,795106,,India
5229,RSC,26.106573,89.8484998,Approved,GOLOKGANJ,North East,Agomoni,ASSAM,TRUE,783334,,India
6663,RSC,26.594082,94.190398,Approved,TITABOR,North East,Jorhat,ASSAM,TRUE,785630,,India
6924,RSC,27.1355,95.7364,Approved,CHANGLANG,North East,CHANGLANG,ARUNACHAL PRADESH,TRUE,792120,,India
6925,RSC,26.8372,95.3521,Approved,LONGDING,North East,Longding,ARUNACHAL PRADESH,TRUE,792131,,India
4860,RSC,24.7926,92.9276,Approved,BASKANDI,North East,fulertal,ASSAM,TRUE,788101,,India
5080,RSC,28.4641637,77.0823482,Approved,FBD/EHV1,North,Faridabad,HARYANA,TRUE,121005,,India
5129,RSC,24.6216455,93.8905033,Approved,MAYANG IMPHAL,North East,Imphal,MANIPUR,TRUE,795132,,India
5284,RSC,26.73458333,92.21422222,Approved,ROWTA,North East,UDALGURI,ASSAM,TRUE,784508,,India
5519,RSC,27.7174,948864,Approved,SIMEN CHAPORI,North East,Dhemaji,ASSAM,TRUE,787061,,India
5521,RSC,24.834632,93.973473,Approved,KHURAI,North East,Imphal,MANIPUR,TRUE,795010,,India
3234,RSC,29.707557,73.6256494,Approved,Padampur,North,Padampur,RAJASTHAN,TRUE,335041,,India
5658,RSC,24.804088,92.601012,Approved,CHIPARSANGAN,North East,Hailakandi,ASSAM,TRUE,788801,,India
5834,RSC,25.9334,92.7083,Approved,DONKAMOKAM,North East,DONKAMOKAM,ASSAM,TRUE,782485,,India
5843,RSC,6.378278,92.795278,Approved,Puranigudam,North East,Nagaon,ASSAM,TRUE,782141,,India
4630,RSC,10.5051,79.66,Approved,Kathimedu,South-2,Kathimedu,TAMIL NADU,TRUE,614628,,India
6231,RSC,26.055802,93.186917,Approved,BAKALIA,North East,BAKALIA,ASSAM,TRUE,782482,,India
6305,RSC,24.8482,92.3875,Approved,KALIGANJ,North East,Karimganj,ASSAM,TRUE,788713,,India
4095,RSC,24.1963239,84.8726881,Approved,Chatra,East,Chatra,JHARKHAND,TRUE,825401,,India
4130,RSC,20.927023,86.456296,Approved,Dhamnagar,East,DHAMNAGAR,Odisha,TRUE,367249,,India
6353,RSC,27.198782,95.470622,Approved,DEOMALI,North East,Deomali,ARUNACHAL PRADESH,TRUE,792129,,India
6357,RSC,26.327694,94.086889,Approved,MERAPANI,North East,GOLAGHAT,ASSAM,TRUE,785705,,India
6358,RSC,27.45581,94.98201,Approved,LAHOWAL,North East,Dibrugarh,ASSAM,TRUE,786010,,India
6360,RSC,27.5482,95.751,Approved,PHILLOBARI,North East,Tinsukia,ASSAM,TRUE,786160,,India
6551,RSC,25.8655,93.7714,Approved,4th MILE,North East,DIMAPUR,NAGALAND,TRUE,797116,,India
6702,RSC,27.352,96.0158,Approved,JAIRAMPUR,North East,JAIRAMPUR,ARUNACHAL PRADESH,TRUE,792121,,India
6703,RSC,27.35855556,93.04019444,Approved,SEPPA,North East,SEPPA,ARUNACHAL PRADESH,TRUE,790102,,India
6898,RSC,26.56471,90.42373,Approved,OXIGURI,North East,Chirang,ASSAM,TRUE,783393,,India
5122,RSC,24.1945,87.4802,Approved,Shikaripara,East,Shikaripara,JHARKHAND,TRUE,816118,,India
7337,RSC,84.104281,26.446691,Approved,Bhore,East,Bhorey,BIHAR,TRUE,841426,,India
5216,RSC,25.4439,84.8881,Approved,Bikram,East,Bihta,BIHAR,TRUE,801104,,India
5217,RSC,21.0792,85.3963,Approved,Parjang,East,Parjang,Odisha,TRUE,759120,,India
5753,RSC,25.654739,87.140047,Approved,Bhawanipur Rajdham,East,Bhawanipur Rajdham,BIHAR,TRUE,854204,,India
7034,RSC,19.1441,83.4857,Approved,JK Pur,East,Rayagada,Odisha,TRUE,215504,,India
4944,RSC,24.4454,94.09,Approved,PALLEL,North East,Imphal,MANIPUR,TRUE,795135,,India
7009,RSC,11.0441,79.38479,Approved,Kollumangudi,South-2,MAYILADURAI,TAMIL NADU,TRUE,610103,,India
6541,RSC,24.8774,84.2224,Approved,Barun,East,Barun,BIHAR,TRUE,824112,,India
950,RSC,17.91488,78.395599,Approved,Rayagada,East,Rayagada,Odisha,TRUE,765001,RSC/Rayagada,India
7328,RSC,24.0408,85.4479,Approved,Daru,East,Hazaribagh,JHARKHAND,TRUE,825317,,India
7207,RSC,25.3557,85.0753,Approved,Masaurhi,East,Patna,BIHAR,TRUE,804452,,India
985,RSC,15.588919,76.641358,Approved,Madhepura,East,Madhepura,BIHAR,TRUE,852128,RSC/Madhepura,India
1035,RSC,15.588919,78.395599,Approved,Jeypore,East,Jeypore,Odisha,TRUE,764001,RSC/Jeypore,India
3503,RSC,24.5771,92.3616,Approved,RATABARI,North East,Hailakandi,ASSAM,TRUE,788735,,India
3193,RSC,26.3959,91.2939,Approved,CHAMOTA,North East,Chamota,ASSAM,TRUE,781306,,India
3630,RSC,27.6498,96.1103,Approved,NAMSAI,North East,NAMSAI,ARUNACHAL PRADESH,TRUE,792103,,India
3263,RSC,25.8231,84.9297,Approved,Garkha,East,GARKHA,BIHAR,TRUE,841202,,India
1063,RSC,15.588919,73.863035,Approved,Rosera,East,Samastipur,BIHAR,TRUE,848208,RSC/Samastipur,India
1394,RSC,21.76,68.94,Approved,Hariharganj,East,HARIHARGANJ,JHARKHAND,TRUE,822131,RSC/Hariharganj,India
948,RSC,14.550632,76.931367,Approved,Brajrajnagar,East,Brajrajnagar,Odisha,TRUE,768216,RSC/Brajrajnagar,India
1507,RSC,25.56338,84.87004,Approved,Bihta,East,Bihta,BIHAR,TRUE,800111,RSC/Bihta,India
1509,RSC,21.76,68.94,Approved,Bajuli1,East,Bajuli,BIHAR,TRUE,824101,RSC/Bajuli1,India
1565,RSC,21.76,71.67,Approved,Tirtol1,East,Tirtol,Odisha,TRUE,754137,RSC/Tirtol1,India
1806,RSC,18.77632804,84.09457941,Approved,Gajapati,East,Gajapati,Odisha,TRUE,761200,RSC/Gajapati,India
1892,RSC,24.019167,84.080139,Approved,Daltonganj,East,DALTONGANJ,JHARKHAND,TRUE,822101,RSC/Daltonganj,India
2115,RSC,22.7991462,86.1394451,Approved,Kandra,East,Jamshedpur,JHARKHAND,TRUE,831013,RSC/Kandra,India
2206,RSC,23.7888,85.5561,Approved,Ghatotand,East,Ghatotand,JHARKHAND,TRUE,825314,RSC/Ghatotand,India
2340,RSC,26.24651,85.230989,Approved,Motipur,East,Motipur,BIHAR,TRUE,775268,RSC/Motipur,India
2348,RSC,20.9781,86.1141,Approved,JajpurRoad,East,BHADRAK,Odisha,TRUE,755019,RSC/Jajpur Road,India
2752,RSC,25.7058,84.9505,Approved,Dighwara,East,Dighwara,BIHAR,TRUE,841207,,India
2850,RSC,23.3691,85.2205,Approved,Raturoad,East,Ranchi,JHARKHAND,TRUE,834005,,India
2862,RSC,26.3014,86.0886,Approved,Shambhuar,East,Shambhuar,BIHAR,TRUE,847234,,India
2982,RSC,20.8880542,85.8356351,Approved,Bhuban,East,BHUBAN,Odisha,TRUE,759017,,India
3050,RSC,26.5263,84.8255,Approved,Pipra Kothi,East,PIPRA KOTHI,BIHAR,TRUE,845429,,India
3060,RSC,25.9307,85.324,Approved,Goraul,East,GORAUL,BIHAR,TRUE,844118,,India
3124,RSC,23.3904,85.5406,Approved,Tatisilway,East,TATISILWAY,JHARKHAND,TRUE,835103,,India
3145,RSC,26.275,87.2419,Approved,Forbesganj,East,FORBESGANJ,BIHAR,TRUE,854318,,India
3258,RSC,20.930238,85.564332,Approved,Kamakhyanagar,East,KAMAKHYANAGAR ORRISSA,Odisha,TRUE,759018,,India
3334,RSC,20.8516,86.9223,Approved,Dhamara,East,DHAMARA,Odisha,TRUE,756171,,India
3352,RSC,26.4319,85.91,Approved,Benipatti,East,BENIPATTI,BIHAR,TRUE,847223,,India
3410,RSC,25.1189,85.8384,Approved,Sheikhpura,East,SHEIKHPURA,BIHAR,TRUE,811105,,India
3574,RSC,20.9428,84.059,Approved,Birmaharajpur,East,BIRMAHARAJPUR,Odisha,TRUE,660293,,India
3828,RSC,25.488171,89.855874,Approved,AMPATI,North East,AMPATI,MEGHALAYA,TRUE,794115,,India
4650,RSC,24.4721,85.5921,Approved,Koderma1,East,Koderma,JHARKHAND,TRUE,825410,,India
4911,RSC,19.7499,85.4788,Approved,Brahmagiri,East,Brahmagiri,Odisha,TRUE,752011,,India
4977,RSC,20.8358,86.4137,Approved,Rambag,East,JAJPUR ORISSA,Odisha,TRUE,755014,,India
4979,RSC,19.7344,84.8985,Approved,Polasara,East,Polasara,Odisha,TRUE,302151,,India
5060,RSC,20.7721,84.6479,Approved,Athamallik,East,Athamallik,Odisha,TRUE,861804,,India
5062,RSC,22.0481,85.5921,Approved,Champua,East,Champua,Odisha,TRUE,758041,,India
5063,RSC,21.1657,84.4257,Approved,Rairakhol,East,Sambalpur,Odisha,TRUE,768106,,India
5171,RSC,24.0506,87.4009,Approved,Ranishwar,East,Ranishwar,JHARKHAND,TRUE,814148,,India
2888,RSC,29.36544,76.493201,Approved,Pillukhera,North,Pillukhera,HARYANA,TRUE,126113,,India
5186,RSC,19.1857,84.7942,Approved,Golanthara,East,Golanthara,Odisha,TRUE,761008,,India
7124,RSC,25.286,82.7619,Approved,Mirzamurad,North,Raja Talab,UTTAR PRADESH,TRUE,221307,,India
5215,RSC,25.6349,84.7786,Approved,Babura,East,Babura,BIHAR,TRUE,802163,,India
5226,RSC,22.175,85.4583,Approved,Kharsawan,East,SARAIKELAKHARSWAN,JHARKHAND,TRUE,833216,,India
5227,RSC,23.3891845,85.2350602,Approved,Simalia,East,KAMRE,JHARKHAND,TRUE,835222,,India
5366,RSC,21.0780159,85.0737084,Approved,Kaniha,East,KANIHA,Odisha,TRUE,166240,,India
4226,RSC,25.4740432,83.0052508,Approved,Cholapur,North,Cholapur,UTTAR PRADESH,TRUE,221101,,India
5378,RSC,26.766212,84.739953,Approved,Sugauli,East,SUGAULI,BIHAR,TRUE,636658,,India
2056,RSC,20.2965294,85.8074902,Approved,NIMAPADA,East,Cuttack,Odisha,TRUE,752113,RSC/NIMAPADA,India
6519,RSC,26.81015,77.6782,Approved,Saipau,North,Saipau,RAJASTHAN,TRUE,328027,,India
6759,RSC,26.7378,71.5902,Approved,Sankara,North,Sankara,RAJASTHAN,TRUE,345026,,India
4093,RSC,26.7082,92.9076,Approved,JAMUGURI,North East,JAMUGURI,ASSAM,TRUE,784180,,India
6768,RSC,26.2389,73.0243,Approved,Jodhpur1,North,Jodhpur,RAJASTHAN,TRUE,342001,,India
4139,RSC,24.9182,92.7158,Approved,JARAILTOLA,North East,Jarailtola,ASSAM,TRUE,788127,,India
2211,RSC,26.976578,84.84452,Approved,Raxual,East,Raxual,BIHAR,TRUE,845305,RSC/Raxual,India
6840,RSC,26.4506,74.0895,Approved,Jasnagar,North,Jasnagar,RAJASTHAN,TRUE,341518,,India
2382,RSC,24.5934,84.5851,Approved,Sherghati,East,Sherghati,BIHAR,TRUE,824217,RSC/Sherghati,India
7077,RSC,31.3456,74.692,Approved,Bikiwind,North,Chabhal,PUNJAB,TRUE,143303,,India
2468,RSC,24.474,87.1622,Approved,Hansdiha,East,Hansdiha,JHARKHAND,TRUE,814145,,India
5595,RSC,20.760184,85.796669,Approved,Gondia OR,East,Barada,Odisha,TRUE,677360,,India
5596,RSC,18.703034,82.844996,Approved,Semiliguda,East,Semiliguda,Odisha,TRUE,756433,,India
4485,RSC,25.6733,94.1079,Approved,KOHIMA TCP,North East,Kohima,NAGALAND,TRUE,797001,,India
5604,RSC,24.04546,86.42321,Approved,Vidyasagar,East,Karon,JHARKHAND,TRUE,815352,,India
572,RSC,25.97,91.52,Approved,Bijoy Nagar,North East,Bijoy Nagar,ASSAM,TRUE,781122,RSC/Bijoy Nagar,India
5706,RSC,25.14546,86.13308,Approved,Surajgarha,East,Surajgarah,BIHAR,TRUE,774680,,India
5708,RSC,19.949517,84.571412,Approved,Gangapur OR,East,Gangapur OR,Odisha,TRUE,326464,,India
5756,RSC,25.492,87.7665,Approved,Mahadeopur,East,Mahadeopur,BIHAR,TRUE,338044,,India
5875,RSC,24.385417,83.571601,Approved,Bhawnathpur,East,Bhawnathpur,JHARKHAND,TRUE,323725,,India
5877,RSC,24.9379,84.9609,Approved,Bela,East,Bela,BIHAR,TRUE,804404,,India
7231,RSC,24.4483,84.5012,Approved,Imamganj,East,Imamganj,BIHAR,TRUE,824206,,India
6031,RSC,23.406896,85.487484,Approved,Angara,East,TATISILWAY,JHARKHAND,TRUE,582220,,India
6099,RSC,20.6254,85.5121,Approved,Andhara,East,Andhara,Odisha,TRUE,484363,,India
6194,RSC,20.3567,83.457,Approved,Karlamunda,East,Karlamunda,Odisha,TRUE,765325,,India
6241,RSC,18.81139,82.72038,Approved,Koraput1,East,Koraput,Odisha,TRUE,342611,,India
6269,RSC,21.2313,86.7615,Approved,Anantapur,East,SORO,Odisha,TRUE,367410,,India
6270,RSC,18.8576,83.8809,Approved,Kashinagar,East,Kashinagar,Odisha,TRUE,363605,,India
6271,RSC,22.2498,84.9936,Approved,Bisra,East,Bisra,Odisha,TRUE,633415,,India
6273,RSC,25.1859,83.9956,Approved,Dinara,East,Dinara,BIHAR,TRUE,821112,,India
5820,RSC,9.144634303,76.518835,Approved,Krishnapuram,South-2,Allapey,KERALA,TRUE,690531,,India
6277,RSC,25.1841,85.2515,Approved,Ekangar Sarai,East,Hilsa,BIHAR,TRUE,801301,,India
6278,RSC,26.98969,84.410489,Approved,Lauriya,East,Lauriya,BIHAR,TRUE,216461,,India
6279,RSC,19.1952,84.48005,Approved,Lochapada,East,Berhampur,Odisha,TRUE,303732,,India
6280,RSC,21.8061,84.2042,Approved,Badbahal,East,BADAGADA,Odisha,TRUE,770019,,India
6284,RSC,24.541,83.9968,Approved,Japla,East,Japla,JHARKHAND,TRUE,354410,,India
6407,RSC,21.8559,83.6987,Approved,Kanika,East,Kanika,Odisha,TRUE,364806,,India
6408,RSC,21.2417,85.2515,Approved,Sulia,East,Khamar,Odisha,TRUE,260212,,India
6409,RSC,18.567377,82.971095,Approved,Pottangi,East,Pottangi,Odisha,TRUE,464689,,India
6410,RSC,26.3994,84.5746,Approved,Barauli,East,Barauli,BIHAR,TRUE,841423,,India
6411,RSC,25.8713,86.1141,Approved,Banda1,East,Samastipur,BIHAR,TRUE,874017,,India
6412,RSC,26.5318,86.1141,Approved,Jaynagar1,East,MADHUBANI,BIHAR,TRUE,709970,,India
6414,RSC,25.3836,83.9215,Approved,Rajpur1,East,Buxar,BIHAR,TRUE,931257,,India
6415,RSC,28.5757,76.8789,Approved,Saran,East,SARAN,BIHAR,TRUE,850138,,India
6542,RSC,25.9834,84.4104,Approved,Chainpur,East,Chainpur,BIHAR,TRUE,841203,,India
6543,RSC,26.1755,84.6516,Approved,Basant Pur,East,Basant Pur,BIHAR,TRUE,841406,,India
6546,RSC,24.1929,85.3756,Approved,Padma,East,Padma,JHARKHAND,TRUE,244475,,India
6548,RSC,20.8875,86.9137,Approved,Karanjamal,East,DHAMARA,Odisha,TRUE,793095,,India
6577,RSC,21.538,84.8151,Approved,Deogarh OR,East,Deogarh OR,Odisha,TRUE,520004,,India
6600,RSC,25.2239,86.7215,Approved,Sultanganj1,East,Sultanganj,BIHAR,TRUE,272725,,India
6641,RSC,24.51641,86.82317,Approved,Mohanpur JH,East,Mohanpur JH,JHARKHAND,TRUE,783930,,India
6643,RSC,19.5019,83.2736,Approved,Kumudabali,East,Ambodala,Odisha,TRUE,373652,,India
6776,RSC,26.0568,87.589,Approved,Purnia1,East,Purnia,BIHAR,TRUE,278308,,India
6913,RSC,10.902941,76.959831,Approved,Madukkarai,South-2,Malumichampatti,TAMIL NADU,TRUE,641105,,India
6806,RSC,23.535933,84.8106522,Approved,Kuru,East,Kuru,JHARKHAND,TRUE,835213,,India
6830,RSC,24.1185,86.1141,Approved,Beniadih,East,GIRIDIH,JHARKHAND,TRUE,815311,,India
6858,RSC,25.9752,85.2412,Approved,Belsar,East,VAISHALI BH,BIHAR,TRUE,844111,,India
6880,RSC,25.043721,83.600183,Approved,Bhabua1,East,Bhabua,BIHAR,TRUE,821101,,India
7210,RSC,8.794442,77.720766,Approved,Thalaiyuthu,South-2,TIRUNELVELI,TAMIL NADU,TRUE,627357,,India
6984,RSC,22.7715,84.7316,Approved,Kolebira,East,Kolebira,JHARKHAND,TRUE,835211,,India
7001,RSC,26.285,86.8672,Approved,Simrahi Bazar,East,SUPAUL,BIHAR,TRUE,852111,,India
7310,RSC,22.0333564,87.8660724,Approved,Hanschara,East,Purba Medinipur,WEST BENGAL,TRUE,721659,,India
7311,RSC,24.2625,83.9744,Approved,Padwa,East,PALAMU JH,JHARKHAND,TRUE,822124,,India
2588,RSC,26.0418,87.4009,Approved,Araria,East,Araria,BIHAR,TRUE,854312,,India
5169,RSC,20.7408,83.1006,Approved,Patnagarh,East,PATNAGARH,Odisha,TRUE,236331,,India
1799,Hub,21.76,68.94,Approved,VZG/APT,South-1,Vizianagaram,ANDHRA PRADESH,TRUE,530000,VZG/APT,India
1873,Transportation-H,22.58552,88.28483,Approved,MAA/GDY-TSP,South-2,Chennai,TAMIL NADU,TRUE,600032,MAA/GDY-TSP,India
7049,RSC,10.7825843,78.66329851,Approved,KARUMANDAPAM,South-2,Trichy,TAMIL NADU,TRUE,620001,,India
1709,WH,12.971599,77.594566,Approved,WH/Devanahalli,South-2,BANGALORE,KARNATAKA,TRUE,562110,WH/Devanahalli,India
1791,Hub,21.76,71.67,Approved,PAT/APT,East,Patna,BIHAR,TRUE,800026,SHA,India
7056,RSC,10.152358,76.738993,Approved,Muvattupuzha,South-2,Ernakulam,KERALA,TRUE,686673,,India
1692,WH,1,1,Approved,WH/GACHIBOWLI,South-1,Hyderabad,TELANGANA,TRUE,500032,WH/GACHIBOWLI,India
1518,Hub,29.9675856,74.7030181,Approved,PCK/MND,North,MANDI DABWALI,HARYANA,TRUE,125104,PCK/MND,India
3289,RSC,25.3107,94.48,Approved,UKHRUL,North East,Ukhrul,MANIPUR,TRUE,795142,,India
432,Hub,12.97,77.59,Approved,BLR/APT,South-2,BANGALORE,KARNATAKA,TRUE,561000,HOE,India
316,Hub,30.7066672,76.8074854,Approved,CAR/RTO,North,AMBALA,HARYANA,TRUE,133102,RAA,India
2336,Transportation-H,16.94868301,81.79480664,Approved,RJM/HUB-TSP,South-1,Rajahmundry,ANDHRA PRADESH,TRUE,533103,VEI,India
2622,Transportation-M,30.249445,76.871203,Approved,AMB/HUB-TSP,North,AMBALA,HARYANA,TRUE,133102,RAA,India
1733,RSC,21.76,71.67,Approved,Doomdooma,North East,Doomdooma,ASSAM,TRUE,786153,RSC/Doomdooma,India
3169,RSC,26.274075,90.443161,Approved,CHAPAR,North East,Chapar,ASSAM,TRUE,783371,,India
3777,RSC,24.4334,92.4406,Approved,DULLABCHERRA,North East,DULEBCHERRA,ASSAM,TRUE,788736,,India
4930,RSC,27.8323,95.2214,Approved,JONAI TOWN,North East,Dhemaji,ASSAM,TRUE,787060,,India
2164,Transportation-H,29.843324,77.88619,Approved,RRK/HUB-TSP,North,Roorkee,UTTARAKHAND,TRUE,247667,RRK/HUB-TSP,India
4932,RSC,26.8542,92.6686,Approved,BHALUKPONG,North East,Balipara,ASSAM,TRUE,784103,,India
5865,SC,12.9401397,77.5840274,Approved,RVP/BLRJBB-TML,South-2,BANGALORE,KARNATAKA,TRUE,560011,RVP/BLRJBB-TML,India
6235,RSC,24.578698,92.464913,Approved,RAMKRISHNA NAGAR,North East,SHIVBARI,ASSAM,TRUE,788166,,India
2337,Transportation-H,17.703525,83.180659,Approved,VPT/HUB-TSP,South-1,Visakhapatnam,ANDHRA PRADESH,TRUE,530049,AUR,India
6238,RSC,24.555342,92.455075,Approved,ANIPUR,North East,SHIVBARI,ASSAM,TRUE,788734,,India
2130,Transportation-H,31.69853974,74.91742865,Approved,ATQ/HUB-TSP,North,AMRITSAR,PUNJAB,TRUE,143001,ATQ/HUB-TSP,India
6664,RSC,24.968812,92.567245,Approved,KALAIN,North East,BIHARA,ASSAM,TRUE,788815,,India
5228,RSC,25.8045,90.3372,Approved,TIKRIKILLA,North East,Tura,MEGHALAYA,TRUE,794109,,India
4176,Transportation-H,26.7349464,83.3301469,Approved,GKP/HUB-TSP,North,Gorakhpur,UTTAR PRADESH,TRUE,273209,KAR,India
6439,RSC,27.4284,94.9039,Approved,KONWAR HANDIQUE GAON,North East,Dibrugarh,ASSAM,TRUE,796007,,India
6902,RSC,28.2695,95.8143,Approved,ROING,North East,Roing,ARUNACHAL PRADESH,TRUE,792110,,India
3837,Hub,30.7066672,76.8074854,Approved,AMB/LH1,North,AMBALA,HARYANA,TRUE,133102,RAA,India
2038,RSC,21,67,Approved,Goalpara1,North East,Goalpara,ASSAM,TRUE,783101,RSC/Goalpara1,India
5232,Transportation-H,28.719469,77.447113,Approved,DEL/GZB-TSP,North,Ghaziabad,UTTAR PRADESH,TRUE,201001,DEL/GZB-TSP,India
2049,RSC,21,67,Approved,Lakhipur,North East,Lakhipur,ASSAM,TRUE,783129,RSC/Lakhipur,India
4708,RSC,27.5135,95.8829,Approved,BORDUMSA,North East,Bordumsa,ARUNACHAL PRADESH,TRUE,792056,,India
2684,Transportation-H,29.352331,77.004186,Approved,PNP/HUB-TSP,North,Panipat,HARYANA,TRUE,132103,CHR1,India
5064,RSC,20.9441,83.443,Approved,Agalpur,East,Agalpur,Odisha,TRUE,630236,,India
2122,RSC,25.6751,94.1086,Approved,Kohima,North East,Kohima,NAGALAND,TRUE,797001,RSC/Kohima,India
2237,Transportation-H,28.975967,79.379487,Approved,RDP/HUB-TSP,North,Rudrapur,UTTARAKHAND,TRUE,263152,RDP/HUB-TSP,India
2105,Transportation-M,25.55301,85.18245,Approved,PAT/HUB-TSP,East,Patna,BIHAR,TRUE,800007,BAA,India
5393,Transportation-H,25.462336,81.82575,Approved,ALD/HUB-TSP,North,Allahabad,UTTAR PRADESH,TRUE,211001,SAR,India
5597,RSC,19.7116724,82.7941662,Approved,Moter,East,Moter,Odisha,TRUE,294636,,India
3480,Transportation-H,28.312038,76.819207,Approved,DEL/BLS-TSP,North,Gurugram,HARYANA,TRUE,122413,DEL/BLS-TSP,India
6268,RSC,19.2965,83.122,Approved,Tikiri,East,Tikiri,Odisha,TRUE,870325,,India
2550,Transportation-M,23.36923,85.33953,Approved,RAN/HUB-TSP,East,Ranchi,JHARKHAND,TRUE,834010,PIM,India
6544,RSC,25.956,84.5275,Approved,Ekma1,East,EKMA,BIHAR,TRUE,841208,,India
6404,RSC,24.3235,86.7617,Approved,Sarwan,East,Sarwan,JHARKHAND,TRUE,814150,,India
2179,RSC,23.7483,92.7257,Approved,BAWNGKAWN,North East,AIZAWL,MIZORAM,TRUE,796009,RSC/BAWNGKAWN,India
2184,RSC,26.6531,90.7913,Approved,Chirang,North East,Chirang,ASSAM,TRUE,783390,RSC/Chirang,India
2244,Transportation-H,30.7064737,76.8076783,Approved,CAR/HUB-TSP,North,Chandigarh,CHANDIGARH,TRUE,160001,RAA,India
2228,RSC,26.4783,90.1776,Approved,DOTMA,North East,Gossaigaon,ASSAM,TRUE,783347,RSC/DOTMA,India
1760,Transportation-M,20.23166,85.86158,Approved,BBN/HUB-TSP,East,Bhubaneswar,Odisha,TRUE,751010,KAA1,India
3407,Transportation-H,13.082848,80.075265,Approved,MAA/SPR-TSP,South-2,Chennai,TAMIL NADU,TRUE,600072,MAA/SPR-TSP,India
1853,Transportation-M,16.5130454,80.7388972,Approved,VIJ/HUB-TSP,South-1,Vijayawada,ANDHRA PRADESH,TRUE,521104,NIU,India
6232,RSC,25.5815,92.35435,Approved,BAITHALANGSO,North East,BAITHALANGSO,ASSAM,TRUE,782450,,India
7013,RSC,23.4711568,85.4667666,Approved,Ormanjhi,East,Ormanjhi,JHARKHAND,TRUE,835219,,India
2125,Transportation-H,22.543723,88.417352,Approved,CCU/TAN-TSP,East,Kolkata,WEST BENGAL,TRUE,700100,DHA,India
5396,Transportation-H,24.8351749,92.7741196,Approved,IXS/HUB-TSP,North East,Silchar,ASSAM,TRUE,788003,RAR,India
2246,RSC,24.3784,83.9109,Approved,Mohammadganj,East,Mohammadganj,JHARKHAND,TRUE,477313,RSC/Mohammadganj,India
6144,Transportation-H,28.834151,78.749343,Approved,MBD/HUB-TSP,North,Moradabad,UTTAR PRADESH,TRUE,244001,MBD/HUB-TSP,India
3835,RSC,20.6113,86.8019,Approved,Rajnagar,East,RAJNAGAR OR,Odisha,TRUE,754246,,India
3916,RSC,24.824,86.8622,Approved,Banka,East,Banka,BIHAR,TRUE,813102,,India
1857,Transportation-M,10.063824,76.290201,Approved,COK/HUB-TSP,South-2,Cochin,KERALA,TRUE,682503,TSPCOK/HUB,India
4273,Transportation-H,12.9106687,79.3227757,Approved,RNP/HUB-TSP,South-2,Ranipet,TAMIL NADU,TRUE,632517,RNP/HUB-TSP,India
4857,Transportation-H,26.857928,80.963172,Approved,LOK/HZG-TSP,North,Lucknow,UTTAR PRADESH,TRUE,226001,LOK/HZG-TSP,India
6100,RSC,19.858362,82.786898,Approved,Dharmagarh,East,Dharamgarh,Odisha,TRUE,493035,,India
1856,Transportation-H,11.63618539,78.12235568,Approved,SAL/HUB-TSP,South-2,Salem,TAMIL NADU,TRUE,636005,KOI,India
6742,RSC,23.4808,84.9922,Approved,Mandar,East,Mandar,JHARKHAND,TRUE,835214,,India
7278,RSC,22.4049521,84.7315244,Approved,Biramitrapur,East,SUNDERGARH,Odisha,TRUE,770033,,India
1851,Transportation-H,13.0549184,80.1519129,Approved,MAA/MYL-TSP,South-2,Chennai,TAMIL NADU,TRUE,600072,TSPMAA/MYL,India
3272,RSC,20.4309,85.1687,Approved,Kanpur OR,East,KANPUR ORISSA,Odisha,TRUE,754037,,India
5475,RSC,24.0217852,85.6160739,Approved,Tatijhariya,East,Tati Jhariya,JHARKHAND,TRUE,387720,,India
4717,RSC,25.3311,84.3857,Approved,Piro,East,Piro,BIHAR,TRUE,802223,,India
5219,RSC,19.3919,82.5402,Approved,Papadahandi,East,PAPADAHANDI,Odisha,TRUE,702170,,India
2106,Transportation-M,26.66411,88.47287,Approved,SLG/HUB-TSP,East,SILIGURI,WEST BENGAL,TRUE,735135,SAI,India
2701,RSC,24.82049,92.775654,Approved,AMBICAPUR,North East,Silchar,ASSAM,TRUE,788012,,India
5395,Transportation-H,26.7619128,94.2064071,Approved,JOR/HUB-TSP,North East,Jorhat,ASSAM,TRUE,785001,MAI,India
2741,RSC,25.9184,93.7245,Approved,DIMAPUR WEST,North East,DIMAPUR,NAGALAND,TRUE,797112,,India
2683,Transportation-H,31.331301,75.61461,Approved,JRD/HUB-TSP,North,Jalandhar,PUNJAB,TRUE,144009,JRD/HUB-TSP,India
2838,RSC,24.6767,92.7879,Approved,KABUGANJ,North East,KABUGANJ,ASSAM,TRUE,788121,,India
5698,RSC,26.78775,92.91225,Approved,TUPIA,North East,JAMUGURI,ASSAM,TRUE,784180,,India
7080,RSC,25.5647293,83.9777292,Approved,Buxar1,East,Buxar,BIHAR,TRUE,802103,,India
5874,RSC,21.793782,85.800403,Approved,Turumunga,East,Turumunga,Odisha,TRUE,651339,,India
4948,Transportation-H,10.910492,75.915901,Approved,TIR/HUB-TSP,South-2,Tirur,KERALA,TRUE,676101,TIR/HUB-TSP,India
6276,RSC,20.992603,74.314072,Approved,Kudra,East,Kudra,BIHAR,TRUE,821108,,India
5755,RSC,25.969032,85.56372,Approved,Dholi,East,Dholi,BIHAR,TRUE,960270,,India
2800,RSC,11.2758,11.2758,Approved,Perambalur1,South-2,Perambalur,TAMIL NADU,TRUE,631220,,India
2908,RSC,25.001,92.5594,Approved,DIGORKHAL,North East,DIGORKHAL,ASSAM,TRUE,788815,,India
6192,RSC,23.2952,85.0238,Approved,Bero,East,Bero,JHARKHAND,TRUE,835202,,India
3943,Transportation-H,13.138831,77.83347,Approved,BLR/HSK-TSP,South-2,BANGALORE,KARNATAKA,TRUE,561000,HOE,India
6549,WH,27.02091881,27.01153806,Approved,Digoi FC-Lucknow,North,Lucknow,UTTAR PRADESH,TRUE,226201,DGFC,India
4306,Transportation-H,13.138831,77.83347,Approved,BLR/APT-TSP,South-2,BANGALORE,KARNATAKA,TRUE,561000,BLR/APT-TSP,India
2674,Transportation-M,15.313688,75.146602,Approved,HBL/HUB-TSP,South-2,Hubli,KARNATAKA,TRUE,580028,GAR,India
1754,Transportation-H,22.83785,86.22202,Approved,JMD/HUB-TSP,East,Jamshedpur,JHARKHAND,TRUE,831012,MAO,India
5114,Transportation-H,10.76473014,76.69704289,Approved,PGT/HUB-TSP,South-2,PALAKKAD,KERALA,TRUE,678007,PGT/HUB-TSP,India
1850,Transportation-M,26.102541,91.684552,Approved,GAU/HUB-TSP,North East,Guwahati,ASSAM,TRUE,347287,AZA1,India
7208,Hub,13.066672,77.361912,Approved,Reliance DC-Neelamangla,South-2,BANGALORE,KARNATAKA,TRUE,562123,RDCD,India
7193,SC,22.76422237,88.30552531,Approved,CCU/DDM-CBC,East,Kolkata,WEST BENGAL,TRUE,712223,CCU/DDM-CBC,India
7192,SC,13.14131,77.83355,Approved,BLR/HSK-CBC,South-2,BANGALORE,KARNATAKA,TRUE,562114,BLR/HSK-CBC,India
7074,Hub,22.460958,88.39439,Approved,ccu/fm3,East,Kolkata,WEST BENGAL,TRUE,700084,ccu/fm3,India
7063,Hub,26.221782,73.004826,Approved,JODHPUR/LH1,North,Jodhpur,RAJASTHAN,TRUE,342005,JODHPUR/LH1,India
7050,WH,28.385588,76.698685,Approved,Luhari FC (HK),North,Luhari,HARYANA,TRUE,124108,LUHR,India
7260,Hub,26.849909,75.637037,Approved,JAI/HUB/3PL,North,Jaipur,RAJASTHAN,TRUE,302026,JAI/HUB/3PL,India
7259,Hub,13.083011,80.076116,Approved,MAA/HUB/3PL,South-2,Chennai,TAMIL NADU,TRUE,600072,MAA/HUB/3PL,India
7258,Hub,17.584287,78.504261,Approved,HYD/HUB/3PL,South-1,Medchal,TELANGANA,TRUE,500078,HYD/HUB/3PL,India
7238,Hub,28.691685,77.588837,Approved,Meesho Dasna Hub,North,Hapur,UTTAR PRADESH,TRUE,245101,DAA,India
7221,Hub,17.507361,78.461889,Approved,HYD/LHS/Trackon,South-1,Hyderabad,TELANGANA,TRUE,500055,HYD/LHS/Trackon,India
7184,Hub,26.264952,88.1936027,Approved,Islampur/LHS/Trackon,East,Islampur,WEST BENGAL,TRUE,733202,Islampur/LHS/Trackon,India
7183,Hub,26.860538,89.380779,Approved,Jaigaon/LHS/Trackon,East,Jaigaon,WEST BENGAL,TRUE,736182,Jaigaon/LHS/Trackon,India
7182,Hub,26.5241416,88.6379772,Approved,Jalpaiguri/LHS/Trackon,East,Jalpaiguri,WEST BENGAL,TRUE,735101,Jalpaiguri/LHS/Trackon,India
7181,Hub,26.47996,89.5196,Approved,Alipurduar Court/LHS/Trackon,East,Alipurduar,WEST BENGAL,TRUE,736122,Alipurduar Court/LHS/Trackon,India
7180,Hub,26.32414,89.44988,Approved,Coochbehar/LHS/Trackon,East,Cooch Behar,WEST BENGAL,TRUE,736101,Coochbehar/LHS/Trackon,India
7179,Hub,25.58499,85.1805,Approved,Patna HUB/LHS/TRACKON,East,Patna,BIHAR,TRUE,800007,Patna HUB/LHS/TRACKON,India
7178,Hub,25.87677,86.601288,Approved,saharsa/LHS/TRACKON,East,Saharsa,BIHAR,TRUE,852201,saharsa/LHS/TRACKON,India
7177,Hub,27.218066,84.525928,Approved,Narkatiaganj/LHS/TRACKON,East,Narkatiaganj,BIHAR,TRUE,845455,Narkatiaganj/LHS/TRACKON,India
7176,Hub,26.512277,86.951586,Approved,Supaul/LHS/TRACKON,East,SUPAUL,BIHAR,TRUE,852131,Supaul/LHS/TRACKON,India
7175,Hub,25.421233,86.135805,Approved,Begusarai/LHS/TRACKON,East,Begusarai,BIHAR,TRUE,851101,Begusarai/LHS/TRACKON,India
7174,Hub,25.503483,86.466524,Approved,Khagaria/LHS/TRACKON,East,KHAGARIA,BIHAR,TRUE,851204,Khagaria/LHS/TRACKON,India
7173,Hub,25.388713,87.092844,Approved,Naughachia /LHS/TRACKON,East,Naugachia,BIHAR,TRUE,853204,Naughachia /LHS/TRACKON,India
7166,Hub,26.223951,84.362523,Approved,SIWAN /LHS/Trackon,East,Siwan,BIHAR,TRUE,841226,SIWAN /LHS/Trackon,India
7162,Hub,25.244361,86.979079,Approved,BHAGALPUR/LHS/Trackon,East,Bhagalpur,BIHAR,TRUE,812001,BHAGALPUR/LHS/Trackon,India
7161,Hub,26.34021,86.068988,Approved,MADHUBANI/LHS/Trackon,East,MADHUBANI,BIHAR,TRUE,847211,MADHUBANI/LHS/Trackon,India
7160,Hub,25.86295,85.787679,Approved,SAMASTIPUR/LHS/Trackon,East,Samastipur,BIHAR,TRUE,848101,SAMASTIPUR/LHS/Trackon,India
7159,Hub,26.154131,85.898994,Approved,DARBHANGA/LHS/Trackon,East,Darbhanga,BIHAR,TRUE,846004,DARBHANGA/LHS/Trackon,India
7158,Hub,26.464492,84.43948,Approved,GOPALGANJ/LHS/Trackon,East,Gopalganj,BIHAR,TRUE,841428,GOPALGANJ/LHS/Trackon,India
7157,Hub,25.1828354,86.0977963,Approved,LAKHISARAI/LHS/Trackon,East,Lakhisarai,BIHAR,TRUE,811311,LAKHISARAI/LHS/Trackon,India
7156,Hub,25.248012,84.666079,Approved,ARWAL/LHS/Trackon,East,Arwal,BIHAR,TRUE,804401,ARWAL/LHS/Trackon,India
7155,Hub,25.0397,83.6123,Approved,BHABHUA/LHS/Trackon,East,Bhabua,BIHAR,TRUE,821101,BHABHUA/LHS/Trackon,India
7154,Hub,25.21283,84.98559,Approved,JEHANABAD/LHS/Trackon,East,JEHANABAD,BIHAR,TRUE,804408,JEHANABAD/LHS/Trackon,India
7153,Hub,25.462511,85.69081,Approved,BARH/LHS/Trackon,East,Barh BH,BIHAR,TRUE,803213,BARH/LHS/Trackon,India
7152,Hub,24.890221,85.542743,Approved,NAWADA/LHS/Trackon,East,NAWADA,BIHAR,TRUE,805110,NAWADA/LHS/Trackon,India
7151,Hub,25.5736324,84.8688159,Approved,BIHTA/LHS/Trackon,East,Bihta,BIHAR,TRUE,801103,BIHTA/LHS/Trackon,India
7150,Hub,25.57789,83.98886,Approved,BUXAR/LHS/Trackon,East,Buxar,BIHAR,TRUE,802101,BUXAR/LHS/Trackon,India
7149,Hub,25.5578737,84.6621534,Approved,ARRAH/LHS/Trackon,East,Arrah,BIHAR,TRUE,802201,ARRAH/LHS/Trackon,India
7148,Hub,24.750559,84.380304,Approved,AURANGABAD/LHS/Trackon,East,Aurangabad BH,BIHAR,TRUE,824101,AURANGABAD/LHS/Trackon,India
7147,Hub,24.90077,84.18533,Approved,DEHRI/LHS/Trackon,East,Dehri,BIHAR,TRUE,821307,DEHRI/LHS/Trackon,India
7146,Hub,24.95028,84.018601,Approved,SASARAM/LHS/Trackon,East,Sasaram,BIHAR,TRUE,821115,SASARAM/LHS/Trackon,India
7145,Hub,25.78023,84.755619,Approved,CHHAPRA/LHS/Trackon,East,Chhapra,BIHAR,TRUE,841301,CHHAPRA/LHS/Trackon,India
7144,Hub,26.80072,84.50819,Approved,BETIAH/LHS/Trackon,East,Bettiah,BIHAR,TRUE,845438,BETIAH/LHS/Trackon,India
7143,Hub,26.65046,84.918,Approved,MOTIHARI/LHS/Trackon,East,Motihari,BIHAR,TRUE,845401,MOTIHARI/LHS/Trackon,India
7142,Hub,26.59548,85.49235,Approved,SITAMARHI/LHS/Trackon,East,SITAMARHI,BIHAR,TRUE,843302,SITAMARHI/LHS/Trackon,India
7141,Hub,25.5447163,87.5811237,Approved,KATIHAR/LHS/Trackon,East,Katihar,BIHAR,TRUE,854105,KATIHAR/LHS/Trackon,India
7140,Hub,25.76633,87.47082,Approved,PURNIA /LHS/Trackon,East,Purnia,BIHAR,TRUE,854301,PURNIA /LHS/Trackon,India
7139,Hub,24.798983,85.01016,Approved,GAYA/LHS/Trackon,East,Gaya,BIHAR,TRUE,823001,GAYA/LHS/Trackon,India
7100,Hub,26.9306,75.7928,Approved,JAI/LHS/Trackon,North,Jaipur,RAJASTHAN,TRUE,302016,JAI/LHS/Trackon,India
7098,Hub,30.307918,78.047452,Approved,DDN/LHS/Trackon,North,Dehradun,UTTARAKHAND,TRUE,248001,DDN/LHS/Trackon,India
7097,Hub,29.22418,79.525129,Approved,HALDWANI/LHS/Trackon,North,Haldwani,UTTARAKHAND,TRUE,263139,HALDWANI/LHS/Trackon,India
7096,Hub,28.98676,79.401535,Approved,RDP/LHS/Trackon,North,Rudrapur,UTTARAKHAND,TRUE,263153,RDP/LHS/Trackon,India
7095,Hub,28.840752,78.75329,Approved,MBD/LHS/Trackon,North,Moradabad,UTTAR PRADESH,TRUE,244001,MBD/LHS/Trackon,India
7093,Hub,28.3441,79.42149,Approved,BAREILLY/LHS/Trackon,North,Bareilly,UTTAR PRADESH,TRUE,243001,BAREILLY/LHS/Trackon,India
7092,Hub,25.3127,82.9895,Approved,VNS/LHS/Trackon,North,VARANASI,UTTAR PRADESH,TRUE,221108,VNS/LHS/Trackon,India
7091,Hub,25.46152,81.84396,Approved,ALD/LHS/Trackon,North,Allahabad,UTTAR PRADESH,TRUE,211001,ALD/LHS/Trackon,India
7090,Hub,27.209463,77.968601,Approved,AGR/LHS/Trackon,North,Agra,UTTAR PRADESH,TRUE,282007,AGR/LHS/Trackon,India
7089,Hub,26.8597,80.9597,Approved,LKO/LHS/Trackon,North,Lucknow,UTTAR PRADESH,TRUE,226001,LKO/LHS/Trackon,India
7088,Hub,26.45199,80.34541,Approved,KNP/LHS/Trackon,North,Kanpur,UTTAR PRADESH,TRUE,208004,KNP/LHS/Trackon,India
7087,Hub,30.7116488,76.8088512,Approved,CAR/LHS/Trackon,North,Chandigarh,CHANDIGARH,TRUE,160002,CAR/LHS/Trackon,India
7086,Hub,30.34138,76.836561,Approved,AMB/LHS/Trackon,North,AMBALA,HARYANA,TRUE,134007,AMB/LHS/Trackon,India
7068,Hub,22.5857445,88.2183665,Approved,HWH/FM1,East,Kolkata,WEST BENGAL,TRUE,711302,ANL,India
7027,Hub,11.034425,76.96026,Approved,RTO/CJB,South-2,Coimbatore,TAMIL NADU,TRUE,641027,RTO/CJB,India
2243,Hub TSP,27.201769,78.058217,Approved,AGR/HUB-TSP,North,Agra,UTTAR PRADESH,TRUE,282006,ETR1,India
6295,RSC,27.5583,73.0523,Approved,Dharnok,North,Dharnok,RAJASTHAN,TRUE,334804,,India
3761,SC,26.75,94.2,Approved,EH-JOR-JORHAT,North East,Jorhat,ASSAM,TRUE,785001,JOHT,India
3869,SC,26.91,75.78,Approved,JAI/SNG-EHV,North,Jaipur,RAJASTHAN,TRUE,302033,JAI/SNG-EHV,India
3762,SC,27.47,94.91,Approved,EH-DBR-DIBRUGARH,North East,Dibrugarh,ASSAM,TRUE,786001,DIBR,India
3760,SC,26.44,92.03,Approved,EH-MLD-MONGOLDOI,North East,MONGOLDOI,ASSAM,TRUE,784125,MOGN,India
3757,SC,24.83,92.77,Approved,EH-IXS-SILCHAR,North East,Silchar,ASSAM,TRUE,788003,XSSX,India
3854,SC,12.97,77.59,Approved,BLR/BMS-EHV,South-2,BANGALORE,KARNATAKA,TRUE,562107,BLR/BMS-EHV,India
3838,SC,12.97,77.59,Approved,BLR/KRP-EHV,South-2,BANGALORE,KARNATAKA,TRUE,560048,BLR/KRP-EHV,India
3841,SC,12.97,77.59,Approved,BLR/RNR-EHV,South-2,BANGALORE,KARNATAKA,TRUE,560016,BLR/RNR-EHV,India
3755,SC,27.48,95.35,Approved,EH-TSK-TINSUKIA,North East,Tinsukia,ASSAM,TRUE,786125,TKKS,India
3858,SC,12.97,77.59,Approved,BLR/BMN-EHV,South-2,BANGALORE,KARNATAKA,TRUE,560076,BLR/BMN-EHV,India
3842,SC,12.97,77.59,Approved,BLR/YEL-EHV,South-2,BANGALORE,KARNATAKA,TRUE,560064,BLR/YEL-EHV,India
3867,SC,26.91,75.78,Approved,JAI/VKI-EHV,North,Jaipur,RAJASTHAN,TRUE,302012,JAI/VKI-EHV,India
3862,SC,26.84,80.94,Approved,LKO/IDR-EHV,North,Lucknow,UTTAR PRADESH,TRUE,226016,LKO/IDR-EHV,India
3855,SC,12.97,77.59,Approved,BLR/ECY-EHV,South-2,BANGALORE,KARNATAKA,TRUE,560100,BLR/ECY-EHV,India
3852,SC,12.97,7.59,Approved,BLR/PNT-EHV,South-2,BANGALORE,KARNATAKA,TRUE,560103,BLR/PNT-EHV,India
3856,SC,12.59,77.59,Approved,BLR/EST-EHV,South-2,BANGALORE,KARNATAKA,TRUE,560039,BLR/EST-EHV,India
3850,SC,12.59,77.59,Approved,BLR/TYN-EHV,South-2,BANGALORE,KARNATAKA,TRUE,560004,BLR/TYN-EHV,India
3839,SC,12.97,77.59,Approved,BLR/RTG-EHV,South-2,BANGALORE,KARNATAKA,TRUE,560032,BLR/RTG-EHV,India
3759,SC,26.65,92.79,Approved,EH-TEZ-TEZPUR,North East,Tezpur,ASSAM,TRUE,784001,ETZR,India
3864,SC,30.77,76.77,Approved,Chandigarh-EHV,North,Chandigarh,CHANDIGARH,TRUE,160002,CRVH,India
3857,SC,12.97,77.59,Approved,BLR/HUL-EHV,South-2,BANGALORE,KARNATAKA,TRUE,560076,BLR/HUL-EHV,India
3865,SC,30.73,70.77,Approved,CAR/NGN-EHV,North,Chandigarh,PUNJAB,TRUE,160103,CAR/NGN-EHV,India
3758,SC,23.83,91.28,Approved,EH-IXA-AGARTALA,North East,AGARTALA,TRIPURA,TRUE,799004,AIGA,India
3647,SC,13.039161,77.501822,Approved,RVP/PNY,South-2,BANGALORE,KARNATAKA,TRUE,560073,RVP/PNY,India
3641,SC,12.924532,77.6668374,Approved,RVP/SAJ1,South-2,BANGALORE,KARNATAKA,TRUE,560103,RVP/SAJ1,India
3640,SC,12.97,77.59,Approved,RVP/SAJ,South-2,BANGALORE,KARNATAKA,TRUE,560103,RVP/SAJ,India
3650,SC,12.9371713,77.6197665,Approved,RVP/KMG,South-2,BANGALORE,KARNATAKA,TRUE,560095,RVP/KMG,India
3507,SC,26.34,92.68,Approved,NGN,North East,Nagaon,ASSAM,TRUE,782001,Naga,India
3551,SC,12.97,77.59,Approved,RVP/TPS,South-2,BANGALORE,KARNATAKA,TRUE,560071,RVP/TPS,India
2234,SC,23.434355,45.42424,Approved,Gumla,East,Gumla,JHARKHAND,TRUE,835207,GMA,India
2236,SC,22.118783,84.03819,Approved,Sundargarh,East,Sundargarh,Odisha,TRUE,770001,SDH,India
1982,SC,21,79,Approved,P2P/CCU,East,Kolkata,WEST BENGAL,TRUE,700038,P2P/CCU,India
2060,SC,21,67,Approved,KOLASIB,North East,Kolasib,MIZORAM,TRUE,796081,KOLI,India
1953,SC,23,67,Approved,P2P/VPT,South-1,Visakhapatnam,ANDHRA PRADESH,TRUE,530046,P2P/VPT,India
1714,SC,21.76,71.67,Approved,P2P/SAJ,South-2,BANGALORE,KARNATAKA,TRUE,560103,P2P/SAJ,India
1830,SC,21.76,71.67,Approved,P2P/PVR,North,Gurgaon,HARYANA,TRUE,122017,P2P/PVR,India
1715,SC,21.76,68.94,Approved,P2P/TPS,South-2,BANGALORE,KARNATAKA,TRUE,560075,P2P/TPS,India
1770,SC,28.3851167,79.4010244,Approved,BRL/KCN,North,Bareilly,UTTAR PRADESH,TRUE,243122,BRL/KCN,India
1829,SC,21.76,71.67,Approved,P2P/SPR,North,Gurgaon,HARYANA,TRUE,122002,P2P/SPR,India
1713,SC,21.76,68.94,Approved,P2P/JPN,South-2,BANGALORE,KARNATAKA,TRUE,560078,P2P/JPN,India
1828,SC,21.76,71.67,Approved,P2P/GGN,North,Gurgaon,HARYANA,TRUE,122018,P2P/GGN,India
642,SC,8.17118,77.43531,Approved,Nagercoil,South-2,Nagercoil,TAMIL NADU,TRUE,629002,NGL,India
661,SC,11.050115,77.062429,Approved,CJB/SRA,South-2,Coimbatore,TAMIL NADU,TRUE,641014,CJB/SRA,India
357,SC,10.4475662,77.5246396,Approved,Palani,South-2,Palani,TAMIL NADU,TRUE,624601,PLN,India
215,SC,11.025081,76.977448,Approved,CJB/LMS,South-2,Coimbatore,TAMIL NADU,TRUE,641037,CJB/LMS,India
6474,SC,22.30698488,87.29543962,Approved,KGP/HUB,East,Kharagpur,WEST BENGAL,TRUE,721306,KGP/HUB,India
6454,SC,20.28561967,85.87322789,Approved,BBN/KHD-EHV,East,Bhubaneswar,Odisha,TRUE,751010,BBN/KHD-EHV,India
2024,SC,9.05836,76.517029,Approved,Karunagappally,South-2,Kollam,KERALA,TRUE,690573,KNPG,India
35,SC,11.0045567,76.9521193,Approved,CJB/CJB,South-2,Coimbatore,TAMIL NADU,TRUE,641002,CJB/CJB,India
6087,SC,11.1886106,77.2811355,Approved,AVINASHI-TML,South-2,Tirupur,TAMIL NADU,TRUE,641654,AVYL,India
3448,RSC,9.5371,76.8864,Approved,MUNDAKKAYAM,South-2,mundakkayam,KERALA,TRUE,686514,,India
5614,Transportation-H,27.4616031,94.9148231,Approved,DIB/HUB-TSP,North East,Dibrugarh,ASSAM,TRUE,786003,MNR,India
1875,Transportation-M,26.995248,75.773742,Approved,JAI/HUB-TSP,North,Jaipur,RAJASTHAN,TRUE,302000,SAA,India
3520,Transportation-H,28.949015,77.675885,Approved,DEL/MRT-TSP,North,Meerut,UTTAR PRADESH,TRUE,250002,DEL/MRT-TSP,India
3497,Hub,12.97,77.59,Approved,BLR/JPNH,South-2,BANGALORE,KARNATAKA,TRUE,560078,BLR/JPNH,India
6351,Hub,17.586296,78.513211,Approved,HYD/IB1-ICT,South-1,Hyderabad,TELANGANA,TRUE,501401,HYD/IB1-ICT,India
6147,WH,28.4825244,76.8103629,Approved,Khalikpur DC,North,Jhajjar,HARYANA,TRUE,124105,KHKH,India
6090,Hub,26.777803,80.862001,Approved,LKO/LH1,North,Lucknow,UTTAR PRADESH,TRUE,226008,SNR,India
6057,Hub,26.664255,88.472858,Approved,SLG/APT,East,SILIGURI,WEST BENGAL,TRUE,735135,SLG/APT,India
5849,SC,12.9658658,77.5899651,Approved,RVP/BLRSRN-TML,South-2,BANGALORE,KARNATAKA,TRUE,560027,RVP/BLRSRN-TML,India
5664,Transportation-H,21,65,Approved,BWN/HUB-TSP,North,Bhiwani,HARYANA,TRUE,127021,BWN/HUB-TSP,India
5656,WH,12.9640768,77.817407,Approved,Reliance trends Hoskote,South-2,BANGALORE,KARNATAKA,TRUE,562114,RELI,India
5665,WH,12.9326342,77.831819,Approved,Kalkunte-FC,South-2,BANGALORE,KARNATAKA,TRUE,560067,KKFC,India
5666,WH,12.9917298,77.5379607,Approved,Swiggy Laggere,South-2,BANGALORE,KARNATAKA,TRUE,560079,SGGY,India
5506,Hub,13.075457,77.601742,Approved,BLR/BRY-ICT,South-2,BANGALORE,KARNATAKA,TRUE,560064,BLR/BRY-ICT,India
5400,Hub,24.8256292,92.7441292,Approved,IXS/HUB(2396),North East,Silchar,ASSAM,TRUE,788003,IXS/HUB(2396),India
5178,Transportation-H,21,65,Approved,MTR/HUB-TSP,North,Mathura,UTTAR PRADESH,TRUE,281006,MTR/HUB-TSP,India
4575,Hub,16.5,80.72,Approved,VIJ/LH1,South-1,Vijayawada,ANDHRA PRADESH,TRUE,521104,NIU,India
4660,WH,12.96,77.81,Approved,Anugondahalli FC,South-2,BANGALORE,KARNATAKA,TRUE,560067,AGDL,India
4794,Hub,22.71,88.29,Approved,CCU/LH1,East,Kolkata,WEST BENGAL,TRUE,712223,SEE,India
4788,Hub,13.04,77.85,Approved,BLR/IT-HSK,South-2,Hoskote,KARNATAKA,TRUE,562114,BLR/IT-HSK,India
4439,WH,28.43,76.79,Approved,WH Farukhnagar FC,North,Gurgaon,HARYANA,TRUE,122506,WHFC,India
4551,Transportation-H,32,25,Approved,ANS/HUB-FLP,East,Asansol,WEST BENGAL,TRUE,713302,ANS/HUB-FLP,India
4479,Hub,22.71,88.29,Approved,KOL/ADMIN1,East,Kolkata,WEST BENGAL,TRUE,712310,KOL/ADMIN1,India
4175,Transportation-H,21,65,Approved,GPK/HUB-TSP,North,Gorakhpur,UTTAR PRADESH,TRUE,273016,GPK/HUB-TSP,India
4269,Hub,12.97,77.59,Approved,BLR/LH2,South-2,BANGALORE,KARNATAKA,TRUE,562114,BLR/LH2,India
4270,Hub,12.97,77.59,Approved,BLR/LH3,South-2,BANGALORE,KARNATAKA,TRUE,562114,BLR/LH3,India
3584,Hub,12.97,77.59,Approved,BLR/JPN-HUB,South-2,BANGALORE,KARNATAKA,TRUE,560078,BLR/JPN-HUB,India
3499,Hub,12.97,77.59,Approved,BLR/WHTHUB,South-2,BANGALORE,KARNATAKA,TRUE,560067,BLR/WHTHUB,India
3479,Hub,12.97,77.59,Approved,BLR/WHTH,South-2,BANGALORE,KARNATAKA,TRUE,560067,BLR/WHTH,India
3478,Hub,12.97,77.59,Approved,BLR/WHTB,South-2,BANGALORE,KARNATAKA,TRUE,560067,BLR/WHTB,India
3523,Hub,23.79,86.43,Approved,DNB/HUB,East,Dhanbad,JHARKHAND,TRUE,826000,BAA,India
3501,Transportation-H,21,65,Approved,BLR/HOS-TSP,South-2,Krishnagiri,TAMIL NADU,TRUE,560105,BLR/HOS-TSP,India
3498,Hub,12.97,77.59,Approved,BLR/WHU,South-2,BANGALORE,KARNATAKA,TRUE,560067,BLR/WHU,India
3477,Hub,12.97,77.59,Approved,BLR/JPNB,South-2,BANGALORE,KARNATAKA,TRUE,560078,BLR/JPNB,India
3036,Transportation-M,26.10128,85.37432,Approved,MFB/HUB-TSP,East,Muzaffarpur,BIHAR,TRUE,842001,SHR,India
3222,Hub,26.91,75.78,Approved,PCK/JAI,North,Jaipur,RAJASTHAN,TRUE,302020,MAR,India
3111,Hub,12.97,77.59,Approved,BLR/LH1,South-2,BANGALORE,KARNATAKA,TRUE,561000,HOE,India
3221,Hub,26.91,75.78,Approved,JAI/LH1,North,Jaipur,RAJASTHAN,TRUE,302000,SAA,India
2688,Transportation-H,28.978205,77.050773,Approved,SOP/HUB-TSP,North,Sonipat,HARYANA,TRUE,131001,SOP/HUB-TSP,India
2686,Transportation-H,21,65,Approved,BKR/HUB-TSP,North,Bikaner,RAJASTHAN,TRUE,334001,BKR/HUB-TSP,India
2681,Transportation-H,21,65,Approved,IXM/HUB-TSP,South-2,Madurai,TAMIL NADU,TRUE,625016,IXM/HUB-TSP,India
2677,Transportation-H,21,65,Approved,TMK/HUB-TSP,South-2,Tumkur,KARNATAKA,TRUE,572105,TMK/HUB-TSP,India
2678,Transportation-H,21,65,Approved,GNT/HUB-TSP,South-1,Guntur,ANDHRA PRADESH,TRUE,522034,GNT/HUB-TSP,India
2675,Transportation-H,21,65,Approved,EDE/HUB-TSP,South-2,Erode,TAMIL NADU,TRUE,638004,EDE/HUB-TSP,India
2687,Transportation-H,21,65,Approved,BRL/HUB-TSP,North,Bareilly,UTTAR PRADESH,TRUE,243001,BRL/HUB-TSP,India
5859,SC,12.9639368,77.6388995,Approved,RVP/BLRDML-TML,South-2,BANGALORE,KARNATAKA,TRUE,560071,RVP/BLRDML-TML,India
2670,Transportation-H,21,65,Approved,AJL/HUB-TSP,North East,AIZAWL,MIZORAM,TRUE,796001,BAN,India
6086,SC,22.22389,84.85974,Approved,RKL-TML,East,ROURKELA,Odisha,TRUE,769001,RKTL,India
2682,Transportation-H,21,65,Approved,BDI/HUB-TSP,North,Baddi,HIMACHAL PRADESH,TRUE,173205,BDI/HUB-TSP,India
6347,SC,11.38081,78.07231,Approved,SALEM/KDMPT,South-2,Salem,TAMIL NADU,TRUE,636010,SALEM/KDMPT,India
6463,SC,12.975134,77.681579,Approved,BLR/MLP-VEHV,South-2,BANGALORE,KARNATAKA,TRUE,560075,BLR/MLP-VEHV,India
4899,SC,26.16,91.76,Approved,GAU/ULB-TML,North East,Guwahati,ASSAM,TRUE,781007,GHY/ULB-TML,India
2680,Transportation-H,21,65,Approved,VZM/HUB-TSP,South-1,Vizianagaram,ANDHRA PRADESH,TRUE,535002,VZM/HUB-TSP,India
4831,SC,11.1,77.34,Approved,TRP/RPM-TML,South-2,Tirupur,TAMIL NADU,TRUE,641601,TRP/RPM-TML,India
2679,Transportation-H,21,65,Approved,CDP/HUB-TSP,South-1,Cuddapah,ANDHRA PRADESH,TRUE,516002,CDP/HUB-TSP,India
2240,Transportation-H,30.88185,75.904456,Approved,LUD/HUB-TSP,North,Ludhiana,PUNJAB,TRUE,141010,LUD/HUB-TSP,India
5250,SC,11.052825,76.916783,Approved,CJB/KNV-TML,South-2,Coimbatore,TAMIL NADU,TRUE,641108,CJB/KNV-TML,India
2318,Transportation-H,26.4484796,80.2438181,Approved,KNP/HUB-TSP,North,Kanpur,UTTAR PRADESH,TRUE,208022,PIA1,India
4516,SC,23.3982746,85.3938256,Approved,RNC/BTM-TML,East,Ranchi,JHARKHAND,TRUE,835215,RNC/BTM-TML,India
3940,SC,26.14,91.73,Approved,GAU/BGH-EHV,North East,Guwahati,ASSAM,TRUE,781005,GAU/BGH-EHV,India
3846,SC,12.97,77.59,Approved,BLR/SNN-EHV,South-2,BANGALORE,KARNATAKA,TRUE,560027,BLR/SNN-EHV,India
2319,Transportation-H,26.7765264,80.8966196,Approved,LOK/HUB-TSP,North,Lucknow,UTTAR PRADESH,TRUE,226008,SNR,India
624,Hub,13.0681151,77.6102955,Approved,CNT/Dummy,South-2,BANGALORE,KARNATAKA,TRUE,560064,CNT/Dummy,India
2273,Hub,23.434355,45.42424,Approved,BLR/HQC,South-2,BANGALORE,KARNATAKA,TRUE,556661,HOE2,India
3848,SC,12.97,77.59,Approved,BLR/TPS-EHV,South-2,BANGALORE,KARNATAKA,TRUE,560071,BLR/TPS-EHV,India
1969,Hub,21,65,Approved,BBN/PC1,East,Bhubaneswar,Odisha,TRUE,751002,BBN/PC1,India
4854,SC,20.26,85.85,Approved,BBN/MALKANGIRI-TML,East,Jajpur Town,Odisha,TRUE,751006,BBN/MALKANGIRI-TML,India
1583,SC,12.8003171,77.386093,Approved,BLR/BDD,South-2,BANGALORE,KARNATAKA,TRUE,562019,BLR/BDD,India
2002,Hub,21,67,Approved,CCU/GHS,East,Kolkata,HARYANA,TRUE,111111,CCU/GHS,India
4822,SC,20.26,85.85,Approved,BBN/DDM-TML,East,Bhubaneswar,Odisha,TRUE,911893,BBN/DDM-TML,India
2091,RSC,20.2632,83.6348,Approved,Kesinga,East,kesinga,Odisha,TRUE,602081,RSC/Kesinga,India
1998,Hub,21,67,Approved,BLR/GHS,South-2,BANGALORE,HARYANA,TRUE,111111,BLR/GHS,India
5976,RSC,9.44357,79.01088,Approved,Thondi,South-2,Trichy,TAMIL NADU,TRUE,623409,,India
4518,SC,23.29,85.32,Approved,RNC/HTA-TML,East,Ranchi,JHARKHAND,TRUE,834003,RNC/HTA-TML,India
6762,Hub,31.7056,74.8069,Approved,ATQ/APT,North,AMRITSAR,PUNJAB,TRUE,143000,ATQ/APT,India
5883,SC,22.7094338,88.4854052,Approved,JMD/HAT-TML,East,Jamshedpur,JHARKHAND,TRUE,831002,JMD/HAT-TML,India
1768,Transportation-H,18.975808,73.863035,Approved,BBN/CTK-TSP,East,Cuttack,Odisha,TRUE,753001,TSPBBN/CTK,India
4735,SC,22.8068076,86.1225463,Approved,JMD/ADP-TML,East,Jamshedpur,JHARKHAND,TRUE,832108,JMD/ADP-TML,India
5848,SC,13.0199606,77.6448686,Approved,RVP/BLRBRY - TML,South-2,BANGALORE,KARNATAKA,TRUE,560043,RVP/BLRBRY - TML,India
5376,SC,23.27446327,85.26263823,Approved,RNC/IRB-TML,East,Ranchi,JHARKHAND,TRUE,835219,RNC/IRB-TML,India
4890,SC,21.8,83.98,Approved,JSG/SHN-TML,East,Jharsuguda,Odisha,TRUE,768202,JSG/ShantiNagar-TML,India
1788,Hub,21.76,68.94,Approved,LKO/APT,North,Lucknow,UTTAR PRADESH,TRUE,160000,SNR1,India
3840,SC,12.97,77.59,Approved,BLR/MAT-EHV,South-2,BANGALORE,KARNATAKA,TRUE,560013,BLR/MAT-EHV,India
1798,Hub,21.76,71.67,Approved,VIJ/APT,South-1,Vijayawada,ANDHRA PRADESH,TRUE,520007,VIJ/APT,India
1796,Hub,21.76,68.94,Approved,CJB/APT,South-2,Coimbatore,TAMIL NADU,TRUE,641014,CJB/APT,India
53,SC,9.9307365,78.1121917,Approved,MADURAI,South-2,Madurai,TAMIL NADU,TRUE,625016,IXM,India
5867,SC,12.9161839,77.5473183,Approved,RVP/BLRUTR-TML,South-2,BANGALORE,KARNATAKA,TRUE,560061,RVP/BLRUTR-TML,India
5925,SC,25.19218,75.85084,Approved,RVP/KOTA,North,Kota,RAJASTHAN,TRUE,324005,RVP/KOTA,India
1691,WH,1,1,Approved,WH/BILASPUR,North,Gurgaon,HARYANA,TRUE,122015,WH/BILASPUR,India
5923,SC,26.222566,73.012278,Approved,RVP/JOD,North,Jaipur,RAJASTHAN,TRUE,342001,RVP/JOD,India
5924,SC,24.585445,73.712479,Approved,RVP/UDI,North,Udaipur,RAJASTHAN,TRUE,313001,RVP/UDI,India
5856,SC,12.995472,77.7629769,Approved,RVP/BLRWHT-TML,South-2,BANGALORE,KARNATAKA,TRUE,560067,RVP/BLRWHT-TML,India
5181,SC,20.3193,85.86389,Approved,BBN/DVR-TML,East,Bhubaneswar,Odisha,TRUE,751017,BBN/DVR-TML,India
5417,SC,20.233953,85.815686,Approved,BBN/KLP-TML,East,Bhubaneswar,Odisha,TRUE,751002,BBN/KLP-TML,India
5869,SC,12.7345843,77.8330035,Approved,RVP/BLRHOS-TML,South-2,BANGALORE,KARNATAKA,TRUE,635109,RVP/BLRHOS-TML,India
5921,SC,26.83569,75.82959,Approved,RVP/JSNG,North,Jaipur,RAJASTHAN,TRUE,302017,RVP/JSNG,India
5830,SC,25.49462851,85.100936,Approved,PUNPUN,East,Punpun,BIHAR,TRUE,804453,PPNN,India
5678,SC,11.3475661,76.78586866,Approved,OOTY/CNR-TML,South-2,Ooty,TAMIL NADU,TRUE,643102,OOTY/CNR-TML,India
6770,Transportation-H,22.5384444,88.2906944,Approved,CCU/STH-TSP,East,Kolkata,WEST BENGAL,TRUE,700024,CCU/STH-TSP,India
6786,WH,22.6987107,88.2966723,Approved,CCU/Chakundi/WHS,East,Hooghly,WEST BENGAL,TRUE,712310,CCU/Chakundi/WHS,India
5630,SC,11.0115889,76.989082,Approved,CJB/AKM-TML,South-2,Coimbatore,TAMIL NADU,TRUE,641045,CJB/AKM-TML,India
6863,SC,10.452586,77.5237428,Approved,PALANI/LPM1-TML,South-2,Palani,TAMIL NADU,TRUE,624601,PALANI/LPM1-TML,India
6861,Hub,77.05143,28.511546,Approved,DEL/PC1-DMG,North,Gurgaon,HARYANA,TRUE,122016,GUN,India
5335,SC,25.5671299,85.1867537,Approved,PAT/LH1,East,Patna,BIHAR,TRUE,800007,BAA,India
6907,Hub,26.7774025,80.8629154,Approved,LKO/TRACKON,North,Lucknow,UTTAR PRADESH,TRUE,226008,LKO/TRACKON,India
6906,Hub,26.93061,75.792909,Approved,JAI/TRACKON,North,Jaipur,RAJASTHAN,TRUE,302016,JAI/TRACKON,India
6920,Hub,10.85121,78.712663,Approved,Reliance DC-Trichy,South-2,Trichy,TAMIL NADU,TRUE,620005,RDCY,India
6958,Transportation-H,28.20972222,76.81805556,Approved,GWP/BHIWADI,North,BHIWADI,RAJASTHAN,TRUE,301019,GWP/BHIWADI,India
5198,SC,25.585944,85.079642,Approved,PAT/PHULWARI SRF-TML,East,Patna,BIHAR,TRUE,801505,PAT/PHULWARI SRF-TML,India
6963,Hub,17.36748,78.413271,Approved,HYD/ATP-ICT,South-1,Hyderabad,TELANGANA,TRUE,500048,HYD/ATP-ICT,India
4939,SC,11.04,76.96,Approved,CJB/NLP-TML,South-2,Coimbatore,TAMIL NADU,TRUE,641027,CJB/NLP-TML,India
4941,SC,11.65,78.13,Approved,SALEM/SOUTH- TML,South-2,Salem,TAMIL NADU,TRUE,636002,SALEM/SOUTH- TML,India
4709,SC,20.26,85.85,Approved,CTK/OMP-TML,East,Cuttack,Odisha,TRUE,753004,CTK/OMP-TML,India
5021,SC,12.93,77.57,Approved,RVP/BLRTYN,South-2,BANGALORE,KARNATAKA,TRUE,560011,RVP/BLRTYN,India
5020,SC,13.0882827,77.5822852,Approved,RVP/BLRYEL,South-2,BANGALORE,KARNATAKA,TRUE,560064,RVP/BLRYEL,India
5918,SC,26.894745,75.830116,Approved,RVP/JADA,North,Jaipur,RAJASTHAN,TRUE,302004,RVP/JADA,India
4985,SC,10.9,76.94,Approved,CJB/MLM-TML,South-2,Coimbatore,TAMIL NADU,TRUE,641105,CJB/MLM-TML,India
5019,SC,12.73,77.83,Approved,RVP/BLRHOS,South-2,BANGALORE,KARNATAKA,TRUE,635109,RVP/BLRHOS,India
6909,Hub,11.6696541,92.7297852,Approved,IXZ/APT,South-1,Port Blair,ANDAMAN AND NICOBAR,TRUE,744102,IXZ/APT,India
355,SC,11.2137732,78.1686351,Approved,Namakkal,South-2,Namakkal,TAMIL NADU,TRUE,637001,NKL,India
83,SC,11.653289,78.1316494,Approved,SALEM,South-2,Salem,TAMIL NADU,TRUE,636002,SAL,India
265,SC,11.096991,77.1820311,Approved,TRP/SNR,South-2,Somanur,TAMIL NADU,TRUE,641659,TRP/SNR,India
6349,SC,10.902358,76.941037,Approved,CJB/MLM1-TML,South-2,Coimbatore,TAMIL NADU,TRUE,641105,CJB/MLM1-TML,India
5868,Terminal,12.9714484,77.6938689,Approved,RVP/BLRKRP-TML,South-2,BANGALORE,KARNATAKA,TRUE,560037,RVP/BLRKRP-TML,India
4797,SC,12.9714302,77.6938682,Approved,RVP/BLRKRP,South-2,BANGALORE,KARNATAKA,TRUE,560016,RVP/BLRKRP,India
4821,SC,20.26,85.85,Approved,NBP/NBR-TML,East,Jajpur Town,Odisha,TRUE,751006,NBP/Jeypore-TML,India
4681,SC,25.5,85.17,Approved,PAT/CITY-TML,East,Patna,BIHAR,TRUE,800007,PAT/CITY-TML,India
4795,SC,12.904265,77.626025,Approved,RVP/BLRBMN,South-2,BANGALORE,KARNATAKA,TRUE,560068,RVP/BLRBMN,India
4690,SC,20.26,85.85,Approved,CTK/CDA-TML,East,Cuttack,Odisha,TRUE,753008,CTK/CDA-TML,India
4734,SC,20.26,85.85,Approved,JAJ/BAH-TML,East,Jajpur Town,Odisha,TRUE,751006,JAJ/BAH-TML,India
4656,SC,23.4381617,85.32809,Approved,RNC/KNK-TML,East,Ranchi,JHARKHAND,TRUE,834006,RNC/KNK-TML,India
4702,SC,11.1,77.39,Approved,TRP/MPM-TML,South-2,Tirupur,TAMIL NADU,TRUE,641606,TRP/MPM-TML,India
4683,SC,20.26,85.85,Approved,BBN/PKP-TML,East,Jajpur Town,Odisha,TRUE,751006,BBN/PKP-TML,India
4493,SC,25.59,85.17,Approved,PAT/BNR-TML,East,Patna,BIHAR,TRUE,800026,PAT/BNR-TML,India
4335,SC,22.8,86.2,Approved,JMD/MNO,East,Jamshedpur,JHARKHAND,TRUE,831012,JMD/MNO,India
4492,SC,25.59,85.08,Approved,PAT/RJB-TML,East,Patna,BIHAR,TRUE,800014,PAT/RJB-TML,India
4494,SC,25.6,85.15,Approved,PAT/KDK-TML,East,Patna,BIHAR,TRUE,800003,PAT/KDK-TML,India
4552,SC,19.85,83.21,Approved,BWP/Pardesipada-TML,East,Bhawanipatna,Odisha,TRUE,766001,BWP/Pardesipada - TML,India
4213,SC,23.34,85.3,Approved,RANCHI3,East,Ranchi,JHARKHAND,TRUE,834008,RAN3,India
3936,SC,22.8,86.2,Approved,JMD/HUB-EHV,East,Jamshedpur,JHARKHAND,TRUE,832012,JMD/HUB-EHV,India
3870,SC,28.98,77.7,Approved,Meerut-EHV,North,Meerut,UTTAR PRADESH,TRUE,250002,MREV,India
3941,SC,26.14,91.73,Approved,GAU/JLK-EHV,North East,Guwahati,ASSAM,TRUE,781035,GAU/JLK-EHV,India
3939,SC,26.14,91.73,Approved,GAU/SML-EHV,North East,Guwahati,ASSAM,TRUE,781022,GAU/SML-EHV,India
3933,SC,20.29,85.82,Approved,BBN/IRC-EHV,East,Bhubaneswar,Odisha,TRUE,751015,BBN/IRC-EHV,India
3871,SC,30.31,78.03,Approved,DEHRADUN-EHV,North,Dehradun,UTTARAKHAND,TRUE,248001,DHEV,India
3853,SC,12.97,77.59,Approved,BLR/SAJ-EHV,South-2,BANGALORE,KARNATAKA,TRUE,560103,BLR/SAJ-EHV,India
3851,SC,12.97,77.59,Approved,BLR/PNY-EHV,South-2,BANGALORE,KARNATAKA,TRUE,560073,BLR/PNY-EHV,India
3754,SC,26.14,91.73,Approved,EH-GAU-GUWAHATI,North East,Guwahati,ASSAM,TRUE,781035,GUUG,India
3866,SC,26.91,75.78,Approved,JAI/JAI-EHV,North,Jaipur,RAJASTHAN,TRUE,302020,JAI/JAI-EHV,India
3863,SC,26.44,80.33,Approved,KANPUR-EHV,North,Kanpur,UTTAR PRADESH,TRUE,208011,RKHV,India
3756,SC,27.30017,95.66027,Approved,EH-DIG-DIGBOI,North East,DIGBOI,ASSAM,TRUE,786181,IGGI,India
3868,SC,26.91,75.78,Approved,JAI/ADA-EHV,North,Jaipur,RAJASTHAN,TRUE,302004,JAI/ADA-EHV,India
1927,Hub,25.488171,89.855874,Approved,BLR/RO,South-2,BANGALORE,KARNATAKA,TRUE,560064,HOE1,India
4817,SC,9.96,78.15,Approved,MDU/PDR-TML,South-2,Madurai,TAMIL NADU,TRUE,625007,MDU/PDR-TML,India
2022,RSC,21,79,Approved,Bhavani2,South-2,Bhavani,TAMIL NADU,TRUE,638501,RSC/Bhavani2,India
5253,RSC,10.9016,76.9765,Approved,Bodipalyam,South-2,Coimbatore,TAMIL NADU,TRUE,641008,,India
7012,RSC,17.52604,79.99425,Approved,KURAVI,South-1,Mahabubabad,TELANGANA,TRUE,506105,,India
7010,RSC,11.165301,77.603662,Approved,Chennimalai,South-2,Erode,TAMIL NADU,TRUE,638051,,India
5722,RSC,14.1837439,78.6931591,Approved,LAKKIREDDIPALLI,South-1,Rayachoty,ANDHRA PRADESH,TRUE,516257,,India
2428,RSC,8.903742,76.806035,Approved,Cheruvakkal,South-2,Cheruvakkal,KERALA,TRUE,691533,,India
6378,RSC,16.781976,81.227501,Approved,LINGAPALEM,South-1,CHINTALAPUDI,ANDHRA PRADESH,TRUE,534462,,India
4123,RSC,0.01,0.001,Approved,ADDATEEGALA,South-1,ADDATEEGALA,ANDHRA PRADESH,TRUE,533428,,India
3705,RSC,0.01,0.001,Approved,BHUTHPUR,South-1,BHUTHPUR,TELANGANA,TRUE,509382,,India
3469,RSC,8.6982,76.8137,Approved,CHIRAYINKEEZHU,South-2,Chirayinkeezhu,KERALA,TRUE,695101,,India
6376,RSC,15.8159746,78.2000425,Approved,BRAHMANAKOTKUR,South-1,KURNOOL,ANDHRA PRADESH,TRUE,518432,,India
693,RSC,10.732935,77.521813,Approved,Dharapuram,South-2,Dharapuram,TAMIL NADU,TRUE,638656,RSC/Dharapuram,India
6491,RSC,17.243759,82.334991,Approved,DURGADA,South-1,ANNAVARAM,ANDHRA PRADESH,TRUE,533444,,India
5363,RSC,8.22527,77.05368,Approved,Dhanuvachapuram,South-2,Trivandrum,KERALA,TRUE,695122,,India
6882,RSC,9.915145,76.290253,Approved,Edakochi,South-2,THOPPUMPADI,KERALA,TRUE,682006,,India
5038,RSC,15.4464592,78.465854,Approved,GAJULAPALLI,South-1,KURNOOL,ANDHRA PRADESH,TRUE,518583,,India
6210,RSC,9.425001,76.70164,Approved,EZHUMATTOOR,South-2,Pathanamthitta,KERALA,TRUE,689586,,India
5998,RSC,11.504139,78.643556,Approved,Gangavalli1,South-2,Salem,TAMIL NADU,TRUE,636105,,India
6644,RSC,13.665551,78.802435,Approved,KALIKARI,South-1,Piler,ANDHRA PRADESH,TRUE,517234,,India
6104,RSC,17.8515,77.2663,Approved,Hallikhada,South-2,MANNAEKHELLI,KARNATAKA,TRUE,585227,,India
6672,RSC,14.4455644,77.5217867,Approved,KANAGANAPALLI,South-1,Dharmavaram,ANDHRA PRADESH,TRUE,515641,,India
6501,RSC,16.2292,74.599,Approved,HUKKERI,South-2,HUKERI,KARNATAKA,TRUE,591309,,India
3481,RSC,0.01,0.001,Approved,MEDCHAL1,South-1,Medchal,TELANGANA,TRUE,500100,,India
2419,RSC,0.01,0.001,Approved,MYDKUR,South-1,MYDKUR,ANDHRA PRADESH,TRUE,516172,,India
7220,RSC,16.92827,82.218402,Approved,NADAKUDURU,South-1,kakinada,ANDHRA PRADESH,TRUE,533016,,India
6283,RSC,11.70160871,75.65357471,Approved,IYYAMKODE,South-2,KOZHIKODE,KERALA,TRUE,673504,,India
7040,RSC,17.2028331,79.1984335,Approved,NARKETPALLY,South-1,Nalgonda,TELANGANA,TRUE,508254,,India
6460,RSC,14.5729,75.0472,Approved,JADE,South-2,SHIVAMOGGA,KARNATAKA,TRUE,577419,,India
3403,RSC,12.7832,75.1615,Approved,Kabaka,South-2,KABAKA,KARNATAKA,TRUE,574220,,India
3628,RSC,12.462,78.0302,Approved,Kaduchettipatti,South-2,KADUCHETTIPATTI,TAMIL NADU,TRUE,635116,,India
4889,RSC,11.3673,77.5943,Approved,Kanjikoil,South-2,Erode,TAMIL NADU,TRUE,638104,,India
7211,RSC,9.659595375,76.33828338,Approved,Kanjikuzhi,South-2,Allapey,KERALA,TRUE,688525,,India
3985,RSC,9.5595,76.7874,Approved,Kanjirapally,South-2,KANJIRAPALLY,KERALA,TRUE,686507,,India
7024,RSC,11.153351,78.592784,Approved,KANNANUR,South-2,Trichy,TAMIL NADU,TRUE,621010,,India
7266,RSC,11.07504,76.913048,Approved,Kanuvai,South-2,Coimbatore,TAMIL NADU,TRUE,641017,,India
3485,RSC,0.01,0.001,Approved,PEDDA GOLLAPALLY,South-1,Pedda Gollapally,TELANGANA,TRUE,501218,,India
5713,RSC,9.66475,78.099028,Approved,Kariyapatti,South-2,Madurai,TAMIL NADU,TRUE,626106,,India
5043,RSC,16.7302942,79.2043185,Approved,PEDDAVOORA,South-1,Nalgonda,TELANGANA,TRUE,508266,,India
4773,RSC,9.3107,76.4305,Approved,Karuvatta,South-2,Allapey,KERALA,TRUE,690514,,India
3799,RSC,0.01,0.001,Approved,PENDLIMARRI,South-1,PENDLIMARRI,ANDHRA PRADESH,TRUE,516216,,India
6598,RSC,16.0152,75.5485,Approved,Kerur,South-2,Badami,KARNATAKA,TRUE,587206,,India
4967,RSC,15.4384,76.9485,Approved,Kirur,South-2,Kerur,KARNATAKA,TRUE,587206,,India
5888,RSC,10.16371,77.759651,Approved,Kodai Road,South-2,Dindugul,TAMIL NADU,TRUE,624202,,India
6946,RSC,10.48856296,77.348284,Approved,Komaralingam,South-2,Tiruppur,TAMIL NADU,TRUE,642204,,India
6949,RSC,11.38303,78.081,Approved,Kondalampatti,South-2,Salem,TAMIL NADU,TRUE,636002,,India
1842,RSC,9.5,76.4,Approved,Kottiyam 1,South-2,Kottiyam,KERALA,TRUE,691014,RSC/Kottiyam 1,India
5037,RSC,9.537,78.0996,Approved,Kovilangulam,South-2,Madurai,TAMIL NADU,TRUE,626112,,India
6106,RSC,10.379475,78.738083,Approved,Kudumiyanmalai,South-2,Trichy,TAMIL NADU,TRUE,622104,,India
6256,RSC,10.50571,77.26517,Approved,Kundadam,South-2,Dharapuram,TAMIL NADU,TRUE,638702,Kundadam,India
7107,RSC,9.708790719,76.55385558,Approved,Kuravilangad,South-2,Kottayam,KERALA,TRUE,686633,,India
4101,RSC,9.9854,78.5405,Approved,Madagupatti,South-2,MADAGUPATTI,TAMIL NADU,TRUE,630561,,India
5477,RSC,8.8157,8.8157,Approved,Madathara,South-2,Kollam,KERALA,TRUE,691559,,India
3676,RSC,11.051,76.0711,Approved,Mallapuram,South-2,Mallapuram,TAMIL NADU,TRUE,635301,,India
5889,RSC,10.57764,79.748646,Approved,Manakkudi,South-2,Trichy,TAMIL NADU,TRUE,614712,,India
6626,RSC,17.04776,77.45666,Approved,MORATGI,South-2,Kalaburagi,KARNATAKA,TRUE,586123,,India
2929,RSC,8.895,76.6673,Approved,MUKATHALA,South-2,MUKATHALA,KERALA,TRUE,691589,,India
6944,RSC,10.165655,76.201054,Approved,MUNAMBAM,South-2,NORTH PARAVOOR,KERALA,TRUE,683515,,India
6827,RSC,10.3366786,79.3828635,Approved,MUTHUPETTAI,South-2,ADIRAMAPATTINAM,TAMIL NADU,TRUE,614701,,India
5205,RSC,11.479962,75.779708,Approved,Naduvannur,South-2,KOZHIKODE,KERALA,TRUE,673614,,India
7128,RSC,11.20638327,75.81080882,Approved,NALLALAM,South-2,KOZHIKODE,KERALA,TRUE,673018,,India
3239,RSC,13.0407,80.0248,Approved,Narasingapuram,South-2,Narsingpuran TN,TAMIL NADU,TRUE,636108,,India
3629,RSC,13.3347,76.0798,Approved,Nerlige,South-2,NERLIGE,KARNATAKA,TRUE,577556,,India
4619,RSC,31.377535,75.651791,Approved,Jandu Singha,North,Jalandhar,PUNJAB,TRUE,144005,,India
3322,RSC,10.1655,77.8525,Approved,Nilakkottai,South-2,NILAKKOTTAI,TAMIL NADU,TRUE,624208,,India
3042,RSC,10.4897,77.7544,Approved,Oddanchatram,South-2,Dindugul,TAMIL NADU,TRUE,624619,,India
3121,RSC,10.630536,79.25552,Approved,ORATHANADU,South-2,ORATHANADU,TAMIL NADU,TRUE,614625,,India
2912,RSC,12.2986,78.0738,Approved,Palacode,South-2,Palacode,TAMIL NADU,TRUE,636808,,India
6628,RSC,9.199737,76.519236,Approved,Pallarimangalam,South-2,Mavelikera,KERALA,TRUE,690537,,India
5719,RSC,10.004167,76.386917,Approved,PALLIKKARA,South-2,Ernakulam,KERALA,TRUE,683565,,India
6837,RSC,31.699,76.732,Approved,Sayrighat,North,Kundaghat,HIMACHAL PRADESH,TRUE,173222,,India
6825,RSC,11.329033,77.707075,Approved,Pallipalayam,South-2,Erode,TAMIL NADU,TRUE,638011,,India
5412,RSC,12.31425,78.282167,Approved,Pannadhur,South-2,Krishnagiri,TAMIL NADU,TRUE,635123,,India
2934,RSC,11.820381,78.089119,Approved,Pannapatti,South-2,PANAPPATTI,TAMIL NADU,TRUE,636305,,India
2307,RSC,9.20495,78.29191,Approved,Paramakudi,South-2,Paramakudi,TAMIL NADU,TRUE,623707,RSC/Paramakudi,India
5749,RSC,31.81965,74.71231,Approved,Rajasansi PB,North,AJNALA,PUNJAB,TRUE,143102,,India
4149,RSC,11.1121,78.0039,Approved,Paramathivelur,South-2,PARAMATHIVELUR,TAMIL NADU,TRUE,638182,,India
5791,RSC,12.1516,78.11406,Approved,Periyampatti,South-2,Salem,TAMIL NADU,TRUE,635205,,India
6060,RSC,10.924653,78.403038,Approved,Perugamani,South-2,Karur,TAMIL NADU,TRUE,639120,,India
3992,RSC,9.8731,76.492,Approved,PIRAVOM,South-2,PIRAVOM,KERALA,TRUE,686664,,India
2353,RSC,10.7223,10.7223,Approved,Polpully,South-2,Polpully,KERALA,TRUE,678503,RSC/Polpully,India
4760,RSC,8.488,76.9809,Approved,Poojappura,South-2,Nedumangadu,KERALA,TRUE,695564,,India
7052,RSC,11.09321886,79.64113715,Approved,Poonthottam,South-2,MAYILADURAI,TAMIL NADU,TRUE,609001,,India
6204,RSC,10.059222,76.660139,Approved,POTHANICAD,South-2,KOTHAMANGALM,KERALA,TRUE,686671,,India
7269,RSC,11.2489,76.0508,Approved,PUTHALAM,South-2,AREECODE,KERALA,TRUE,673639,,India
6499,RSC,9.954199,77.098771,Approved,RAJAKKAD,South-2,Rajakkad,KERALA,TRUE,685566,,India
2308,RSC,12.522389,78.214583,Approved,Rayakottai,South-2,Rayakottai,TAMIL NADU,TRUE,635122,RSC/Rayakottai,India
4137,RSC,11.53184,79.04219,Approved,Rishivandhiyam,South-2,RISHIVANDHIYAM,TAMIL NADU,TRUE,606205,,India
7164,RSC,11.680528,78.131194,Approved,Sankarapuram,South-2,KALLAKURUCHI,TAMIL NADU,TRUE,606208,,India
4765,RSC,11.3286,77.7258,Approved,Solar,South-2,Erode,TAMIL NADU,TRUE,638002,,India
6903,RSC,11.360083,77.712528,Approved,Soolai Erode,South-2,Erode,TAMIL NADU,TRUE,638107,,India
3896,RSC,13.1887,77.7881,Approved,Sulibele,South-2,Sulibele,KARNATAKA,TRUE,562110,,India
2606,RSC,11.0254,77.1246,Approved,SULUR.,South-2,sulur,TAMIL NADU,TRUE,641062,,India
4159,RSC,12.0283,78.3053,Approved,Thalanatham,South-2,thalanatham,TAMIL NADU,TRUE,635302,,India
3356,RSC,9.7832,78.9182,Approved,Thiruvadanai,South-2,THIRUVADANAI,TAMIL NADU,TRUE,623403,,India
7283,RSC,9.7556926,76.3155157,Approved,THURAVOOR,South-2,Allapey,KERALA,TRUE,688532,,India
5705,RSC,14.625776,75.233361,Approved,Tilavalli,South-2,HANGAL,KARNATAKA,TRUE,577433,,India
4319,RSC,11.6774,79.2885,Approved,Ulundurpettai,South-2,ulundurpettai,TAMIL NADU,TRUE,606107,,India
5353,RSC,10.221849,78.371338,Approved,uppilipalayam,South-2,Salem,TAMIL NADU,TRUE,621206,,India
5732,RSC,10.49538,79.193184,Approved,Uranipuram,South-2,Trichy,TAMIL NADU,TRUE,622302,,India
2010,RSC,21,67,Approved,Vaikom1,South-2,Vaikom,KERALA,TRUE,686605,RSC/Vaikom1,India
4125,RSC,8.9566,76.8418,Approved,Valakom,South-2,VALAKOM,KERALA,TRUE,686661,,India
5536,RSC,10.57058,79.23114,Approved,Valangaiman,South-2,Kumbakonam,TAMIL NADU,TRUE,612001,,India
3627,RSC,11.4803,78.7349,Approved,Veeraganur,South-2,VEERAGANUR,TAMIL NADU,TRUE,636116,,India
2389,RSC,8.5642,77.0593,Approved,Vellanad,South-2,VELLANAD,KERALA,TRUE,695551,RSC/Vellanad,India
5673,RSC,10.004167,76.386917,Approved,VELLOOR,South-2,Kottayam,KERALA,TRUE,686609,,India
5619,RSC,8.36176,76.53542,Approved,VEMBAYAM,South-2,Trivandrum,KERALA,TRUE,695607,,India
5999,RSC,11.30231,79.05307,Approved,Veppur,South-2,Salem,TAMIL NADU,TRUE,606304,,India
4790,RSC,26.6861,83.0267,Approved,Vishwanathpur,South-2,DEVANAHALLI,KARNATAKA,TRUE,562110,,India
6883,RSC,10.047886,76.225578,Approved,Vyipin1,South-2,vypin,KERALA,TRUE,682505,,India
2527,RSC,13.5833,76.5402,Approved,Huliyar,South-2,HULIYAR,KARNATAKA,TRUE,572218,,India
5703,RSC,12.336583,76.447861,Approved,Bilikere,South-2,Hunsur,KARNATAKA,TRUE,571103,,India
6512,RSC,21.3448,76.81725,Approved,KADAGANCHI,South-2,Kalaburagi,KARNATAKA,TRUE,585367,,India
6914,RSC,9.100365,76.521463,Approved,Vavvakkavu,South-2,Karunagappally,KERALA,TRUE,691014,,India
7332,RSC,13.344728,79.093816,Approved,PUTHALAPATTU,South-1,Chittoor,ANDHRA PRADESH,TRUE,517124,,India
6493,RSC,18.193954,83.4459,Approved,RAVIKAMATHAM AP,South-1,WADDADI,ANDHRA PRADESH,TRUE,531025,,India
3706,RSC,0.01,0.001,Approved,SAMBEPALLI,South-1,SAMBEPALLI,ANDHRA PRADESH,TRUE,516215,,India
7194,RSC,15.168826,80.010417,Approved,ULAVAPADU,South-1,SINGARAYAKONDA,ANDHRA PRADESH,TRUE,523929,,India
4745,RSC,17.5756766,78.9429598,Approved,YADAGIRIGUTTA,South-1,Bhongir,TELANGANA,TRUE,508115,,India
5787,RSC,14.393611,76.044611,Approved,Anagodu,South-2,DAVANGERE,KARNATAKA,TRUE,577556,,India
3327,RSC,21.0787,86.358,Approved,Bonth,East,BONTH,Odisha,TRUE,756114,,India
2373,RSC,22.1005,84.5641,Approved,Rajgangpur,East,Rajgangpur,Odisha,TRUE,770017,RSC/Rajgangpur,India
5468,RSC,19.52695,83.502241,Approved,BISSAMCUTTACK,East,Bishama Katek,Odisha,TRUE,765019,,India
6891,RSC,31.8865398,76.9121997,Approved,Padhar,North,Joginder Nagar,HIMACHAL PRADESH,TRUE,175012,,India
6638,RSC,25.531969,82.873428,Approved,Babatpur,North,Babatpur,UTTAR PRADESH,TRUE,221206,,India
6712,RSC,31.3282,77.1658,Approved,Churag,North,Mandi,HIMACHAL PRADESH,TRUE,175010,,India
3748,SC,22.48852,88.30928,Approved,CCU/BLA - EHV,East,Kolkata,WEST BENGAL,TRUE,700034,CCU/BLA - EHV,India
2749,RSC,26.5353,89.2277,Approved,Falakata1,East,Falakata,WEST BENGAL,TRUE,735211,,India
5220,RSC,26.3862,88.3434,Approved,Chopra,East,Bidhannagar,WEST BENGAL,TRUE,733207,,India
4722,RSC,25.4828,87.9531,Approved,Tulshihata,East,Tulshihata,WEST BENGAL,TRUE,732140,,India
6426,SC,30.8838783,75.9052736,Approved,LUD/EHV,North,Ludhiana,PUNJAB,TRUE,141010,FPT,India
5472,RSC,22.2822,87.7271,Approved,Moyna,East,Moyna,WEST BENGAL,TRUE,721629,,India
6896,RSC,23.57905,48.019039,Approved,Banihal,North,Doda,JAMMU AND KASHMIR,TRUE,182146,,India
4085,RSC,23.2829,86.740665,Approved,Bishpuria,East,Bishpuria,WEST BENGAL,TRUE,219229,,India
2599,RSC,26.0989,88.0314,Approved,Chakulia Hat,East,Chakulia Hat,WEST BENGAL,TRUE,733208,,India
2580,RSC,26.5333,88.9222,Approved,Maynaguri,East,Maynaguri,WEST BENGAL,TRUE,735224,,India
6848,RSC,24.003,88.2364,Approved,Sargachi,East,Murshidabad,WEST BENGAL,TRUE,742134,,India
6805,RSC,27.05259,88.27717,Approved,Lebong,East,Darjeeling,WEST BENGAL,TRUE,734105,,India
4206,RSC,31.118317,77.360435,Approved,Theog,North,THEOG,HIMACHAL PRADESH,TRUE,171201,,India
6578,RSC,26.0644,89.5686,Approved,Bamanhat,East,Basanti,WEST BENGAL,TRUE,995920,,India
4196,RSC,31.4587827,74.8983171,Approved,Chabhal,North,Chabhal,PUNJAB,TRUE,143301,,India
6547,RSC,26.4268,89.2772,Approved,Ghoksadanga,East,Falakata,WEST BENGAL,TRUE,539153,,India
6479,RSC,24.7183,87.5594,Approved,Hiranpur,East,Hiranpur,JHARKHAND,TRUE,454161,,India
6418,RSC,25.202872,87.368489,Approved,Meharma,East,Godda,JHARKHAND,TRUE,665025,,India
6416,RSC,26.4947,89.3696,Approved,Sonapur1,East,SonapurWB,WEST BENGAL,TRUE,730259,,India
706,RSC,31.864464,74.955923,Approved,Fatehgarh Churiyan,North,Fatehgarh Churiyan,PUNJAB,TRUE,143602,RSC/Fatehgarh Churiyan,India
6281,RSC,26.9096,88.8071,Approved,Matelli,East,Jalpaiguri,WEST BENGAL,TRUE,121845,,India
6471,RSC,1.28944,103.849983,Approved,Tissa,North,CHAMBA,HIMACHAL PRADESH,TRUE,176316,,India
6264,RSC,27.1868,88.504,Approved,Majhitar,East,Rangpo,SIKKIM,TRUE,152020,,India
4021,RSC,31.68665,76.96965,Approved,Mandi City,North,Mandi City,HIMACHAL PRADESH,TRUE,175001,,India
5110,RSC,30.643711,76.723191,Approved,Manauli,North,MOHALI,PUNJAB,TRUE,140306,Manauli,India
6243,RSC,22.2155,88.571,Approved,Hingalganj,East,Hingalganj,WEST BENGAL,TRUE,521792,,India
6242,RSC,23.24,87.9715,Approved,Ataghar,East,Purba Bardhaman,WEST BENGAL,TRUE,118016,,India
6036,RSC,22.129551,87.066955,Approved,Nayagram,East,Jhargram,WEST BENGAL,TRUE,666716,,India
6024,RSC,27.243654,88.598688,Approved,Pakyong,East,Pakyong,SIKKIM,TRUE,993690,,India
2485,RSC,32.6752919,76.0424486,Approved,Sundla,North,sundla,HIMACHAL PRADESH,TRUE,176312,,India
6023,RSC,26.5353,89.2277,Approved,Madari Road 1,East,Falakata,WEST BENGAL,TRUE,994150,,India
5871,RSC,11.674,92.7257,Approved,Phoenix Bay,East,Port Blair,ANDAMAN AND NICOBAR,TRUE,373152,,India
5759,RSC,26.1461,88.0305,Approved,Panjipara,East,North Dinajpur,WEST BENGAL,TRUE,610240,,India
5752,RSC,22.2782,87.8687,Approved,Nimtouri 1,East,Tamluk,WEST BENGAL,TRUE,838958,,India
5462,RSC,23.1621989,88.2480957,Approved,Baidyapur,East,Purba Bardhaman,WEST BENGAL,TRUE,895800,,India
5450,RSC,27.6343,88.4016,Approved,Mangan SK,East,Mangan,SIKKIM,TRUE,338040,,India
4982,RSC,24.0051,87.5198,Approved,Mohammad Bazar 2,East,Mohammad Bazar,WEST BENGAL,TRUE,731127,,India
3832,RSC,22.0657,87.589,Approved,Patashpur,East,patashpur,WEST BENGAL,TRUE,721454,,India
3681,RSC,26.8056,88.2771,Approved,Garidhura,East,Garidhura,WEST BENGAL,TRUE,734225,,India
3362,RSC,23.382,87.2419,Approved,Barjora,East,BARJORA,WEST BENGAL,TRUE,722202,,India
3245,RSC,22.5493,88.1194,Approved,Amta,East,AMTA WB,WEST BENGAL,TRUE,711401,,India
3040,RSC,26.5424,88.6048,Approved,Belakoba,East,Jalpaiguri,WEST BENGAL,TRUE,735133,,India
2839,RSC,23.6721,87.5198,Approved,Illambazar,East,ILLAMBAZAR,WEST BENGAL,TRUE,731214,,India
2327,RSC,22.5281,87.8501,Approved,Daspur,East,Daspur,WEST BENGAL,TRUE,721153,RSC/Daspur,India
2326,RSC,23.0178,87.5297,Approved,Mirjapur,East,Mirzapur WB,WEST BENGAL,TRUE,722154,RSC/Mirjapur,India
2072,RSC,27.0611,88.2362,Approved,Darjeeling1,East,Darjeeling,WEST BENGAL,TRUE,734101,RSC/Darjeeling1,India
2053,RSC,24.1556,88.0705,Approved,NABAGRAM,East,Murshidabad,WEST BENGAL,TRUE,742184,RSC/NABAGRAM,India
1638,RSC,21.76,68.94,Approved,Kishanganj1,East,Kishanganj BIH,WEST BENGAL,TRUE,855107,RSC/Kishanganj1,India
1052,RSC,30.748882,80.843539,Approved,Hasimara,East,Hasimara,WEST BENGAL,TRUE,735215,RSC/Hasimara,India
532,RSC,23.705669,86.994662,Approved,RSC/Durgapur,East,DURGAPUR,WEST BENGAL,TRUE,713212,RSC/Durgapur,India
5884,RSC,27.301018,88.234636,Approved,Pelling,East,Geyzing,SIKKIM,TRUE,737113,,India
5120,RSC,26.6315,89.7568,Approved,Hatipotha,East,Hatipotha,WEST BENGAL,TRUE,736201,,India
350,SC,22.4633678,88.3804681,Approved,CCU/NDP,East,Kolkata,WEST BENGAL,TRUE,700047,CCU/NDP,India
96,SC,22.5866367,88.4351017,Approved,CCU/NOR,East,Kolkata,WEST BENGAL,TRUE,700102,CCU/NOR,India
230,SC,23.705689,86.981234,Approved,Asansol,East,Asansol,WEST BENGAL,TRUE,713302,ASA,India
348,SC,22.712804,88.47625,Approved,CCU/BST,East,Kolkata,WEST BENGAL,TRUE,700124,CCU/BST,India
353,SC,21.27,71.9,Approved,Burdwan,East,Burdwan,WEST BENGAL,TRUE,713101,BDN,India
1826,SC,22.1912122,88.1880833,Approved,DiamondHarbour,East,Diamond Harbour,WEST BENGAL,TRUE,743331,DHB,India
1844,SC,26.7256706,883878037,Approved,Siliguri2,East,SILIGURI,WEST BENGAL,TRUE,734004,SLG2,India
2142,SC,21,67,Approved,Canning,East,Canning,WEST BENGAL,TRUE,743329,CNGH,India
2137,SC,21,67,Approved,Kalna,East,Purba Bardhaman,WEST BENGAL,TRUE,713122,KALN,India
2138,SC,24.4533072,88.0390037,Approved,Jangipur,East,Murshidabad,WEST BENGAL,TRUE,742225,JNG,India
2141,SC,21,67,Approved,Kandi,East,Murshidabad,WEST BENGAL,TRUE,742138,ANDI,India
1956,SC,21,79,Approved,Rangpo,East,Rangpo,SIKKIM,TRUE,737132,RGP,India
2368,SC,23.6614446,87.6884298,Approved,Santiniketan,East,Birbhum,WEST BENGAL,TRUE,731204,SKN,India
2592,SC,23.434355,45.42424,Approved,CCU/CHM/WHS,East,CHACHAL,WEST BENGAL,TRUE,711114,CCU/CHM/WHS,India
3506,SC,27.04,88.26,Approved,Darjeeling2,East,Darjeeling,WEST BENGAL,TRUE,734101,DAR2,India
3516,SC,22.72,88.47,Approved,Barasat,East,Kolkata,WEST BENGAL,TRUE,700124,BSE,India
3749,SC,22.57,88.36,Approved,CCU/IB1-EHV,East,Kolkata,WEST BENGAL,TRUE,700105,DHA1,India
3685,RSC,22.332,87.8844,Approved,Netaji nagar,East,Netajinagar,WEST BENGAL,TRUE,721649,,India
3935,SC,22.59,88.26,Approved,Howrah-EHV,East,HOWRAH,WEST BENGAL,TRUE,711104,HWRH,India
3934,SC,22.86,88.36,Approved,Chandannagar-EHV,East,Chandannagar,WEST BENGAL,TRUE,712101,CDNN,India
4691,SC,22.49,88.41,Approved,CCU/MKD-TML,East,Kolkata,WEST BENGAL,TRUE,700099,CCU/MKD-TML,India
4819,SC,22.49,88.38,Approved,SOUTH KOL EHV-TML,East,Kolkata,WEST BENGAL,TRUE,700075,KEHV,India
5039,SC,22.59,88.41,Approved,North Kol EHV-TML,East,Kolkata,WEST BENGAL,TRUE,700052,NOML,India
4987,SC,22.54,88.37,Approved,CCU/TLJ-TML,East,Kolkata,WEST BENGAL,TRUE,700046,CCU/TLJ-TML,India
4937,SC,22.63,88.41,Approved,DDM-TML,East,Kolkata,WEST BENGAL,TRUE,700028,DMTM,India
5180,SC,22.592561,88.410014,Approved,GirishPark-TML,East,Kolkata,WEST BENGAL,TRUE,700007,GPTM,India
5347,SC,22.7094338,88.4854052,Approved,CCU/KDP-TML,East,Kolkata,WEST BENGAL,TRUE,700023,CCU/KDP-TML,India
6952,SC,22.54266,88.41712,Approved,CCU/IB1-ICT,East,Kolkata,WEST BENGAL,TRUE,700105,CCU/IB1-ICT,India
4644,Terminal,22.47,88.37,Approved,CCU/RMG-TML,East,Kolkata,WEST BENGAL,TRUE,700047,CCU/RMG-TML,India
4935,Terminal,22.31,88.23,Approved,Picnic Garden-TML,East,Kolkata,WEST BENGAL,TRUE,700039,PCGA,India
6069,SC,22.7094338,88.4854052,Approved,Khidirpur-TML,East,Kolkata,WEST BENGAL,TRUE,700023,KHID,India
1903,SC,23.2621764,88.4369519,Approved,Santipur,East,Nadia,WEST BENGAL,TRUE,741404,STB,India
3747,SC,22.57,88.36,Approved,CCU/DDM - EHV,East,Kolkata,WEST BENGAL,TRUE,700080,CCU/DDM - EHV,India
6046,SC,22.7094338,88.4854052,Approved,CCU/Kakurgachi-TML,East,Kolkata,WEST BENGAL,TRUE,700054,CCU/Kakurgachi-TML,India
6312,SC,22.588665,88.3632436,Approved,CCU/GPK-TML,East,Kolkata,WEST BENGAL,TRUE,700006,CCU/GPK-TML,India
5258,SC,22.7094338,88.4854052,Approved,Duttapukur-TML,East,Barasat,WEST BENGAL,TRUE,743248,DUTL,India
5244,SC,22.5248336,88.3636005,Approved,CCU/BALLYGUNGE-TML,East,Kolkata,WEST BENGAL,TRUE,700019,CCU/BALLYGUNGE-TML,India
5148,SC,22.592561,88.410014,Approved,Nimta-TML,East,Kolkata,WEST BENGAL,TRUE,700049,NIML,India
5138,SC,22.487705,88.3870647,Approved,CCU/SANTOSHPUR-TML,East,Kolkata,WEST BENGAL,TRUE,700075,CCU/SANTOSHPUR-TML,India
4936,SC,22.69,88.45,Approved,Madhyamgram-TML,East,Kolkata,WEST BENGAL,TRUE,700130,MDML,India
4873,SC,22.54,88.28,Approved,BATA/METIABRUZ-TML,East,BATANAGAR,WEST BENGAL,TRUE,700024,BATA/METIABRUZ-TML,India
4685,SC,22.61,88.45,Approved,CCU/Noapara-TML,East,Kolkata,WEST BENGAL,TRUE,700157,CCU/Noapara-TML,India
6635,RSC,27.4187,75.0845,Approved,Patoda RJ,North,Patoda RJ,RAJASTHAN,TRUE,332023,,India
6787,RSC,24.3658,76.3,Approved,Ratlai,North,Ratlai,RAJASTHAN,TRUE,326022,,India
6297,RSC,25.3007,72.383072,Approved,Sayla RJ,North,Sayla,RAJASTHAN,TRUE,343022,,India
1790,Hub,26.821045,75.7996,Approved,JAI/APT,North,Jaipur,RAJASTHAN,TRUE,302013,SAR,India
2001,Hub,23,79,Approved,HYD/GHS,South-1,Hyderabad,HARYANA,TRUE,111111,HYD/GHS,India
2272,Hub,23.434355,45.42424,Approved,HYD/DMG,South-1,Hyderabad,TELANGANA,TRUE,556661,HYD/DMG,India
2411,Transportation-H,26.14,91.73,Approved,GAU/HV1,North East,Guwahati,ASSAM,TRUE,781035,GAU/HV1,India
7191,Hub,24.051855,92.199734,Approved,TRP/KNC,North East,Kanchanpur,TRIPURA,TRUE,799270,TRP/KNC,India
9363,HO/RO,12.91965427,77.49966145,Approved,PNQ/DummyTest11,West,PUNE,MAHARASHTRA,TRUE,999002,PNQ/DummyTest11,India
9791,Terminal,12.91530402,77.51386642,Approved,DummyTestIsNDRFlag,West,PUNE,MAHARASHTRA,TRUE,999002,DummyTestIsNDRFlag,India
9784,RSC,27.1619908,94.8901674,Approved,HAL/NAK/LM1,North East,Moran,ASSAM,TRUE,785675,Nakful,India
1745,SC,20.297915,85.8520218,Approved,BBN/MIE,East,Bhubaneswar,Odisha,TRUE,751025,BBN/MIE,India
602,SC,22.563599,88.4002489,Approved,CCU/SAL,East,Kolkata,WEST BENGAL,TRUE,700010,CCU/SAL,India
352,SC,22.4958461,88.3063116,Approved,CCU/BLA,East,Kolkata,WEST BENGAL,TRUE,700034,CCU/BLA,India
4830,SC,26.13,91.77,Approved,GAU/KHP-TML,North East,Guwahati,ASSAM,TRUE,781019,GHY/KHP-TML,India
260,SC,25.601926,85.156374,Approved,PAT/KKB,East,Patna,BIHAR,TRUE,800020,PAT/KKB,India
9021,SC,26.320954,73.084545,Approved,JOD/CITY,North,Jodhpur,RAJASTHAN,TRUE,342027,Gayatri Nagar,India
9547,SC,26.91346,75.72921,Approved,JAI/VSH/HV,North,Jaipur,RAJASTHAN,TRUE,302021,Panchyawala,India
9548,RVP,26.91346,75.72921,Approved,JAI/VSH/RP,North,Jaipur,RAJASTHAN,TRUE,302021,Panchyawala,India
9551,SC,26.970096,76.786972,Approved,BLJ/BLJ/HV,North,Balaji,RAJASTHAN,TRUE,303509,Balaji,India
9552,RVP,26.970096,76.786972,Approved,BLJ/BLJ/RP,North,Balaji,RAJASTHAN,TRUE,303509,Balaji,India
4607,SC,22.79,88.68,Approved,BST/HBR-TML,East,Barasat,WEST BENGAL,TRUE,743271,CCU/HBR-TML,India
4892,SC,22.48,88.45,Approved,CCU/SONARPUR-TML,East,Kolkata,WEST BENGAL,TRUE,700150,CCU/SONARPUR-TML,India
5192,SC,22.592561,88.410014,Approved,Siliguri-TML,East,SILIGURI,WEST BENGAL,TRUE,734013,SITM,India
1820,SC,23.9087551,87.5253213,Approved,Suri,East,Suri,WEST BENGAL,TRUE,731101,SURI,India
1119,RSC,27,78,Approved,Dalkhola,East,DALKHOLA,WEST BENGAL,TRUE,733201,RSC/Dalkhola,India
4662,RSC,22.1709,88.3919,Approved,Mathurapur,East,Mathurapur,WEST BENGAL,TRUE,743395,,India
551,RSC,21.76,71.67,Approved,RSC/Burdwan,East,Burdwan,WEST BENGAL,TRUE,713103,RSC/Burdwan,India
2325,RSC,22.069,87.8255,Approved,Chandipur,East,MIDNAPORE,WEST BENGAL,TRUE,721659,RSC/Chandipur,India
2754,RSC,23.8122,87.3612,Approved,Dubrajpur,East,DUBRAJPUR,WEST BENGAL,TRUE,731123,,India
3043,RSC,26.7031,88.2169,Approved,Naxalbari,East,NAXALBARI,WEST BENGAL,TRUE,734429,,India
3054,RSC,23.1389,87.668,Approved,Indas,East,INDAS,WEST BENGAL,TRUE,722205,,India
3064,RSC,23.0042,88.3142,Approved,Mogra,East,MOGRA,WEST BENGAL,TRUE,904866,,India
3162,RSC,23.311674,86.958786,Approved,Chhatan,East,Bankura,WEST BENGAL,TRUE,722132,,India
3253,RSC,22.208,88.5372,Approved,Joynagar,East,JOYNAGAR,WEST BENGAL,TRUE,743337,,India
3255,RSC,22.257,88.6916,Approved,Canning1,East,Canning,WEST BENGAL,TRUE,743329,,India
3311,RSC,22.9203,88.2656,Approved,Dhaniakhali,East,MAJINAN,WEST BENGAL,TRUE,712410,,India
3571,RSC,26.9639,88.3531,Approved,Rambi Bazar,East,RAMBI BAZAR,WEST BENGAL,TRUE,734313,,India
3652,RSC,25.03319,87.59161,Approved,Borio,East,Borio,JHARKHAND,TRUE,816120,,India
3784,RSC,24.26578,88.6713,Approved,Sagarpara,East,Sagarpara,WEST BENGAL,TRUE,742306,,India
3789,RSC,21.9998,88.0021,Approved,Nandigram,East,Nandigram WB,WEST BENGAL,TRUE,721625,,India
3833,RSC,23.749493,87.02297,Approved,Domahani Bazar,East,Domahani,WEST BENGAL,TRUE,713334,,India
3978,RSC,22.3798,87.1223,Approved,Lodhasuli,East,Lodhasuli,WEST BENGAL,TRUE,721513,,India
3980,RSC,21.898252,88.1730465,Approved,Gangasagar,East,Gangasagar,WEST BENGAL,TRUE,743347,,India
4294,RSC,25.0573,88.0314,Approved,Amrity,East,Amrity,WEST BENGAL,TRUE,732208,,India
4322,RSC,23.5094,86.4794,Approved,Dubra,East,Para,WEST BENGAL,TRUE,723155,,India
4363,RSC,22.4246,87.6877,Approved,Panskura,East,Panskura,WEST BENGAL,TRUE,721139,,India
4392,RSC,22.835,88.3652,Approved,Bhadreswar,East,Bhadreswar,WEST BENGAL,TRUE,712125,,India
4535,RSC,23.9897,87.3116,Approved,Rajnagar WB,East,Rajnagar WB,BIHAR,TRUE,731130,,India
4649,RSC,22.4944,88.5759,Approved,Bhangar,East,Bhangar,WEST BENGAL,TRUE,743502,,India
4975,RSC,22.2432,88.4695,Approved,Baharu,East,JOYNAGAR,WEST BENGAL,TRUE,743372,,India
4978,RSC,23.5231,87.9041,Approved,Mangalkot,East,Mangalkot,WEST BENGAL,TRUE,968865,,India
5057,RSC,21.9998,88.0021,Approved,Mahammadpur,East,Nandigram WB,WEST BENGAL,TRUE,721631,,India
5058,RSC,26.5869,88.3531,Approved,Phansidewa,East,Fulbari Hat,WEST BENGAL,TRUE,734434,,India
5213,RSC,23.9897,87.3116,Approved,Rajnagar1 WB,East,Rajnagar WB,WEST BENGAL,TRUE,335221,,India
449,RSC,25.2372834,88.7830612,Approved,Balurghat,East,Balurghat,WEST BENGAL,TRUE,733102,RSC/Balurghat,India
2472,RSC,23.0466,87.1223,Approved,Ratanpur,East,Ratanpur,WEST BENGAL,TRUE,859148,,India
5600,RSC,25.0393,88.11951,Approved,Dobandi,East,Nimtouri,WEST BENGAL,TRUE,751982,,India
5601,RSC,22.3678924,88.2664761,Approved,Kanyanagar,East,Amtala,WEST BENGAL,TRUE,843735,,India
5760,RSC,22.008802,87.539099,Approved,Pataspur,East,EGRA,WEST BENGAL,TRUE,721439,,India
5761,RSC,27.29196,88.5903,Approved,Ranipool SK,East,GANGTOK,SIKKIM,TRUE,753461,,India
6037,RSC,22.14027,87.891939,Approved,Narghat,East,Purba Medinipur,WEST BENGAL,TRUE,721633,,India
6558,RSC,22.1939,87.4009,Approved,Narayangarh,East,Kharagpur,WEST BENGAL,TRUE,553851,,India
5185,RSC,24.1065,87.9531,Approved,Nagar.,East,Nagar,WEST BENGAL,TRUE,742159,,India
2598,RSC,22.5515,87.8206,Approved,Sonakhali,East,Sonakhali,WEST BENGAL,TRUE,721211,,India
3413,RSC,22.4223,87.5297,Approved,Debra,East,DEBRA,WEST BENGAL,TRUE,721160,,India
4418,RSC,21.7533,87.8304,Approved,Junput,East,JUNPUT,WEST BENGAL,TRUE,721450,,India
4738,RSC,23.6734,87.5989,Approved,Sriniketan,East,BOLPUR,WEST BENGAL,TRUE,731236,,India
3780,RSC,26.667196,88.413283,Approved,Fulbarihat,East,Fulbari Hat,WEST BENGAL,TRUE,462099,,India
4807,RSC,23.074,88.4477,Approved,Dumurdaha,East,Dumurdaha,WEST BENGAL,TRUE,712515,,India
2302,RSC,25.2331,87.8844,Approved,Ratua,East,Ratua,WEST BENGAL,TRUE,732205,RSC/Ratua,India
1118,RSC,25.27,71.9,Approved,Buniadpur,East,GANGARAMPUR,WEST BENGAL,TRUE,733124,RSC/Buniadpur,India
4140,RSC,23.4108326,86.1705829,Approved,Dumurdih,East,Dumurdih,WEST BENGAL,TRUE,723201,,India
4230,RSC,26.08177,88.0727,Approved,Goalpokher,East,Goalpokher,WEST BENGAL,TRUE,733210,,India
9034,SC,32.995307,75.703742,Approved,BHADERWAH,North,Bhaderwah,JAMMU AND KASHMIR,TRUE,182222,BHADERWAH,India
4613,RSC,30.70522,75.03703,Approved,Bagha Purana,North,Bagha Purana,PUNJAB,TRUE,142038,,India
2098,RSC,32.2745124,75.8675876,Approved,Jassur,North,Jassur,HIMACHAL PRADESH,TRUE,176201,RSC/Jassur,India
2654,RSC,31.61021752,75.19560257,Approved,Beas,North,BEAS,PUNJAB,TRUE,143201,,India
6570,RSC,30.3267,76.4003,Approved,Bahadurgarh PB,North,Patiala,PUNJAB,TRUE,147021,,India
818,RSC,16.367497,76.931367,Approved,Dhuri,North,Dhuri,PUNJAB,TRUE,148024,RSC/Dhuri,India
3811,RSC,34.1016031,74.4825944,Approved,Baramulla JK,North,Baramulla,JAMMU AND KASHMIR,TRUE,193101,,India
4616,RSC,31.05833,76.28546,Approved,Balachaur,North,Balachaur,PUNJAB,TRUE,144521,Balachaur,India
3989,RSC,31.6005,74.6033,Approved,Attari,North,Attari,PUNJAB,TRUE,143107,,India
669,RSC,31.818324,75.207064,Approved,Batala,North,Batala,PUNJAB,TRUE,143505,RSC/Batala,India
2085,RSC,31.813232,75.6637315,Approved,Dasuya,North,Mukerian,PUNJAB,TRUE,144205,RSC/Dasuya,India
877,RSC,17.91488,73.863035,Approved,Barnala,North,Barnala,PUNJAB,TRUE,148101,RSC/Barnala,India
3624,RSC,31.0262187,75.7878214,Approved,Phillaur,North,Phillaur,PUNJAB,TRUE,144410,,India
6214,RSC,31.822701,75.377296,Approved,Quadian,North,Batala,PUNJAB,TRUE,143516,,India
5738,RSC,30.03795,76.78535,Approved,Ladwa,North,LADWA,HARYANA,TRUE,136132,,India
3807,RSC,32.032185,75.030449,Approved,Dera Baba Nanak,North,Dera Baba Nanak,PUNJAB,TRUE,143604,,India
6298,RSC,30.0379,76.7853,Approved,Kaul,North,Kaithal,HARYANA,TRUE,136021,,India
9538,SC,30.21406,75.31584,Approved,BNL/BNL/RP,North,Barnala,PUNJAB,TRUE,148101,Rahi Basti,India
9537,SC,30.21406,75.31584,Approved,BNL/BNL/HV,North,Barnala,PUNJAB,TRUE,148101,Rahi Basti,India
590,SC,30.18817154,74.49933674,Approved,MALOUT,North,MALOUT,PUNJAB,TRUE,152107,MLT,India
9750,RSC,22.4886276,92.9766123,Approved,HKD/SAA/LM1,North East,Hailakandi,ASSAM,TRUE,788151,Saiha,India
4430,RSC,25.0378,86.8822,Approved,Amarpur BH,East,Amarpur BH,BIHAR,TRUE,813101,,India
1137,RSC,25.27,78,Approved,Govindpur,East,GOVINDPUR,JHARKHAND,TRUE,828109,RSC/Govindpur,India
2100,RSC,20.4915,85.664,Approved,Athagarh,East,Athagarh,Odisha,TRUE,791074,RSC/Athagarh,India
9075,RSC,10.576878,79.757311,Approved,Vedharanyam/LM,South-2,Trichy,TAMIL NADU,TRUE,614712,Vedharanyam,India
9305,RSC,9.83932,77.154832,Approved,KPN/QLR/LM1,South-2,Kattapana,KERALA,TRUE,685553,Kallar,India
5252,RSC,10.686903,78.116232,Approved,Gujiliyamparai,South-2,Karur,TAMIL NADU,TRUE,624703,,India
2549,RSC,10.0791,76.2105,Approved,VYIPN,South-2,vypin,KERALA,TRUE,683511,,India
6137,RSC,9.404667,76.669333,Approved,VENNIKULAM,South-2,Pathanamthitta,KERALA,TRUE,689544,,India
5728,RSC,9.464139,76.557639,Approved,VAKATHANAM,South-2,Kottayam,KERALA,TRUE,686106,,India
6166,RSC,10.83129409,77.06299472,Approved,Vadasithur,South-2,Pollachi,TAMIL NADU,TRUE,638182,,India
6319,RSC,11.41376,79.18195,Approved,ULUNDURPETTAI1,South-2,ulundurpettai,TAMIL NADU,TRUE,606107,,India
2690,RSC,11.3806,77.8944,Approved,Tiruchengode1,South-2,Thiruparankundram,TAMIL NADU,TRUE,637211,,India
2356,RSC,9.908899,76.271693,Approved,THOPPUMPADI,South-2,THOPPUMPADI,KERALA,TRUE,673310,RSC/THOPPUMPADI,India
9748,Hub LH,30.3414,76.8366,Approved,AMBALA HUB,North,AMBALA,HARYANA,TRUE,134007,Ambala,India
9749,Hub LH,26.7761,80.8808,Approved,LUCKNOW TP NAGAR BRANCH,North,Lucknow,UTTAR PRADESH,TRUE,226012,TRANSPORT NAGAR,India
5718,RSC,10.2146,79.11448,Approved,Thiruchittrambalam,South-2,PERAVURANI,TAMIL NADU,TRUE,614628,Thiruchittrambalam,India
4317,RSC,10.2908,77.44473,Approved,Sri Ramapuram,South-2,Sri Rampuram,TAMIL NADU,TRUE,624619,,India
6205,RSC,12.5165,78.0304,Approved,Rayakottai1,South-2,Rayakottai,TAMIL NADU,TRUE,625001,,India
4544,RSC,16.4941,74.7747,Approved,Raibag,South-2,Belguam,KARNATAKA,TRUE,591317,,India
2621,RSC,10.0874,76.5094,Approved,Pulluvazhi,South-2,PULLUVAZHI,KERALA,TRUE,683542,,India
6320,RSC,11.23525,78.03034,Approved,PUDUCHATRAM,South-2,Namakkal,TAMIL NADU,TRUE,637410,,India
1612,RSC,21.76,68.94,Approved,Perundurai1,South-2,Salem,TAMIL NADU,TRUE,638052,RSC/Perundurai1,India
5407,RSC,11.2733133,77.409633,Approved,Perumanallur,South-2,Tirupur,TAMIL NADU,TRUE,641666,,India
4396,RSC,10.503566,79.664918,Approved,Peravurani,South-2,PERAVURANI,TAMIL NADU,TRUE,614716,,India
3491,RSC,10.5496,76.3352,Approved,PATTIKKAD,South-2,PATTIKKAD,KERALA,TRUE,680652,,India
4247,RSC,9.610408,76.319489,Approved,Pathirappally,South-2,Pathirappally,KERALA,TRUE,690548,,India
5892,RSC,11.0652,78.00045,Approved,Paramathi,South-2,Salem,TAMIL NADU,TRUE,638182,,India
4428,RSC,9.3957,78.108,Approved,Panthalkudi,South-2,Panthalkudi,TAMIL NADU,TRUE,626113,,India
4629,RSC,10.9956,77.2852,Approved,Palladam,South-2,Palladam,TAMIL NADU,TRUE,642206,,India
4435,RSC,8.9077,78.021,Approved,Ottapidaram,South-2,Ottapidaram,TAMIL NADU,TRUE,628002,,India
2124,RSC,8.823397,76.883008,Approved,NILAMEL,South-2,Nilamel,KERALA,TRUE,695602,RSC/NILAMEL,India
4601,RSC,10.814953,71.710662,Approved,Needamangalam,South-2,Tiruvarur,TAMIL NADU,TRUE,614404,,India
2526,RSC,10.08707,76.291062,Approved,Muppathadam,South-2,Muppathadam,KERALA,TRUE,680614,,India
7055,RSC,10.214722,76.450944,Approved,Mukkanur,South-2,Manjapara,KERALA,TRUE,683581,,India
4853,RSC,11.315806,77.728283,Approved,Moolapalayam,South-2,ODDANCHATRAM,TAMIL NADU,TRUE,638002,,India
4406,RSC,14.2745,76.0798,Approved,Mayakonda,South-2,Mayakonda,KARNATAKA,TRUE,577534,,India
4539,RSC,10.9104,78.6998,Approved,Manachanallur,South-2,manachanallur,TAMIL NADU,TRUE,621009,,India
4368,RSC,11.8319,75.5655,Approved,Kuthuparamba2,South-2,Kuthuparamba,KERALA,TRUE,670643,,India
4105,RSC,10.147143,76.508114,Approved,KURUPPAMPADI,South-2,KURUPPAMPADI,KERALA,TRUE,683546,,India
2801,RSC,11.4408881,77.6954231,Approved,Kumarapalayam,South-2,KUMARAPALAYAM,TAMIL NADU,TRUE,638183,,India
3493,RSC,10.0603,76.6352,Approved,KOTHAMANGALAM,South-2,KOTHAMANGALM,KERALA,TRUE,686691,,India
3781,RSC,16.4173,75.6917,Approved,Korthi Kolhar,South-2,Korthi Kolar,KARNATAKA,TRUE,586210,,India
4947,RSC,10.77611,76.154371,Approved,Kootupatha,South-2,PALAKKAD,KERALA,TRUE,679533,,India
2444,RSC,9.9783,76.4739,Approved,Kolencherry,South-2,Kolenchery,KERALA,TRUE,682305,,India
4292,RSC,11.16553,77.45488,Approved,Kodumudi,South-2,Kodumudi,TAMIL NADU,TRUE,638104,,India
6218,RSC,9.090791,76.75571,Approved,KODUMON,South-2,Pathanamthitta,KERALA,TRUE,691526,,India
5727,RSC,10.276922,79.198279,Approved,Keeramangalam,South-2,Trichy,TAMIL NADU,TRUE,614804,,India
6247,RSC,9.034728,76.600343,Approved,KARUNAGAPALLI1,South-2,Karunagappally,KERALA,TRUE,690573,,India
2040,RSC,21,65,Approved,Karukutty,South-2,karukutty,KERALA,TRUE,683576,RSC/Karukutty,India
6368,RSC,10.22647114,76.374428,Approved,KARAYAMPARAMBU,South-2,karukutty,KERALA,TRUE,683576,,India
9129,RSC,9.2932,76.6441,Approved,KARAKKAD RSC,South-2,Pathanamthitta,KERALA,TRUE,689504,KARAKKAD,India
5365,RSC,8.893499,76.671397,Approved,Kannanalloor,South-2,MUKATHALA,KERALA,TRUE,691577,,India
3383,RSC,8.9727,76.6694,Approved,Kanjiracode,South-2,KANJIRACODE,TAMIL NADU,TRUE,629168,,India
6424,RSC,9.99977778,76.35219444,Approved,KAKANAD,South-2,Kakkanad,KERALA,TRUE,682037,,India
4173,RSC,11.52189,78.05118,Approved,KADAYAMPATTI,South-2,Omalur,TAMIL NADU,TRUE,636351,KADAYAMPATTI,India
4124,RSC,11.2143,11.2143,Approved,Jeyamkondam,South-2,JEYAMKONDAM,TAMIL NADU,TRUE,621802,,India
4337,RSC,17.2421679,82.3304057,Approved,NAGULAPALLE,South-1,NAGULAPALLE,ANDHRA PRADESH,TRUE,533444,,India
4420,RSC,14.8411,75.7168,Approved,Holala,South-2,Holala,KARNATAKA,TRUE,583217,,India
5819,RSC,12.02393,78.29132,Approved,Harur1,South-2,HARUR,TAMIL NADU,TRUE,636903,,India
5670,RSC,11.502995,76.491722,Approved,Gudalur,South-2,Gudalur,TAMIL NADU,TRUE,643212,,India
2837,RSC,8.2068,77.3281,Approved,ERANIEL,South-2,ERANIEL,TAMIL NADU,TRUE,629810,,India
4604,RSC,9.8235,76.3111,Approved,Eramalloor,South-2,Allapey,KERALA,TRUE,688537,,India
4663,RSC,11.640984,78.074394,Approved,Elampalli,South-2,Salem,TAMIL NADU,TRUE,637502,,India
3579,RSC,10.0822,76.3828,Approved,EDATHALA,South-2,EDATHALA,KERALA,TRUE,683112,,India
5975,RSC,10.025056,76.301722,Approved,EDAPALLY,South-2,Ernakulam,KERALA,TRUE,682033,,India
6059,RSC,16.8148,76.0638,Approved,Devarhipparagi,South-2,Bijapur,KARNATAKA,TRUE,586104,,India
5724,RSC,11.11269,79.172237,Approved,Dalmiyapuram,South-2,Trichy,TAMIL NADU,TRUE,621704,,India
6257,RSC,10.042056,76.321167,Approved,CUSAT,South-2,Ernakulam,KERALA,TRUE,683561,,India
4564,RSC,16.7445547,77.610063,Approved,MADDURTG,South-1,MADDURTG,TELANGANA,TRUE,509210,,India
3318,RSC,10.0351,78.4637,Approved,Chettinadu,South-2,KARAIKUDI,TAMIL NADU,TRUE,630001,Chettinadu,India
6062,RSC,8.896901,76.837585,Approved,CHERUVAKKAL1,South-2,Cheruvakkal,KERALA,TRUE,691533,,India
4338,RSC,15.7778272,79.6325157,Approved,KURICHEDU AP,South-1,KURICHEDU,ANDHRA PRADESH,TRUE,523247,,India
4366,RSC,17.2566212,77.5850033,Approved,DHARUR TG,South-1,DHARUR TG,TELANGANA,TRUE,501121,,India
2424,RSC,9.685877,76.3493,Approved,Cherthala,South-2,Cherthala,KERALA,TRUE,688539,,India
2438,RSC,8.545525,76.942188,Approved,Chengannur,South-2,CHENGANNUR,KERALA,TRUE,689122,,India
5476,RSC,9.79375,76.415361,Approved,CHEMPU,South-2,Kottayam,KERALA,TRUE,686608,,India
5408,RSC,9.482747,76.525297,Approved,Changanassery,South-2,Kuttanad,KERALA,TRUE,686101,,India
9744,Hub PC,26.77803,80.86233,Approved,Meesho/UPH/FM1,North,Lucknow,UTTAR PRADESH,TRUE,226008,Sarojini Nagar,India
6075,RSC,14.5613,74.9443,Approved,Banavasi,South-2,Sirsi,KARNATAKA,TRUE,581318,,India
1907,RSC,16.1783,75.6611,Approved,Bagalkot1,South-2,Bagalkot,KARNATAKA,TRUE,587102,RSC/Bagalkot1,India
3488,RSC,15.9563,76.1146,Approved,Athani1,South-2,ATHANI,KARNATAKA,TRUE,591304,,India
2041,RSC,8.35281,77.0235,Approved,Aryanadu1,South-2,Aryanadu,KERALA,TRUE,695541,RSC/Aryanadu1,India
6246,RSC,11.143556,77.134833,Approved,Arasur,South-2,Tirupur,TAMIL NADU,TRUE,641659,,India
3270,RSC,10.10213,78.59471,Approved,ARANTHANGI,South-2,ARANTHANGI TN,TAMIL NADU,TRUE,614616,,India
4676,RSC,11.231169,77.719363,Approved,Arachalur,South-2,Arachalur,TAMIL NADU,TRUE,638005,,India
3818,RSC,11.231406,77.105339,Approved,Annur,South-2,ANNUR,TAMIL NADU,TRUE,638459,,India
6780,RSC,10.179025,76.424392,Approved,Angamaly,South-2,Aluva,KERALA,TRUE,683574,,India
5617,RSC,8.916418,76.638086,Approved,Anchalummood,South-2,Kollam,KERALA,TRUE,691005,,India
7267,RSC,9.031108966,76.55562058,Approved,ALUMKADAVU,South-2,Karunagappally,KERALA,TRUE,690519,,India
6661,RSC,10.168687,76.391992,Approved,ALUVA,South-2,Ernakulam,KERALA,TRUE,683572,,India
4375,RSC,25.6635,87.4009,Approved,Gerabari,East,Gerabari,BIHAR,TRUE,854104,,India
9727,Hub TSP,13.14103,77.834489,Approved,BLR/DMG/BB1,South-2,BANGALORE,KARNATAKA,TRUE,562122,begur,India
9731,Hub TSP,22.6322704,88.30002464,Approved,CCU/DMG/BB1,East,Kolkata,WEST BENGAL,TRUE,712223,Hooghly,India
9723,SC,23.269564,87.822441,Approved,BRN/BRN/BB1,East,Burdwan,WEST BENGAL,TRUE,713101,BURDWAN,India
2873,RSC,25.584042,83.577019,Approved,Ghahmar,North,Ghahmar,UTTAR PRADESH,TRUE,232333,,India
5024,RSC,25.418901,83.211784,Approved,Chahniya,North,Chandauli,UTTAR PRADESH,TRUE,232120,,India
3197,RSC,25.894,81.8334,Approved,Raniganj,North,RANIGUNJ UP,UTTAR PRADESH,TRUE,230002,,India
5008,RSC,26.11798,81.61029,Approved,Atheha,North,Pratapgarh,UTTAR PRADESH,TRUE,230139,,India
4861,RSC,25.432571,81.851311,Approved,Malaka,North,Phoolpur,UTTAR PRADESH,TRUE,212109,,India
4272,RSC,25.8514,82.9873,Approved,Masirpur,North,Masirpur,UTTAR PRADESH,TRUE,276202,,India
4164,RSC,25.620314,83.741841,Approved,Mohammadabad,North,MOHAMMADABAD,UTTAR PRADESH,TRUE,233227,,India
2774,RSC,26.449078,80.558357,Approved,Saidpur,North,SAIDPUR,UTTAR PRADESH,TRUE,233221,,India
4015,RSC,25.260456,83.266266,Approved,Chakiya,North,Chakiya,UTTAR PRADESH,TRUE,232103,,India
2448,RSC,25.8217363,81.7732775,Approved,Jethwra,North,Jethwara,UTTAR PRADESH,TRUE,230129,,India
2638,RSC,25.4146599,81.8440082,Approved,Sahson,North,SAHSON,UTTAR PRADESH,TRUE,211019,,India
9077,RSC,25.436725,81.469964,Approved,Nibi/LM,North,Damanjodi,UTTAR PRADESH,TRUE,212216,Nibi,India
5440,RSC,27.3955,78.031,Approved,Sadabad,North,Hathras,UTTAR PRADESH,TRUE,281306,,India
3564,RSC,28.789221,78.082308,Approved,Garh Mukteshwar,North,Garh Mukteshwar,UTTAR PRADESH,TRUE,245205,,India
1802,RSC,21.76,68.94,Approved,Jaitu1,North,Jaitu,PUNJAB,TRUE,151202,RSC/Jaitu1,India
5424,RSC,27.2384,78.7478,Approved,Sikandarrao,North,Hathras,UTTAR PRADESH,TRUE,204215,,India
5636,RSC,27.3503,78.1792,Approved,Anwal Khera,North,Agra,UTTAR PRADESH,TRUE,283201,,India
4045,RSC,26.871505,78.591,Approved,BAAH,North,Baah,UTTAR PRADESH,TRUE,283104,,India
5943,RSC,29.7788,77.2606,Approved,Gangoh,North,SAHARANPUR,UTTAR PRADESH,TRUE,247341,,India
9539,SC,27.02088,79.90314,Approved,KJN/KJN/HV,North,Kannauj,UTTAR PRADESH,TRUE,209727,Pal Chauraha,India
9540,RVP,27.02088,79.90314,Approved,KJN/KJN/RP,North,Kannauj,UTTAR PRADESH,TRUE,209727,Pal Chauraha,India
9553,SC,25.594076,81.849539,Approved,ALD/SRN/HV,North,Allahabad,UTTAR PRADESH,TRUE,212502,Soraon,India
9554,RVP,25.594076,81.849539,Approved,ALD/SRN/RP,North,Allahabad,UTTAR PRADESH,TRUE,212502,Soraon,India
9116,RSC,25.421578,83.570851,Approved,Dildarnagar/LM,North,Ghazipur,UTTAR PRADESH,TRUE,232329,Dildarnagar,India
4023,RSC,25.3703487,83.2909486,Approved,Dhanapur,North,Dhanapur,UTTAR PRADESH,TRUE,232110,,India
2591,RSC,25.35334,82.222044,Approved,HANDIA,North,Handia,UTTAR PRADESH,TRUE,221502,,India
6299,RSC,26.19125,83.2367,Approved,Azampur,North,Azamgarh,UTTAR PRADESH,TRUE,276121,,India
2999,RSC,25.5501747,82.0874539,Approved,Phoolpur,North,Phoolpur,UTTAR PRADESH,TRUE,212402,,India
4006,RSC,25.70635,83.35875,Approved,Jekhaniya,North,Jekhaniya,UTTAR PRADESH,TRUE,275203,,India
4009,RSC,25.30907,82.97412,Approved,Raja Talab,North,Raja Talab,UTTAR PRADESH,TRUE,221311,,India
4469,RSC,25.892201,81.933096,Approved,Vishwanathganj,North,Vishwanathganj,UTTAR PRADESH,TRUE,230404,,India
4626,RSC,25.371089,81.858733,Approved,NAINI1,North,Naini,UTTAR PRADESH,TRUE,211008,,India
3721,RSC,26.0434,82.604,Approved,Shahganj,North,Shahganj,UTTAR PRADESH,TRUE,233101,,India
3724,RSC,25.8629819,72.285988,Approved,Mungra Badshahpur,North,Mungra Badshahpur,UTTAR PRADESH,TRUE,222201,,India
4110,RSC,25.112928,82.275552,Approved,Manda,North,Manda,UTTAR PRADESH,TRUE,212303,,India
4278,RSC,25.60825,81.849686,Approved,Soraon,North,Soraon,UTTAR PRADESH,TRUE,211013,,India
9111,RSC,25.966105,83.874013,Approved,NAGRA/LM,North,RASRA,UTTAR PRADESH,TRUE,221711,NAGRA,India
9266,RSC,24.934959,82.671552,Approved,MIR/MAR/LM,North,Mirzapur,UTTAR PRADESH,TRUE,231310,Marihan,India
5423,RSC,27.1743207,77.9588661,Approved,Kiraoli,North,Agra,UTTAR PRADESH,TRUE,283122,,India
4746,RSC,27.542675,76.649033,Approved,Balwari,North,Rewari,HARYANA,TRUE,123411,,India
1271,RSC,21.27,71.9,Approved,Narnaul1,North,Narnaul,HARYANA,TRUE,123001,RSC/Narnaul1,India
6647,RSC,28.7784,76.3418,Approved,Bond Kalan,North,Bond Kalan,HARYANA,TRUE,127025,,India
6130,RSC,28.6977,77.7681,Approved,Hapur FM,North,Hapur,UTTAR PRADESH,TRUE,245101,,India
5942,RSC,29.1458423,77.6102688,Approved,Sardhana,North,Sardhana,UTTAR PRADESH,TRUE,250342,,India
3102,RSC,29.1002778,77.9117012,Approved,Mawana,North,Mawana,UTTAR PRADESH,TRUE,250401,,India
2867,RSC,29.450137,77.312206,Approved,Shamli,North,SHAMLI,UTTAR PRADESH,TRUE,247776,,India
6386,RSC,27.3223,77.7599,Approved,Farah,North,Mathura,UTTAR PRADESH,TRUE,281122,,India
4917,RSC,29.4113513,76.6519151,Approved,Safidon HR,North,Safidon,HARYANA,TRUE,126112,,India
2394,RSC,27.723215,77.507233,Approved,Chhata,North,CHHATA,UTTAR PRADESH,TRUE,281403,RSC/Chhata,India
2377,RSC,27.506,77.6794,Approved,Dauji,North,Dauji Bisawar,UTTAR PRADESH,TRUE,281301,RSC/Dauji,India
2013,RSC,27.10194,78.24082,Approved,Firozabad1,North,Firozabad,UTTAR PRADESH,TRUE,283203,RSC/Firozabad1,India
829,RSC,15.588919,12.34543,Approved,Doiwala,North,Doiwala,UTTARAKHAND,TRUE,248005,RSC/Doiwala,India
311,SC,29.511084,75.446455,Approved,Adampur,North,ADAMPUR,HARYANA,TRUE,125050,AMR,India
4962,SC,28.95,77.68,Approved,MRT/PKM,North,Meerut,UTTAR PRADESH,TRUE,250001,MRT/PKM,India
4897,SC,30.33,78.05,Approved,DEHRADUN-TML,North,Dehradun,UTTARAKHAND,TRUE,248001,DEUN,India
9512,RSC,24.230221,83.604253,Approved,RMN/RMN/LM1,East,Nagaruntari,JHARKHAND,TRUE,822128,RAMNA,India
9198,RSC,25.91101101,81.59919634,Approved,LLJ/AHR/LM,North,Pratapgarh,UTTAR PRADESH,TRUE,230132,lalganj,India
4328,RSC,21.1596,86.2463,Approved,Hatadihi,East,HATADIHI,Odisha,TRUE,758083,,India
5470,RSC,24.6848,85.9917,Approved,Gawan,East,Gawan,JHARKHAND,TRUE,815313,,India
5458,RSC,26.933759,84.944286,Approved,Adapur,East,Raxual,BIHAR,TRUE,845301,,India
6452,RSC,23.9521,87.2021,Approved,Kundahit,East,JAMTARA,JHARKHAND,TRUE,815359,,India
9679,SC,20.296508,85.8074278,Approved,BBN/NPL/FM1,East,Bhubaneswar,Odisha,TRUE,751015,Nayapalli,India
9674,SC,25.577211,85.101916,Approved,PAT/PAA/FM1,East,Patna,BIHAR,TRUE,800002,mahaveer colony,India
9667,Terminal,20,70,Approved,DummyTrackonFacility03,North,Rewari,HARYANA,TRUE,999007,Dummy,India
9664,Terminal,20,70,Approved,TestFacilityForLIVE01,North,Rewari,HARYANA,TRUE,999007,Dummy area,India
9657,SC,20,70,Approved,testNavigation,North,Rewari,HARYANA,TRUE,999007,Dummy,India
9248,RSC,25.96614617,82.00843505,Approved,PTG/MDG/LM1,North,Pratapgarh,UTTAR PRADESH,TRUE,230403,Madhavganj?,India
9053,RSC,26.1124,92.8648,Approved,Doboka,North East,Hojai,ASSAM,TRUE,782440,Doboka,India
9097,RSC,29.8849967,77.8253083,Approved,Iqbalpur/LM,North,Roorkee,UTTARAKHAND,TRUE,247668,Iqbalpur,India
9241,RSC,25.36562,82.46313,Approved,JLP/JLP/LM1,North,Jaunpur,UTTAR PRADESH,TRUE,222136,JALALPUR,India
9274,RVP,12.959144,77.591675,Approved,BLR/KMG/RP,South-2,BANGALORE,KARNATAKA,TRUE,560027,BLR/KMG,India
9360,SC,24.4086398,86.1643036,Approved,JMA/JMA/LM1,East,Jamua,JHARKHAND,TRUE,815315,Jamua ,India
6455,SC,25.576982,85.101961,Approved,PAT/PWS-EHV,East,Patna,BIHAR,TRUE,800002,PAT/PWS-EHV,India
4200,RSC,26.7075,85.3033,Approved,Bairgania,East,Bairgania,BIHAR,TRUE,843313,,India
2946,RSC,23.999979,91.995094,Approved,MANUGHAT,North East,Manoghat,TRIPURA,TRUE,799275,,India
2458,RSC,23.9705,91.4628,Approved,Mohanpur,North East,AGARTALA,TRIPURA,TRUE,799211,,India
2709,RSC,23.5774,91.5112,Approved,UDAIPURT,North East,Udaipur TR,TRIPURA,TRUE,799120,,India
3018,RSC,25.90681,90.636191,Approved,DEKACHANG,North East,Dekachang,MEGHALAYA,TRUE,794112,,India
4929,RSC,26.7617,91.8123,Approved,DIMAKUCHI,North East,UDALGURI,ASSAM,TRUE,784526,,India
3109,RSC,25.6746,89.8973,Approved,HATSINGIMARI,North East,Hatsingimari,ASSAM,TRUE,783135,,India
289,Hub,26.1030733,91.68411,Approved,GAU/HUB,North East,Guwahati,ASSAM,TRUE,781131,AZA,India
3271,RSC,21.6288,87.4554,Approved,Gazipur OR,East,GAZIPUR ORISSA,Odisha,TRUE,756085,,India
2498,RSC,20.7037,86.0835,Approved,Chandikhol,East,Chandikhole,Odisha,TRUE,755024,,India
5067,RSC,20.823,86.1961,Approved,Kuakhia1,East,JAJPUR ORISSA,Odisha,TRUE,755009,,India
6153,RSC,9.43652,76.44666,Approved,PULINCUNNU,South-2,Allapey,KERALA,TRUE,688504,,India
5671,RSC,9.660326,76.584755,Approved,ETTUMANOOR,South-2,Kottayam,KERALA,TRUE,686631,,India
5564,RSC,9.597218,76.503647,Approved,KUMARAKOM,South-2,Kottayam,KERALA,TRUE,686001,,India
6098,SC,10.8912879,76.3847791,Approved,OTP/TRD-TML,South-2,OTTAPALAM,KERALA,TRUE,679514,OTP/TRD,India
5800,SC,11.0150797,76.2301134,Approved,PMN/PKD-TML,South-2,Malappuram,KERALA,TRUE,679325,PMN/PKD-TML,India
5685,SC,11.006097,76.353111,Approved,MKD/ALR- TML,South-2,PALAKKAD,KERALA,TRUE,678601,MKD/ALR- TML,India
2913,RSC,25.8417,85.6897,Approved,Tajpur,East,TAJPUR,BIHAR,TRUE,622415,,India
4884,RSC,29.903839,73.87719,Approved,Lalgarh Jatan,North,Lalgarh Jattan,RAJASTHAN,TRUE,335037,,India
9606,SC,26.84950336,75.6363139,Approved,JAI/SRG/HV,North,Jaipur,RAJASTHAN,TRUE,302026,Sarangpura,India
3907,RSC,80.491139,27.384557,Approved,Naimisharanya,North,Naimisharanya,UTTAR PRADESH,TRUE,261401,,India
3902,RSC,26.050121,81.443024,Approved,Salon,North,Salon,UTTAR PRADESH,TRUE,229127,,India
4058,RSC,29.13755,76.69455,Approved,Barota,North,Barota,HARYANA,TRUE,131301,,India
3622,RSC,29.4035294,76.8057696,Approved,Madlauda HR,North,Madlauda HR,HARYANA,TRUE,132113,,India
5590,RSC,24.7734,82.6915,Approved,Rajgarh UP,North,Mirzapur,UTTAR PRADESH,TRUE,211210,,India
3581,RSC,27.0681,93.8503,Approved,BANDERDEWA,North East,BANDERDEWA,ASSAM,TRUE,784163,,India
3567,RSC,26.5643,92.8851,Approved,KALIABOR,North East,KALIABOR,ASSAM,TRUE,782143,,India
2949,RSC,23.0514,91.7247,Approved,SABROOM,North East,SABROOM,TRIPURA,TRUE,799145,,India
3305,RSC,26.19469,91.32769,Approved,NARAYANPUR,North East,Narayanpur,ASSAM,TRUE,784164,,India
5887,RSC,10.974149,79.265376,Approved,Thiruvaiyaru,South-2,Thanjavur,TAMIL NADU,TRUE,614203,Thiruvaiyaru,India
6209,RSC,10.84902442,78.966363,Approved,Budhalur,South-2,Thanjavur,TAMIL NADU,TRUE,613104,,India
9337,RSC,23.2693958,84.5536528,Approved,GUM/GHG/LM1,East,Gumla,JHARKHAND,TRUE,835208,GHAGHRA,India
3375,RSC,24.859534,92.745406,Approved,SRIKONA,North East,SRIKONA,ASSAM,TRUE,788026,,India
4655,RSC,26.56471,92.47642,Approved,ORANG,North East,ORANG,ASSAM,TRUE,784114,,India
6477,RSC,23.790848,91.265922,Approved,BADHARGHAT,North East,AGARTALA,TRIPURA,TRUE,799003,,India
4971,RSC,27.5712,95.1641,Approved,CHABUA,North East,Dibrugarh,ASSAM,TRUE,786184,,India
2284,RSC,24.8001,93.9185,Approved,Nambol,North East,Nambol,MANIPUR,TRUE,795001,RSC/Nambol,India
9324,RSC,25.053185,86.643447,Approved,MGR/SBJ/LM1,East,Banka,BIHAR,TRUE,813211,SHAMBHUGANJ,India
9323,RSC,26.56292,84.7181662,Approved,MKI/PKT/LM1,East,Motihari,BIHAR,TRUE,845416,Piprakothi,India
5214,RSC,25.9521,86.0428,Approved,Baheri BH,East,Baheri BH,BIHAR,TRUE,747574,,India
4859,RSC,23.2069,91.6566,Approved,JOLAIBARI,North East,SABROOM,TRIPURA,TRUE,799141,,India
2844,RSC,26.880077,93.60833,Approved,GOHPUR,North East,GOHPUR,ASSAM,TRUE,784168,,India
4128,RSC,26.7346,93.3187,Approved,BEHALI,North East,BEHALI,ASSAM,TRUE,784179,,India
2938,RSC,24.0041,91.6664,Approved,KHOWAI,North East,KHOWAI,TRIPURA,TRUE,799207,,India
2977,RSC,24.0685,92.2138,Approved,KANCHANPUR,North East,Kanchanpur,TRIPURA,TRUE,799270,,India
2846,RSC,26.746018,92.095943,Approved,UDALGURI,North East,UDALGURI,ASSAM,TRUE,784509,,India
1203,RSC,18.975808,71.9,Approved,Karimganj,North East,Karimganj,ASSAM,TRUE,788712,RSC/ Karimganj,India
4737,RSC,23.973317,86.789608,Approved,Jamtara1,East,JAMTARA,JHARKHAND,TRUE,815351,,India
4723,RSC,22.2777,86.2057,Approved,Rairangpur,East,Rairangpur,Odisha,TRUE,757043,,India
4661,RSC,25.3847,84.5537,Approved,Garhani,East,Garhani,BIHAR,TRUE,802203,,India
4651,RSC,24.2787,85.4685,Approved,Barhi JH,East,Barhi JH,JHARKHAND,TRUE,825405,,India
6741,RSC,26.295,93.9267,Approved,SARUPATHAR TOWN,North East,GOLAGHAT,ASSAM,TRUE,785601,,India
6579,RSC,26.4043,90.9725,Approved,HOWLY,North East,Howly,ASSAM,TRUE,781316,,India
4147,RSC,21.9302,86.651,Approved,Shamakhunta,East,Shamakhunta,Odisha,TRUE,757075,,India
3993,RSC,25.718273,85.616179,Approved,Khalispur,East,Khalispur,BIHAR,TRUE,625666,,India
6199,RSC,27.0564,93.9547,Approved,BONGALMARA,North East,Lakhimpur,ASSAM,TRUE,787054,,India
6187,RSC,26.5284894,91.72631222,Approved,GORESWAR,North East,Tamulpur,ASSAM,TRUE,781366,,India
6186,RSC,26.181972,92.131028,Approved,MAYONG,North East,Morigaon,ASSAM,TRUE,782411,,India
6056,RSC,24.340078,93.699782,Approved,NEW LAMKA,North East,Churchanpur,MANIPUR,TRUE,795128,,India
5842,RSC,27.526566,96.097918,Approved,DIYUN,North East,NAMSAI,ARUNACHAL PRADESH,TRUE,792103,,India
5798,RSC,23.749882,91.256402,Approved,SEKERKOTE,North East,AGARTALA,TRIPURA,TRUE,799130,,India
4264,RSC,10.92744479,79.27515,Approved,PAPANASAM,South-2,PAPANASAM,TAMIL NADU,TRUE,612001,,India
5610,RSC,27.60030556,93.82572222,Approved,ZIRO,North East,ZIRO,ARUNACHAL PRADESH,TRUE,791120,,India
5522,RSC,26.048757,90.197714,Approved,JOLESWAR,North East,Goalpara,ASSAM,TRUE,783132,,India
9192,RSC,24.80903,85.03923,,Gaya/LM-EHV,East,Gaya,BIHAR,TRUE,823002,GAYA,India
5128,RSC,24.9333,94.0185,Approved,WAITON,North East,Imphal,MANIPUR,TRUE,795114,,India
4051,RSC,9.21385,76.37417,Approved,Maramon,South-2,MARAMON,KERALA,TRUE,689123,,India
4928,RSC,26.651754,93.805819,Approved,KAMARGAON TINIALI,North East,GOLAGHAT,ASSAM,TRUE,785619,,India
2553,RSC,24.158361,83.778861,Approved,Garhwa,East,Garhwa,JHARKHAND,TRUE,822114,,India
2538,RSC,23.7014,86.5603,Approved,Baliapur,East,Baliapur,JHARKHAND,TRUE,828131,,India
6193,RSC,24.0299,84.0526,Approved,Shahpur Chowk,East,DALTONGANJ,JHARKHAND,TRUE,455096,,India
6163,RSC,19.1761,83.4234,Approved,Rayagada1,East,Rayagada,Odisha,TRUE,440994,,India
6101,RSC,20.3576,85.8085,Approved,Bhola,East,Bhola,Odisha,TRUE,754012,,India
5878,RSC,25.319139,85.40277,Approved,Chandi,East,Chandi,BIHAR,TRUE,868654,,India
5876,RSC,22.620077,84.508592,Approved,Simdega,East,Simdega,JHARKHAND,TRUE,560955,,India
4611,RSC,27.2786,94.09,Approved,NOWBOICHA,North East,NOWBOICHA,ASSAM,TRUE,787051,,India
4610,RSC,25.0611,92.5099,Approved,KATIGORAH,North East,KATIGORAH,ASSAM,TRUE,788804,,India
4537,RSC,24.5814,92.8079,Approved,DHOLAI,North East,Dholai,ASSAM,TRUE,788120,,India
4525,RSC,27.2204,94.4594,Approved,DHAKUAKHANA,North East,DHAKUAKHANA,ASSAM,TRUE,787055,,India
5757,RSC,24.306306,85.171385,Approved,Itkhori,East,Itkhori,JHARKHAND,TRUE,825408,,India
5754,RSC,26.19049,86.03558,Approved,Madhubani 1,East,MADHUBANI,BIHAR,TRUE,115951,,India
5603,RSC,25.19445,86.213,Approved,Sahebpur Kamal,East,KHAGARIA,BIHAR,TRUE,205706,,India
2497,RSC,19.5324,84.8881,Approved,Pursotampur,East,Purshotampur,Odisha,TRUE,761018,,India
2491,RSC,25.3139,85.2412,Approved,Hilsa,East,Hilsa,BIHAR,TRUE,801302,,India
4522,RSC,26.5201,92.8876,Approved,AMBAGAN,North East,AMBAGAN,ASSAM,TRUE,782120,,India
4409,RSC,26.3887,92.332,Approved,LAHORIGHAT,North East,LAHORIGHAT,ASSAM,TRUE,782127,,India
5602,RSC,25.9918,85.7769,Approved,Kalyanpur  BH,East,KASHICHAK,BIHAR,TRUE,848302,,India
2478,RSC,27.2038,75.5011,Approved,Godda,East,Godda,JHARKHAND,TRUE,146212,,India
4199,RSC,24.9039,93.7842,Approved,LAMSHANG,North East,LAMSHANG,MANIPUR,TRUE,795146,,India
4178,RSC,24.670108,92.879962,Approved,SONAIMUKH,North East,SONAIMUKH,ASSAM,TRUE,788119,,India
4080,RSC,26.2763,93.8974,Approved,BARPATHAR,North East,Barpathar,ASSAM,TRUE,785602,,India
4054,RSC,25.298514,89.852842,Approved,MAHENDRAGANJ,North East,mahendraganj,MEGHALAYA,TRUE,794106,,India
4007,RSC,26.3367,89.8411,Approved,TAMARHAT,North East,TAMARAHAT,ASSAM,TRUE,783333,,India
5455,RSC,19.053308,82.553009,Approved,Borigumma,East,Borigumma,Odisha,TRUE,212042,,India
5454,RSC,20.577,83.7836,Approved,Manamunda,East,Manamunda,Odisha,TRUE,762016,,India
5452,RSC,24.43436,85.52208,Approved,Jhumri Telaiya,East,JHUMRITILEIYA,JHARKHAND,TRUE,271372,,India
5225,RSC,21.5269,84.3676,Approved,Sindurpank,East,Jamankira,Odisha,TRUE,768107,,India
5155,RSC,21.5107,86.5199,Approved,Kaptipada,East,Kaptipada,Odisha,TRUE,757040,,India
4907,RSC,20.6354,86.226,Approved,Kampagarh,East,Kampagada,Odisha,TRUE,465826,,India
4905,RSC,25.2609,85.8384,Approved,Sarmera,East,Sarmera,BIHAR,TRUE,811104,,India
4560,RSC,19.9565,84.5799,Approved,Bhanjanagar,East,Bhanjanagar,Odisha,TRUE,761126,,India
4476,RSC,19.7425,84.3752,Approved,Surada,East,SURADA,Odisha,TRUE,761108,,India
4225,RSC,20.1608,86.287,Approved,Machhagaon,East,Machhagaon,Odisha,TRUE,754108,,India
4186,RSC,26.3878,86.4693,Approved,Khutauna,East,Khutauna,BIHAR,TRUE,258358,,India
4180,RSC,26.5318,86.1141,Approved,Jaynagar,East,Jaynagar BH,BIHAR,TRUE,847226,,India
4162,RSC,19.6466,84.9582,Approved,Kodala,East,KODALA,Odisha,TRUE,761032,,India
3791,RSC,25.909158,85.354943,Approved,Mahua,East,Mahua,BIHAR,TRUE,844134,,India
3790,RSC,24.8457,85.4066,Approved,Hisua,East,Hisua,BIHAR,TRUE,805103,,India
3742,RSC,25.830629,79.078194,Approved,Chouparan,East,Chouparan,JHARKHAND,TRUE,962374,,India
3693,RSC,21.467,83.5417,Approved,Barpali,East,Barpali,Odisha,TRUE,768029,,India
3595,RSC,25.0397,83.612297,Approved,Bhabua,East,Bhabua,BIHAR,TRUE,821101,,India
3594,RSC,25.2239,86.7215,Approved,Sultanganj,East,Sultanganj,BIHAR,TRUE,813213,,India
3583,RSC,18.8628,82.5686,Approved,Jeypore1,East,Jeypore,Odisha,TRUE,764001,,India
3560,RSC,25.0621,84.4593,Approved,Daudnagar,East,Daudnagar,BIHAR,TRUE,824143,,India
3554,RSC,26.1862,87.5594,Approved,Araria1,East,Araria,BIHAR,TRUE,854311,,India
3418,RSC,25.5843,84.2173,Approved,Brahmpur,East,Brahmpur BH,BIHAR,TRUE,802152,,India
3350,RSC,21.6444,86.651,Approved,Udala,East,UDALA,Odisha,TRUE,757085,,India
3338,RSC,19.9564,85.4221,Approved,Chandpur,East,CHANDPUR ORISSA,Odisha,TRUE,752024,,India
3316,RSC,25.956,84.5275,Approved,Ekma,East,EKMA,BIHAR,TRUE,841208,,India
3148,RSC,25.6756,85.8691,Approved,Dalsinghsarai,East,DALSINGHSARAI,BIHAR,TRUE,848114,,India
3135,RSC,20.6503,85.5972,Approved,Dhenkanal,East,DHENKANAL,Odisha,TRUE,759001,,India
5473,RSC,26.090398,85.074375,Approved,Paroo,East,SARAIYA,BIHAR,TRUE,915880,,India
2970,RSC,22.6493,86.3174,Approved,Jadugora,East,JADUGORA,JHARKHAND,TRUE,832304,,India
2841,RSC,23.975,86.0733,Approved,IsriBazar,East,ISRI BAZAR,JHARKHAND,TRUE,825167,,India
2835,RSC,19.6485,85.2308,Approved,Balugaon,East,BALUGAON,Odisha,TRUE,752030,,India
2792,RSC,26.0704,84.9193,Approved,Masrakh,East,MASHRAKH,BIHAR,TRUE,841424,,India
2367,RSC,24.48,85.4582,Approved,Koderma,East,Koderma,JHARKHAND,TRUE,825409,RSC/Koderma,India
2366,RSC,23.7658,85.7974,Approved,Gumia,East,Gumia,JHARKHAND,TRUE,846393,RSC/Gumia,India
2351,RSC,20.4865,84.2595,Approved,Phulbani,East,Phulbani,Odisha,TRUE,462760,RSC/Phulbani,India
2349,RSC,21.3303,83.6136,Approved,Bargarh,East,Bargarh,Odisha,TRUE,187090,RSC/Bargarh,India
2295,RSC,19.622,85.1272,Approved,Keshpur,East,Keshpur,Odisha,TRUE,225034,RSC/Keshpur,India
2210,RSC,19.8352,82.9717,Approved,Junagarh,East,Junagarh,Odisha,TRUE,539368,RSC/Junagarh,India
2207,RSC,20.5566,86.439,Approved,Kendrapara,East,Kendrapara,Odisha,TRUE,754211,RSC/Kendrapara,India
2180,RSC,23.177345,85.581028,Approved,Bundu,East,Bundu,JHARKHAND,TRUE,835204,RSC/Bundu,India
2086,RSC,26.4046,85.0441,Approved,Chakia,East,CHAKIA,BIHAR,TRUE,845412,RSC/Chakia,India
1891,RSC,23.788358,85.8883,Approved,BTPS,East,Bokaro,JHARKHAND,TRUE,829107,RSC/BTPS,India
1636,RSC,26.369284,86.089113,Approved,Madhubani,East,MADHUBANI,BIHAR,TRUE,847211,RSC/Madhubani,India
1635,RSC,21.76,71.67,Approved,Dumka Bazar,East,DUMKA,JHARKHAND,TRUE,814101,RSC/Dumka Bazar,India
1581,RSC,21.76,71.67,Approved,Lohardaga,East,LOHARDAGA,JHARKHAND,TRUE,835302,RSC/Lohardaga,India
1571,RSC,20.315872,86.586474,Approved,Paradeep,East,PARADEEP,Odisha,TRUE,754141,RSC/Paradeep,India
1408,RSC,24.2028876,86.3071668,Approved,Giridih,East,GIRIDIH,JHARKHAND,TRUE,876189,RSC/Giridih,India
3703,RSC,28.0197,96.1951,Approved,TEZU,North East,TEZU,ARUNACHAL PRADESH,TRUE,792001,,India
3513,RSC,26.7373,93.1981,Approved,BISWANATHCHARALI,North East,BISWANATH CHARIALI,ASSAM,TRUE,784176,,India
3509,RSC,24.6809,92.5648,Approved,ALGAPUR,North East,Hailakandi,ASSAM,TRUE,788151,,India
3710,RSC,24.6369,92.332,Approved,PATHARKANDI,North East,PATHARKANDI,ASSAM,TRUE,788724,,India
3449,RSC,26.2436,93.1378,Approved,HOWRAGHAT,North East,Howraghat,ASSAM,TRUE,782481,,India
3374,RSC,26.3949,90.5069,Approved,ABHAYAPURI,North East,Abhayapuri,ASSAM,TRUE,783384,,India
3373,RSC,26.4312,89.9907,Approved,GOSSAIGAON,North East,Gossaigaon,ASSAM,TRUE,783360,,India
3236,RSC,23.47752,91.270256,Approved,SONAMURA TOWN,North East,Sonamura,TRIPURA,TRUE,799131,,India
3195,RSC,26.2314,92.5594,Approved,RAHA,North East,RAHA,ASSAM,TRUE,782103,,India
9143,RSC,20.840486,85.2149,Approved,Banarpal/LM,East,Angul,Odisha,TRUE,759128,Banarpal,India
9142,RSC,20.692687,85.179772,Approved,Mahidharpur/LM,East,Angul,Odisha,TRUE,759040,Mahidharpur,India
3168,RSC,26.19428,91.00259,Approved,BARPETATOWN,North East,BARPETA,ASSAM,TRUE,781301,,India
3160,RSC,23.517754,91.654121,Approved,AMARPUR,North East,Amarpur,TRIPURA,TRUE,799101,,India
3068,RSC,26.25466,91.3718,Approved,RANGIYA,North East,Rangiya,ASSAM,TRUE,781354,,India
3021,RSC,26.9199,94.7614,Approved,SIMALUGURI,North East,Simaluguri,ASSAM,TRUE,785686,,India
3066,RSC,23.67322,91.281715,Approved,BISHALGARH,North East,Bishalgarh,TRIPURA,TRUE,799102,,India
2972,RSC,26.0403,92.6785,Approved,KAMPUR,North East,Kampur,ASSAM,TRUE,782426,,India
2947,RSC,26.3603,90.1027,Approved,SAPATGRAM,North East,Sapatgram,ASSAM,TRUE,783337,,India
2932,RSC,26.4448,91.4217,Approved,NALBARI,North East,Nalbari,ASSAM,TRUE,781334,,India
2931,RSC,27.8738,95.7932,Approved,SADIYA,North East,Sadiya,ASSAM,TRUE,786157,,India
2907,RSC,9.28722,92.8722,Approved,UDARBOND,North East,udarbond,ASSAM,TRUE,788030,,India
1034,RSC,14.550632,76.641358,Approved,Umerkote,East,Umerkote,Odisha,TRUE,764073,RSC/Umerkote,India
2878,RSC,26.1153559,92.0778238,Approved,KHETRI,North East,Khetri,ASSAM,TRUE,782403,,India
2843,RSC,25.0463,92.6785,Approved,BIHARA,North East,BIHARA,ASSAM,TRUE,788817,,India
2810,RSC,24.153442,92.034557,Approved,KUMARGHAT,North East,KUMARGHAT,TRIPURA,TRUE,799264,,India
2761,RSC,25.3550489,92.3686277,Approved,KHLIEHRIAT,North East,Khliehriat,MEGHALAYA,TRUE,793200,,India
2699,RSC,26.91887,94.47793,Approved,TEOK,North East,TEOK,ASSAM,TRUE,785112,,India
5758,RSC,24.282788,83.506145,Approved,Nagaruntari,East,Nagaruntari,JHARKHAND,TRUE,822121,,India
5442,RSC,23.8594948,85.2212942,Approved,Barkagaon,East,Barkagaon,JHARKHAND,TRUE,825311,,India
2694,RSC,24.6779,92.552,Approved,SHIVBARI,North East,SHIVBARI,ASSAM,TRUE,788166,,India
2609,RSC,10.6644,10.6644,Approved,Wadakkanchery,South-2,Wadakkanchery,KERALA,TRUE,680541,,India
9107,RSC,27.138298,93.763711,Approved,DOIMUKH,North East,Naharlagun,ARUNACHAL PRADESH,TRUE,791112,DOIMUKH,India
4298,RSC,24.0657,85.91,Approved,Bagodar,East,Bagodar,JHARKHAND,TRUE,825322,,India
5466,RSC,21.4653,83.535,Approved,Bhatli,East,Bhatli,Odisha,TRUE,906138,,India
3166,RSC,26.157521,90.616341,Approved,GOALPARA TOWN,North East,Goalpara,ASSAM,TRUE,783101,,India
2531,RSC,8.380105,76.99104,Approved,Vizhinjam,South-2,Vizhinjam,KERALA,TRUE,695521,,India
2301,RSC,24.3838,92.1892,Approved,DHARMANAGAR,North East,Dharmanagar,TRIPURA,TRUE,799250,RSC/ DHARMANAGAR,India
2607,RSC,26.6535,94.31,Approved,MARIANI,North East,Mariani,ASSAM,TRUE,785634,,India
2587,RSC,27.234,94.0083,Approved,NORTHLAKHIMPUR,North East,Lakhimpur,ASSAM,TRUE,787031,,India
2582,RSC,26.5411,93.9776,Approved,GOLAGHAT,North East,GOLAGHAT,ASSAM,TRUE,785621,,India
4033,RSC,25.2349,85.7564,Approved,Barbigha,East,BARBIGHA,BIHAR,TRUE,693298,,India
2496,RSC,25.374567,87.079252,Approved,Naugachia,East,Naugachia,BIHAR,TRUE,199861,,India
2305,RSC,24.3669,86.0835,Approved,Jamua,East,Jamua,JHARKHAND,TRUE,815315,RSC/Jamua,India
4906,RSC,20.9781,86.1141,Approved,Balisahi,East,Balisahi,Odisha,TRUE,756439,,India
2480,RSC,26.6345,93.561,Approved,BOKAKHAT,North East,BOKAKHAT,ASSAM,TRUE,785612,,India
2469,RSC,25.9197,91.0012,Approved,DHUPDHARA,North East,Goalpara,ASSAM,TRUE,783123,,India
4692,RSC,25.87,91.8337,Approved,NONGPOH,North East,NONGPOH,MEGHALAYA,TRUE,793102,,India
2457,RSC,24.3094,91.9784,Approved,Kailashahar,North East,AGARTALA,TRIPURA,TRUE,799277,,India
2455,RSC,27.1205,94.987,Approved,MORAN,North East,Moran,ASSAM,TRUE,785675,,India
2046,RSC,3423423423,40329402349,Approved,RSCDummy1,South-1,PUNE,MAHARASHTRA,TRUE,414141,RSCDummy1,India
2330,RSC,27.1399,95.4149,Approved,Namrup,North East,Namrup,ASSAM,TRUE,786623,RSC/Namrup,India
2306,RSC,26.7202,93.8859,Approved,Dergaon,North East,Dergaon,ASSAM,TRUE,785614,RSC/Dergaon,India
2262,RSC,27.1134,93.6928,Approved,Nirjuli,North East,Naharlagun,ARUNACHAL PRADESH,TRUE,791110,RSC/Nirjuli,India
2229,RSC,23.776,92.6686,Approved,Chhawlhhum,North East,AIZAWL,MIZORAM,TRUE,796014,RSC/Chhawlhhum,India
2181,RSC,25.229,93.0376,Approved,HAFLONG,North East,Haflong,ASSAM,TRUE,788819,RSC/HAFLONG,India
983,RSC,24.7491089,92.5932017,Approved,Hailakandi,North East,Hailakandi,ASSAM,TRUE,788151,RSC/Hailakandi,India
2927,RSC,26.6581,92.4406,Approved,DHEKIAJULI,North East,DHEKIAJULI,ASSAM,TRUE,784110,,India
5611,RSC,26.73283333,92.96744444,Approved,KUSUMTOLA,North East,Tezpur,ASSAM,TRUE,784189,,India
2043,RSC,28.0667,95.3275,Approved,Pashighat,North East,Pashighat,ASSAM,TRUE,791102,RSC/Pashighat,India
2033,RSC,26.4807,92.4703,Approved,Dhing,North East,Dhing,ASSAM,TRUE,782123,RSC/Dhing,India
2032,RSC,26.02,91.23,Approved,Chaygaon,North East,Chaygaon,ASSAM,TRUE,781124,RSC/Chaygaon,India
3582,RSC,26.6082,91.0936,Approved,BARPETA ROAD,North East,BARPETA,ASSAM,TRUE,781315,,India
5125,RSC,26.0089,84.8464,Approved,Nagra,East,Nagra,BIHAR,TRUE,841411,,India
5188,RSC,25.0931,84.0379,Approved,Nokha BH,East,NokhaBR,BIHAR,TRUE,802215,,India
6356,RSC,25.59533,92.5457,Approved,NILBAGAN,North East,Hojai,ASSAM,TRUE,782445,,India
2264,RSC,21.46,86.109,Approved,Barbil,East,Barbil,Odisha,TRUE,758035,RSC/Barbil,India
3182,RSC,26.621377,91.572241,Approved,TAMULPUR,North East,Tamulpur,ASSAM,TRUE,781367,,India
3175,RSC,24.2421,92.5198,Approved,KATLICHARA,North East,Katlichara,ASSAM,TRUE,788162,,India
1730,RSC,26.8257,92.7755,Approved,Balipara,North East,Balipara,ASSAM,TRUE,784101,RSC/Balipara,India
3306,RSC,26.3507,91.6664,Approved,BAIHATA CHARIALI,North East,baihata,ASSAM,TRUE,781381,,India
3297,RSC,25.1795,94.1104,Approved,KANGPOPKI,North East,Kangpopki,MANIPUR,TRUE,795129,,India
7108,RSC,10.896305,77.015167,Approved,Ottakkalmandapam,South-2,Malumichampatti,TAMIL NADU,TRUE,641032,,India
5697,RSC,26.6963878,92.5582604,Approved,THELAMARA,North East,DHEKIAJULI,ASSAM,TRUE,784149,,India
4609,RSC,24.682117,92.344102,Approved,KAYASTHAGRAM,North East,KAYASTHAGRAM,ASSAM,TRUE,788723,,India
4990,RSC,26.439,91.0778,Approved,BHABANIPUR,North East,BARPETA,ASSAM,TRUE,781352,,India
4312,RSC,11.188709,77.281859,Approved,Rayarkoil,South-2,Rayarkoil,TAMIL NADU,TRUE,641654,,India
5561,RSC,10.57519,78.05017,Approved,Mayanur,South-2,Karur,TAMIL NADU,TRUE,639001,,India
9361,RSC,27.2081,94.8313,Approved,GOBOLT/DBG/HV,North East,Dibrugarh,ASSAM,TRUE,786012,Dibrugarh,India
9055,RSC,23.219463,91.61583,Approved,BAIKHORA,North East,SABROOM,TRIPURA,TRUE,799141,BAIKHORA,India
1307,RSC,25.27,77,Approved,Dhemaji,North East,Dhemaji,ASSAM,TRUE,787057,RSC/Dhemaji,India
1309,RSC,27,76,Approved,Gogamukh,North East,GOGAMUKH,ASSAM,TRUE,787034,RSC/Gogamukh,India
1268,RSC,25.9111,92.9609,Approved,Lanka,North East,LANKA,ASSAM,TRUE,782446,RSC/Lanka,India
1392,RSC,21.76,68.94,Approved,Samastipur,East,Samastipur,BIHAR,TRUE,848101,RSC/Samastipur,India
1234,RSC,24.314703,93.418034,Approved,Churchanpur,North East,Churchanpur,MANIPUR,TRUE,785128,RSC/Churchanpur,India
2954,RSC,24.720515,92.830356,Approved,SILCOORIE,North East,SILCOORIE,ASSAM,TRUE,788112,,India
1176,RSC,24.868412,92.563911,Approved,Badarpur,North East,Badarpur,ASSAM,TRUE,788806,RSC/Badarpur,India
9394,RSC,25.718363,86.590974,Approved,SHS/SMB/LM1,East,Saharsa,BIHAR,TRUE,852127,Simri Bakhtiyarpur,India
4499,RSC,10.31534,77.56535,Approved,Vedasanthur,South-2,Vedasanthur,TAMIL NADU,TRUE,624709,,India
4496,RSC,11.345037,77.710184,Approved,SA Erode,South-2,Erode,TAMIL NADU,TRUE,638004,,India
5792,RSC,10.782184,79.176828,Approved,Saliyamangalam,South-2,PAPANASAM,TAMIL NADU,TRUE,613501,Saliyamangalam,India
5594,RSC,21.0318,83.8897,Approved,Ullunda,East,Ulunda,Odisha,TRUE,918596,,India
2663,RSC,12.519828,78.213711,Approved,Krishnagiri1,South-2,Krishnagiri,TAMIL NADU,TRUE,635001,,India
450,RSC,26.346371,92.684044,Approved,Nagaon,North East,Nagaon,ASSAM,TRUE,782002,RSC/Nagaon,India
3570,RSC,25.8834896,82.4424624,Approved,Badlapur UP,North,Badlapur,UTTAR PRADESH,TRUE,222125,,India
9253,RVP,13.0326858,77.735041,Approved,BLR/AMB/RP,South-2,BANGALORE,KARNATAKA,TRUE,560049,avalahalli,India
9550,RVP,30.47545,74.52093,Approved,MTR/MTR/RP,North,Muktsar,PUNJAB,TRUE,151026,Muktsar,India
9549,SC,30.47545,74.52093,Approved,MTR/MTR/HV,North,Muktsar,PUNJAB,TRUE,151026,Muktsar,India
9544,RVP,30.198609,74.492069,Approved,MLT/MLT/RP,North,MALOUT,PUNJAB,TRUE,152107,Aman nagar,India
9543,SC,30.198609,74.492069,Approved,MLT/MLT/HV,North,MALOUT,PUNJAB,TRUE,152107,Aman nagar,India
9542,RVP,29.9407931,76.070667,Approved,PTA/PRN/RP,North,Patran,PUNJAB,TRUE,147105,NARWANA ROAD,India
9541,SC,29.9407931,76.070667,Approved,PTA/PRN/HV,North,Patran,PUNJAB,TRUE,147105,NARWANA ROAD,India
9536,RVP,31.65634,74.91908,Approved,AMT/BVK/RP,North,AMRITSAR,PUNJAB,TRUE,143003,Rajesh Nagar,India
9535,SC,31.65634,74.91908,Approved,AMT/BVK/HV,North,AMRITSAR,PUNJAB,TRUE,143003,Rajesh Naga,India
9530,Hub TSP,17.482157,78.427207,Approved,HYD/KKP/BB,South-1,Hyderabad,TELANGANA,TRUE,500072,KUKATPALLY,India
9528,SC,26.124604,85.6648,Approved,GGT/GGT/LM1,East,Simri,BIHAR,TRUE,847107,Gaighat,India
9013,SC,16.237926,77.786598,Approved,Gadwal1 SVC,South-1,GADWAL,TELANGANA,TRUE,509125,Raghavendra Colony,India
7035,RSC,10.1040579,76.3711735,Approved,ALWAYE,South-2,Ernakulam,KERALA,TRUE,683101,,India
9460,SC,12.92003073,77.48112202,Approved,DummyDMGFacility,West,PUNE,MAHARASHTRA,TRUE,999002,Pune,India
515,RSC,20,70,Approved,Dummy,North,Rewari,HARYANA,TRUE,999007,RSC/Dummy,India
9145,SC,28.36409,77.99565,Approved,Salemgarh/LM,North,Kallikkad,UTTAR PRADESH,TRUE,274409,Salemgarh,India
169,SC,8.693202632,77.72991783,Approved,Tirunelveli,South-2,TIRUNELVELI,TAMIL NADU,TRUE,627007,TVL,India
9427,SC,24.2760246,85.9237661,Approved,BNI/BNI/LM1,East,Bagodar,JHARKHAND,TRUE,825322,Birni,India
1764,Transportation-M,22.7627575,88.3054748,Approved,CCU/HUB-TSP,East,Kolkata,WEST BENGAL,TRUE,712204,SEE1,India
2387,Hub,23.434355,45.42424,Approved,KNP/RTO,North,Kanpur,UTTAR PRADESH,TRUE,208022,PIA,India
9131,SC,26.460645,85.076396,Approved,Pupri1,East,Pupri,BIHAR,TRUE,843320,Pupri,India
336,SC,10.0318711,76.302061,Approved,COK/EDY,South-2,Cochin,KERALA,TRUE,682034,COK/EDY,India
102,SC,11.3493394,77.7115712,Approved,Erode,South-2,Erode,TAMIL NADU,TRUE,638004,EDE,India
6469,SC,33.5727,82.3011,Approved,Chennai/DUMMY-TEST PRODUCTION,South-2,Chennai,TAMIL NADU,TRUE,578909,Chennai/DUMMY-TEST PRODUCTION,India
568,SC,27.891641,76.29438,Approved,Neemrana,North,Neemrana,RAJASTHAN,TRUE,301713,NMR,India
840,SC,10.96230014,78.06552071,Approved,Karur,South-2,Karur,TAMIL NADU,TRUE,639001,KRR,India
1393,RSC,21.76,68.94,Approved,Nawada,East,NAWADA,BIHAR,TRUE,805110,RSC/Nawada,India
1906,SC,10.2385398,77.5034283,Approved,KODAIKANAL,South-2,KODAIKANAL,TAMIL NADU,TRUE,624101,KODA,India
2235,SC,25.5639676,83.9829305,Approved,Buxar,East,Buxar,BIHAR,TRUE,802101,BXR,India
2445,RSC,9.8616,76.5957,Approved,Koothattukulam,South-2,Koothattukulam,KERALA,TRUE,686662,,India
3633,SC,21.877044,84.021503,Approved,Jharsuguda1,East,Jharsuguda,Odisha,TRUE,768203,JHS1,India
4450,SC,9.7503448,77.1127566,Approved,KATTAPPANA,South-2,Kattapana,KERALA,TRUE,685515,KTPA,India
4694,SC,23.3488136,85.3183449,Approved,RNC/KDR-EHV,East,Ranchi,JHARKHAND,TRUE,834002,RNC/KDR-EHV,India
6049,SC,8.693561234,77.72995014,Approved,TIRUNELVELI-TML,South-2,TIRUNELVELI,TAMIL NADU,TRUE,627007,TRYL,India
5570,SC,11.114798,76.940107,Approved,CJB/PNP-TML,South-2,Coimbatore,TAMIL NADU,TRUE,641031,CJB/PNP-TML,India
5897,SC,10.714265,76.604566,Approved,VKC/KMN-TML,South-2,Vadakkenchery,KERALA,TRUE,678702,VKC/KMN-TML,India
9012,SC,22.6705675,88.2123631,Approved,Meesho/CCU-Hub,East,Kolkata,WEST BENGAL,TRUE,712204,peyaranpur,India
9044,SC,26.488601,90.96463,Approved,BPT/FM,North East,BARPETA,ASSAM,TRUE,781315,Barpeta Road,India
9183,RSC,34.637673,74.998217,Approved,BGH/BGH/LM,North,Bagha Purana,PUNJAB,TRUE,142049,BAGHA PURANA,India
9286,RSC,8.783975,77.671286,Approved,TRN/RST/LM1,South-2,TIRUNELVELI,TAMIL NADU,TRUE,627358,Rastha,India
9350,SC,22.533392,88.29,Approved,CCU/IB3/HV,East,BATANAGAR,WEST BENGAL,TRUE,700024,GARDEN REACH,India
9351,SC,25.5534347,85.1830366,Approved,PAT/HUB/HV,East,Patna,BIHAR,TRUE,800007,Patna,India
9352,SC,24.312339,85.327592,Approved,RAN/HUB/HV,East,Ranchi,JHARKHAND,TRUE,834010,Ranchi,India
4786,Terminal,20.26,85.85,Approved,JAJ/GBR-TML,East,jajpur road,Odisha,TRUE,613029,JAJ/GBR-TML,India
6207,RSC,9.996917,76.583278,Approved,VELLOORKUNNAM,South-2,Ernakulam,KERALA,TRUE,686673,,India
156,SC,10.55924219,77.2375704,Approved,Udmalpet,South-2,Udumalaipettai,TAMIL NADU,TRUE,642126,UPT,India
5528,SC,25.0196626,84.4298041,Approved,Daudnagar1,East,Aurangabad BH,BIHAR,TRUE,824143,DAUZ,India
1446,SC,10.78197942,79.63032637,Approved,Tiruvarur,South-2,Tiruvarur,TAMIL NADU,TRUE,610001,TVR,India
480,SC,10.1714244,76.4466849,Approved,COK/NDS,South-2,Cochin,KERALA,TRUE,683574,COK/NDS,India
6084,SC,11.0931615,77.3576861,Approved,TIRUPUR/SOUTH-TML,South-2,Tirupur,TAMIL NADU,TRUE,641604,TIRUPUR/SOUTH-TML,India
6468,SC,32.5727,81.3011,Approved,BLR/DUMMY-TEST PRODUCTION,South-2,BANGALORE,KARNATAKA,TRUE,565656,BLR/DUMMY-TEST PRODUCTION,India
24,Hub,42.09281359,24.37332887,Approved,CCU/HUB,East,Kolkata,WEST BENGAL,TRUE,712223,SEE,India
1178,SC,23.49833333,87.33944444,Approved,Durgapur,East,DURGAPUR,WEST BENGAL,TRUE,713211,DGP1,India
2037,RSC,26.0269378,89.970221,Approved,Dhuburi,North East,Goalpara,ASSAM,TRUE,783325,RSC/Dhuburi,India
5803,SC,11.1047391,77.1688157,Approved,TRPSNR/WEST-TML,South-2,Tirupur,TAMIL NADU,TRUE,641659,TRPSNR/WEST-TML,India
4042,RSC,20.3362,82.7671,Approved,Khariar,East,KHARIAR,Odisha,TRUE,913114,,India
1861,Hub,21,78,Approved,VIJ/RTO,South-1,Vijayawada,ANDHRA PRADESH,TRUE,521104,NIU,India
302,Hub,26.973944,75.774944,Approved,JAI/RTO,North,Jaipur,RAJASTHAN,TRUE,302000,VKI,India
3695,RSC,23.065569,72.599904,Approved,AMD/NRP,West,Ahmedabad,GUJARAT,TRUE,380013,,India
6753,Hub,26.906409,75.846305,Approved,RTO/JPR,North,Jaipur,RAJASTHAN,TRUE,302003,TNR,India
5997,SC,11.0115889,76.989082,Approved,CJB/SOUTH-TML,South-2,Coimbatore,TAMIL NADU,TRUE,641045,CJB/SOUTH-TML,India
5360,SC,10.997119,76.932605,Approved,CJB/SVP-TML,South-2,Coimbatore,TAMIL NADU,TRUE,641039,CJB/SVP-TML,India
6575,SC,26.152765,91.649603,Approved,GAU/Lankeswar-TML,North East,Guwahati,ASSAM,TRUE,781012,GAU/Lankeswar-TML,India
6428,SC,9.9480344,76.2919664,Approved,COK/KAD-TML,South-2,Cochin,KERALA,TRUE,682015,COK/KAD-TML,India
6355,SC,25.622158,87.399881,Approved,FALKA,East,Gerabari,BIHAR,TRUE,854108,FLKA,India
6152,SC,26.0659572,86.1422636,Approved,Benipur,East,Benipur,BIHAR,TRUE,847103,BENI,India
6095,SC,10.9635057,78.0772584,Approved,KARUR-TML,South-2,Karur,TAMIL NADU,TRUE,639001,KRML,India
6071,SC,11.250126,78.165971,Approved,NAMAKKAL-TML,South-2,Namakkal,TAMIL NADU,TRUE,637003,NAKK,India
5983,SC,27.1055079,84.0777643,Approved,BAGAHA,East,Bagaha,BIHAR,TRUE,845101,BAGX,India
5986,SC,26.3584,84.33738,Approved,Mirganj,East,Gopalganj,BIHAR,TRUE,841438,SAHH,India
5406,RSC,11.241978,78.863556,Approved,Siruvachur,South-2,Perambalur,TAMIL NADU,TRUE,621212,,India
5404,RSC,10.8181,78.6484,Approved,Jeeyapuram,South-2,Trichy,TAMIL NADU,TRUE,621216,,India
5346,SC,25.59201803,85.1917865,Approved,PAT/GZB-TML,East,Patna,BIHAR,TRUE,800007,PAT/GZB-TML,India
5151,SC,24.699998,84.959579,Approved,BODHGAYA-TML,East,Gaya,BIHAR,TRUE,824231,BDTM,India
4934,SC,10.8,78.7,Approved,Trichy/West-TML,South-2,Trichy,TAMIL NADU,TRUE,620008,Trichy/West-TML,India
4736,SC,23.4019597,85.3569247,Approved,RNC/BRT-TML,East,Ranchi,JHARKHAND,TRUE,834009,RNC/BRT-TML,India
4682,SC,22.770357,86.225017,Approved,JMD/BGB-TML,East,Jamshedpur,JHARKHAND,TRUE,831004,JMD/BGB-TML,India
2937,SC,25.57,91.89,Approved,SHL/NGR,North East,Shillong,MEGHALAYA,TRUE,793001,SHL/NGR,India
2898,RSC,11.239857,77.506167,Approved,Vijayamangalam,South-2,VIJAYAMANGALAM,TAMIL NADU,TRUE,638056,,India
